compressed_script,encryption,crypt_aes,crypt_blowfish,transaction_control,txc_mvlocks,txc_mvcc,txc_locks,table_type,memory_tables,cached_tables,small_cache,large_cache,logging,detailed_logging,no_write_delay,small_log,Benchmark-energy-,Benchmark-time-,Benchmark-cpu-
0,0,0,0,1,0,0,1,1,1,0,0,0,0,0,0,0,6.6386,248.6,2.042798
0,1,1,0,1,0,0,1,1,1,0,0,0,0,0,0,0,6.6458,249.8,2.044651
0,1,1,0,1,0,0,1,1,1,0,0,0,1,0,0,0,6.6662,250.6,2.037751
0,1,1,0,1,0,0,1,1,1,0,0,0,1,0,1,0,6.7028,250,2.078869
0,1,1,0,1,0,0,1,1,1,0,0,0,1,0,1,1,6.6742,251.4,2.244545
0,1,1,0,1,0,0,1,1,1,0,0,0,1,0,0,1,6.7226,251.4,2.250598
0,1,1,0,1,0,0,1,1,1,0,0,0,1,1,0,0,6.6576,250.2,2.055159
0,1,1,0,1,0,0,1,1,1,0,0,0,1,1,1,0,6.6166,250,2.044578
0,1,1,0,1,0,0,1,1,1,0,0,0,1,1,1,1,6.6998,251.4,2.266731
0,1,1,0,1,0,0,1,1,1,0,0,0,1,1,0,1,6.749,251.6,2.256508
0,1,1,0,1,0,1,0,1,1,0,0,0,0,0,0,0,6.6902,250.2,2.105181
0,1,1,0,1,0,1,0,1,1,0,0,0,1,0,0,0,6.6706,250,2.101446
0,1,1,0,1,0,1,0,1,1,0,0,0,1,0,1,0,6.6872,249.6,2.12525
0,1,1,0,1,0,1,0,1,1,0,0,0,1,0,1,1,6.6996,251.2,2.338738
0,1,1,0,1,0,1,0,1,1,0,0,0,1,0,0,1,6.7306,251.2,2.278191
0,1,1,0,1,0,1,0,1,1,0,0,0,1,1,0,0,6.6764,250,2.12786
0,1,1,0,1,0,1,0,1,1,0,0,0,1,1,1,0,6.6312,250,2.087002
0,1,1,0,1,0,1,0,1,1,0,0,0,1,1,1,1,6.7456,251.4,2.309039
0,1,1,0,1,0,1,0,1,1,0,0,0,1,1,0,1,6.7104,251.4,2.336801
0,1,1,0,1,0,1,0,1,1,0,0,0,0,0,1,0,6.652,249.6,2.137624
0,1,1,0,1,0,1,0,1,1,0,0,0,0,0,1,1,6.7294,251.4,2.334801
0,1,1,0,1,0,1,0,1,1,0,0,0,0,0,0,1,6.7208,251.2,2.312983
0,1,1,0,1,1,0,0,1,1,0,0,0,0,0,0,0,6.6674,249.8,2.154108
0,1,1,0,1,1,0,0,1,1,0,0,0,1,0,0,0,6.6332,249.4,2.124789
0,1,1,0,1,1,0,0,1,1,0,0,0,1,0,1,0,6.6766,249.6,2.176183
0,1,1,0,1,1,0,0,1,1,0,0,0,1,0,1,1,6.6918,251.4,2.338497
0,1,1,0,1,1,0,0,1,1,0,0,0,1,0,0,1,6.7098,251,2.354133
0,1,1,0,1,1,0,0,1,1,0,0,0,1,1,0,0,6.651,249.6,2.119857
0,1,1,0,1,1,0,0,1,1,0,0,0,1,1,1,0,6.6392,249.4,2.147718
0,1,1,0,1,1,0,0,1,1,0,0,0,1,1,1,1,6.7428,251.4,2.441822
0,1,1,0,1,1,0,0,1,1,0,0,0,1,1,0,1,6.7088,251.4,2.369803
0,1,1,0,1,1,0,0,1,1,0,0,0,0,0,1,0,6.6628,249.4,2.137985
0,1,1,0,1,1,0,0,1,1,0,0,0,0,0,1,1,6.7286,251.2,2.334847
0,1,1,0,1,1,0,0,1,1,0,0,0,0,0,0,1,6.7186,251.2,2.359191
0,1,1,0,1,0,0,1,1,1,0,0,0,0,0,1,0,6.6504,250,2.06869
0,1,1,0,1,0,0,1,1,1,0,0,0,0,0,1,1,6.7418,251,2.271303
0,1,1,0,1,0,0,1,1,1,0,0,0,0,0,0,1,6.708,251.4,2.235233
0,1,0,1,1,0,0,1,1,1,0,0,0,0,0,0,0,9.7376,320.6,7.144308
0,1,0,1,1,0,0,1,1,1,0,0,0,1,0,0,0,8.7084,321.2,7.125176
0,1,0,1,1,0,0,1,1,1,0,0,0,1,0,1,0,8.9072,321.2,7.294169
0,1,0,1,1,0,0,1,1,1,0,0,0,1,0,1,1,8.795,322,7.291829
0,1,0,1,1,0,0,1,1,1,0,0,0,1,0,0,1,9.8146,321.8,7.260632
0,1,0,1,1,0,0,1,1,1,0,0,0,1,1,0,0,8.6934,320.8,7.1048
0,1,0,1,1,0,0,1,1,1,0,0,0,1,1,1,0,8.8766,320.8,7.272121
0,1,0,1,1,0,0,1,1,1,0,0,0,1,1,1,1,8.836,322.2,7.273416
0,1,0,1,1,0,0,1,1,1,0,0,0,1,1,0,1,9.785,322.4,7.26625
0,1,0,1,1,0,1,0,1,1,0,0,0,0,0,0,0,8.7994,320.4,7.207088
0,1,0,1,1,0,1,0,1,1,0,0,0,1,0,0,0,8.8484,320.8,7.215924
0,1,0,1,1,0,1,0,1,1,0,0,0,1,0,1,0,9.1014,321.2,7.226081
0,1,0,1,1,0,1,0,1,1,0,0,0,1,0,1,1,9.8,321.8,7.338948
0,1,0,1,1,0,1,0,1,1,0,0,0,1,0,0,1,9.1618,321.8,7.286681
0,1,0,1,1,0,1,0,1,1,0,0,0,1,1,0,0,8.8638,320.2,7.184294
0,1,0,1,1,0,1,0,1,1,0,0,0,1,1,1,0,9.1286,320.6,7.293172
0,1,0,1,1,0,1,0,1,1,0,0,0,1,1,1,1,9.1458,321.8,7.296816
0,1,0,1,1,0,1,0,1,1,0,0,0,1,1,0,1,9.7276,321.4,7.29329
0,1,0,1,1,0,1,0,1,1,0,0,0,0,0,1,0,9.764,320.4,7.254808
0,1,0,1,1,0,1,0,1,1,0,0,0,0,0,1,1,8.856,321.6,7.359107
0,1,0,1,1,0,1,0,1,1,0,0,0,0,0,0,1,8.7108,321.8,7.27695
0,1,0,1,1,1,0,0,1,1,0,0,0,0,0,0,0,8.7026,320.2,7.312602
0,1,0,1,1,1,0,0,1,1,0,0,0,1,0,0,0,8.708,320.2,7.218419
0,1,0,1,1,1,0,0,1,1,0,0,0,1,0,1,0,8.8804,320,7.288339
0,1,0,1,1,1,0,0,1,1,0,0,0,1,0,1,1,8.8088,321.8,7.304198
0,1,0,1,1,1,0,0,1,1,0,0,0,1,0,0,1,9.7812,322,7.328411
0,1,0,1,1,1,0,0,1,1,0,0,0,1,1,0,0,8.6818,320,7.183135
0,1,0,1,1,1,0,0,1,1,0,0,0,1,1,1,0,9.7584,320.2,7.210034
0,1,0,1,1,1,0,0,1,1,0,0,0,1,1,1,1,8.832,322,7.341246
0,1,0,1,1,1,0,0,1,1,0,0,0,1,1,0,1,6.653,248.4,2.144097
0,1,0,1,1,1,0,0,1,1,0,0,0,0,0,1,0,8.8826,320.4,7.28785
0,1,0,1,1,1,0,0,1,1,0,0,0,0,0,1,1,8.843,321.8,7.324447
0,1,0,1,1,1,0,0,1,1,0,0,0,0,0,0,1,9.8466,322,7.353396
0,1,0,1,1,0,0,1,1,1,0,0,0,0,0,1,0,8.7934,321,7.135581
0,1,0,1,1,0,0,1,1,1,0,0,0,0,0,1,1,6.67,249.2,2.090636
0,1,0,1,1,0,0,1,1,1,0,0,0,0,0,0,1,8.9362,322.4,7.349164
0,0,0,0,1,0,0,1,1,0,1,0,0,0,0,0,0,7.0884,262.6,3.998841
0,1,1,0,1,0,0,1,1,0,1,0,0,0,0,0,0,7.1218,262.4,4.088203
0,1,1,0,1,0,0,1,1,0,1,0,0,1,0,0,0,7.0936,262.2,4.075506
0,1,1,0,1,0,0,1,1,0,1,0,0,1,0,1,0,7.1018,261.8,4.087242
0,1,1,0,1,0,0,1,1,0,1,0,0,1,0,1,1,7.1834,264,4.231407
0,1,1,0,1,0,0,1,1,0,1,0,0,1,0,0,1,7.1602,264,4.264729
0,1,1,0,1,0,0,1,1,0,1,0,0,1,1,0,0,7.1122,262.4,4.070585
0,1,1,0,1,0,0,1,1,0,1,0,0,1,1,1,0,7.0908,262.4,4.069607
0,1,1,0,1,0,0,1,1,0,1,0,0,1,1,1,1,7.4208,264,4.15673
0,1,1,0,1,0,0,1,1,0,1,0,0,1,1,0,1,7.1306,264,4.219558
0,1,1,0,1,0,1,0,1,0,1,0,0,0,0,0,0,7.1386,262.6,4.145664
0,1,1,0,1,0,1,0,1,0,1,0,0,1,0,0,0,7.1516,262.8,4.174192
0,1,1,0,1,0,1,0,1,0,1,0,0,1,0,1,0,7.1376,262.8,4.153716
0,1,1,0,1,0,1,0,1,0,1,0,0,1,0,1,1,7.178,264,4.255471
0,1,1,0,1,0,1,0,1,0,1,0,0,1,0,0,1,7.1478,264.2,4.246687
0,1,1,0,1,0,1,0,1,0,1,0,0,1,1,0,0,7.1302,262.6,4.11823
0,1,1,0,1,0,1,0,1,0,1,0,0,1,1,1,0,7.1338,262.4,4.132603
0,1,1,0,1,0,1,0,1,0,1,0,0,1,1,1,1,7.1446,264,4.259264
0,1,1,0,1,0,1,0,1,0,1,0,0,1,1,0,1,7.158,263.8,4.225883
0,1,1,0,1,0,1,0,1,0,1,0,0,0,0,1,0,7.114,262.6,4.116365
0,1,1,0,1,0,1,0,1,0,1,0,0,0,0,1,1,7.1488,264.4,4.231625
0,1,1,0,1,0,1,0,1,0,1,0,0,0,0,0,1,7.159,264.2,4.221184
0,1,1,0,1,1,0,0,1,0,1,0,0,0,0,0,0,7.114,262.6,4.217653
0,1,1,0,1,1,0,0,1,0,1,0,0,1,0,0,0,7.186,263,4.199008
0,1,1,0,1,1,0,0,1,0,1,0,0,1,0,1,0,7.1508,262.6,4.167959
0,1,1,0,1,1,0,0,1,0,1,0,0,1,0,1,1,7.1716,264,4.292919
0,1,1,0,1,1,0,0,1,0,1,0,0,1,0,0,1,7.476,264,4.230325
0,1,1,0,1,1,0,0,1,0,1,0,0,1,1,0,0,7.1768,262.6,4.127099
0,1,1,0,1,1,0,0,1,0,1,0,0,1,1,1,0,7.1522,262.6,4.166144
0,1,1,0,1,1,0,0,1,0,1,0,0,1,1,1,1,7.194,264,4.278479
0,1,1,0,1,1,0,0,1,0,1,0,0,1,1,0,1,7.1846,264.2,4.289064
0,1,1,0,1,1,0,0,1,0,1,0,0,0,0,1,0,7.1528,263,4.153901
0,1,1,0,1,1,0,0,1,0,1,0,0,0,0,1,1,7.4602,263.8,4.200324
0,1,1,0,1,1,0,0,1,0,1,0,0,0,0,0,1,7.4304,264,4.198327
0,1,1,0,1,0,0,1,1,0,1,0,0,0,0,1,0,7.151,262,4.189451
0,1,1,0,1,0,0,1,1,0,1,0,0,0,0,1,1,7.1618,264,4.29449
0,1,1,0,1,0,0,1,1,0,1,0,0,0,0,0,1,7.111,263.6,4.221309
0,1,0,1,1,0,0,1,1,0,1,0,0,0,0,0,0,13.5528,477.4,13.126027
0,1,0,1,1,0,0,1,1,0,1,0,0,1,0,0,0,13.6274,478.8,13.12593
0,1,0,1,1,0,0,1,1,0,1,0,0,1,0,1,0,13.5848,478.4,13.134282
0,1,0,1,1,0,0,1,1,0,1,0,0,1,0,1,1,14.2742,479,13.189291
0,1,0,1,1,0,0,1,1,0,1,0,0,1,0,0,1,14.2846,478.8,13.192905
0,1,0,1,1,0,0,1,1,0,1,0,0,1,1,0,0,13.5836,478.4,13.144467
0,1,0,1,1,0,0,1,1,0,1,0,0,1,1,1,0,13.5766,477.8,13.145536
0,1,0,1,1,0,0,1,1,0,1,0,0,1,1,1,1,14.304,479,13.198238
0,1,0,1,1,0,0,1,1,0,1,0,0,1,1,0,1,14.28,479.4,13.160685
0,1,0,1,1,0,1,0,1,0,1,0,0,0,0,0,0,15.254,510.4,13.92294
0,1,0,1,1,0,1,0,1,0,1,0,0,1,0,0,0,14.5582,511,13.93666
0,1,0,1,1,0,1,0,1,0,1,0,0,1,0,1,0,14.601,511.4,13.918966
0,1,0,1,1,0,1,0,1,0,1,0,0,1,0,1,1,15.342,511.2,13.976075
0,1,0,1,1,0,1,0,1,0,1,0,0,1,0,0,1,15.286,511,13.959813
0,1,0,1,1,0,1,0,1,0,1,0,0,1,1,0,0,14.563,511,13.922952
0,1,0,1,1,0,1,0,1,0,1,0,0,1,1,1,0,14.577,511,13.931511
0,1,0,1,1,0,1,0,1,0,1,0,0,1,1,1,1,15.2954,511.6,13.985982
0,1,0,1,1,0,1,0,1,0,1,0,0,1,1,0,1,15.3022,510.8,13.954004
0,1,0,1,1,0,1,0,1,0,1,0,0,0,0,1,0,14.5612,510.6,13.917034
0,1,0,1,1,0,1,0,1,0,1,0,0,0,0,1,1,15.3294,511.4,13.987049
0,1,0,1,1,0,1,0,1,0,1,0,0,0,0,0,1,14.5658,511.6,13.949922
0,1,0,1,1,1,0,0,1,0,1,0,0,0,0,0,0,14.7006,511.8,13.930316
0,1,0,1,1,1,0,0,1,0,1,0,0,1,0,0,0,14.583,511.6,13.932436
0,1,0,1,1,1,0,0,1,0,1,0,0,1,0,1,0,14.5428,510.2,13.984289
0,1,0,1,1,1,0,0,1,0,1,0,0,1,0,1,1,15.315,511.4,13.961768
0,1,0,1,1,1,0,0,1,0,1,0,0,1,0,0,1,15.3178,511.2,13.968945
0,1,0,1,1,1,0,0,1,0,1,0,0,1,1,0,0,14.5602,510.4,13.995823
0,1,0,1,1,1,0,0,1,0,1,0,0,1,1,1,0,14.5476,510.6,13.962788
0,1,0,1,1,1,0,0,1,0,1,0,0,1,1,1,1,15.362,511.4,13.970662
0,1,0,1,1,1,0,0,1,0,1,0,0,1,1,0,1,15.339,511.4,14.104446
0,1,0,1,1,1,0,0,1,0,1,0,0,0,0,1,0,14.5808,511.2,13.941411
0,1,0,1,1,1,0,0,1,0,1,0,0,0,0,1,1,15.3504,511.2,14.032425
0,1,0,1,1,1,0,0,1,0,1,0,0,0,0,0,1,14.5652,510.8,13.962526
0,1,0,1,1,0,0,1,1,0,1,0,0,0,0,1,0,13.5748,478.4,13.165391
0,1,0,1,1,0,0,1,1,0,1,0,0,0,0,1,1,14.2922,478.8,13.207569
0,1,0,1,1,0,0,1,1,0,1,0,0,0,0,0,1,13.7548,479.8,13.198746
1,0,0,0,1,0,0,1,1,0,1,0,0,0,0,0,0,7.3532,262.2,3.890455
1,1,1,0,1,0,0,1,1,0,1,0,0,0,0,0,0,7.0972,262.4,4.089194
1,1,1,0,1,0,0,1,1,0,1,0,0,1,0,0,0,7.0716,262.6,4.061874
1,1,1,0,1,0,0,1,1,0,1,0,0,1,0,1,0,7.1094,262.8,4.038859
1,1,1,0,1,0,0,1,1,0,1,0,0,1,0,1,1,7.4422,264,4.188514
1,1,1,0,1,0,0,1,1,0,1,0,0,1,0,0,1,7.4068,263.4,4.162563
1,1,1,0,1,0,0,1,1,0,1,0,0,1,1,0,0,7.1338,262.8,4.082107
1,1,1,0,1,0,0,1,1,0,1,0,0,1,1,1,0,7.1494,262.4,4.103145
1,1,1,0,1,0,0,1,1,0,1,0,0,1,1,1,1,7.4936,263.6,4.174382
1,1,1,0,1,0,0,1,1,0,1,0,0,1,1,0,1,7.4654,263.8,4.159042
1,1,1,0,1,0,1,0,1,0,1,0,0,0,0,0,0,7.4552,262.4,4.112263
1,1,1,0,1,0,1,0,1,0,1,0,0,1,0,0,0,7.4502,262.8,4.137661
1,1,1,0,1,0,1,0,1,0,1,0,0,1,0,1,0,7.4012,262.2,4.113759
1,1,1,0,1,0,1,0,1,0,1,0,0,1,0,1,1,7.4806,264,4.171027
1,1,1,0,1,0,1,0,1,0,1,0,0,1,0,0,1,7.484,264.2,4.193891
1,1,1,0,1,0,1,0,1,0,1,0,0,1,1,0,0,7.4324,262.2,4.105852
1,1,1,0,1,0,1,0,1,0,1,0,0,1,1,1,0,7.4542,262.6,4.065401
1,1,1,0,1,0,1,0,1,0,1,0,0,1,1,1,1,7.5052,264,4.255133
1,1,1,0,1,0,1,0,1,0,1,0,0,1,1,0,1,7.492,264,4.14779
1,1,1,0,1,0,1,0,1,0,1,0,0,0,0,1,0,7.4778,262,4.135096
1,1,1,0,1,0,1,0,1,0,1,0,0,0,0,1,1,7.515,263.8,4.290929
1,1,1,0,1,0,1,0,1,0,1,0,0,0,0,0,1,7.48,263.6,4.190739
1,1,1,0,1,1,0,0,1,0,1,0,0,0,0,0,0,7.1528,263,4.187176
1,1,1,0,1,1,0,0,1,0,1,0,0,1,0,0,0,7.129,263.2,4.170622
1,1,1,0,1,1,0,0,1,0,1,0,0,1,0,1,0,7.1782,262.6,4.192304
1,1,1,0,1,1,0,0,1,0,1,0,0,1,0,1,1,7.5114,264,4.215361
1,1,1,0,1,1,0,0,1,0,1,0,0,1,0,0,1,7.5026,264,4.237089
1,1,1,0,1,1,0,0,1,0,1,0,0,1,1,0,0,7.124,263,4.139139
1,1,1,0,1,1,0,0,1,0,1,0,0,1,1,1,0,7.1228,263,4.162863
1,1,1,0,1,1,0,0,1,0,1,0,0,1,1,1,1,7.4858,263.4,4.244867
1,1,1,0,1,1,0,0,1,0,1,0,0,1,1,0,1,7.5284,264.2,4.219195
1,1,1,0,1,1,0,0,1,0,1,0,0,0,0,1,0,7.1358,262.6,4.191334
1,1,1,0,1,1,0,0,1,0,1,0,0,0,0,1,1,7.5106,263.6,4.304095
1,1,1,0,1,1,0,0,1,0,1,0,0,0,0,0,1,7.4836,264,4.219364
1,1,1,0,1,0,0,1,1,0,1,0,0,0,0,1,0,7.1458,262.2,4.058682
1,1,1,0,1,0,0,1,1,0,1,0,0,0,0,1,1,7.4594,263.8,4.20141
1,1,1,0,1,0,0,1,1,0,1,0,0,0,0,0,1,7.4646,264,4.164867
1,1,0,1,1,0,0,1,1,0,1,0,0,0,0,0,0,14.262,477.4,13.173288
1,1,0,1,1,0,0,1,1,0,1,0,0,1,0,0,0,14.2926,476.8,13.166006
1,1,0,1,1,0,0,1,1,0,1,0,0,1,0,1,0,13.8838,477.8,13.191065
1,1,0,1,1,0,0,1,1,0,1,0,0,1,0,1,1,14.5936,480.4,13.164512
1,1,0,1,1,0,0,1,1,0,1,0,0,1,0,0,1,14.2924,478.4,13.213286
1,1,0,1,1,0,0,1,1,0,1,0,0,1,1,0,0,14.3356,477.4,13.182603
1,1,0,1,1,0,0,1,1,0,1,0,0,1,1,1,0,13.9186,478.6,13.148257
1,1,0,1,1,0,0,1,1,0,1,0,0,1,1,1,1,14.589,480.4,13.137154
1,1,0,1,1,0,0,1,1,0,1,0,0,1,1,0,1,14.2684,478.6,13.183062
1,1,0,1,1,0,1,0,1,0,1,0,0,0,0,0,0,15.2852,510.6,13.942732
1,1,0,1,1,0,1,0,1,0,1,0,0,1,0,0,0,14.747,512,13.937244
1,1,0,1,1,0,1,0,1,0,1,0,0,1,0,1,0,14.8168,510,13.931255
1,1,0,1,1,0,1,0,1,0,1,0,0,1,0,1,1,14.7788,511.8,13.945171
1,1,0,1,1,0,1,0,1,0,1,0,0,1,0,0,1,14.9652,511,13.965344
1,1,0,1,1,0,1,0,1,0,1,0,0,1,1,0,0,14.8496,510.2,13.960303
1,1,0,1,1,0,1,0,1,0,1,0,0,1,1,1,0,14.7948,511.4,13.913561
1,1,0,1,1,0,1,0,1,0,1,0,0,1,1,1,1,14.984,511.2,13.995221
1,1,0,1,1,0,1,0,1,0,1,0,0,1,1,0,1,14.9566,510.6,13.942579
1,1,0,1,1,0,1,0,1,0,1,0,0,0,0,1,0,14.9046,511.2,13.934377
1,1,0,1,1,0,1,0,1,0,1,0,0,0,0,1,1,14.9012,511.2,13.958294
1,1,0,1,1,0,1,0,1,0,1,0,0,0,0,0,1,15.3886,512.8,13.937212
1,1,0,1,1,1,0,0,1,0,1,0,0,0,0,0,0,15.3244,509.8,14.016871
1,1,0,1,1,1,0,0,1,0,1,0,0,1,0,0,0,15.393,510,14.006595
1,1,0,1,1,1,0,0,1,0,1,0,0,1,0,1,0,14.8734,510.8,13.971957
1,1,0,1,1,1,0,0,1,0,1,0,0,1,0,1,1,15.7306,512.8,13.960912
1,1,0,1,1,1,0,0,1,0,1,0,0,1,0,0,1,15.3334,510.4,14.016247
1,1,0,1,1,1,0,0,1,0,1,0,0,1,1,0,0,15.3466,509.8,13.996441
1,1,0,1,1,1,0,0,1,0,1,0,0,1,1,1,0,15.348,512.4,13.913096
1,1,0,1,1,1,0,0,1,0,1,0,0,1,1,1,1,15.368,512.4,13.960267
1,1,0,1,1,1,0,0,1,0,1,0,0,1,1,0,1,15.3746,510.4,13.984684
1,1,0,1,1,1,0,0,1,0,1,0,0,0,0,1,0,14.8656,510.4,13.996029
1,1,0,1,1,1,0,0,1,0,1,0,0,0,0,1,1,15.698,513,13.950797
1,1,0,1,1,1,0,0,1,0,1,0,0,0,0,0,1,15.3514,510.8,13.994578
1,1,0,1,1,0,0,1,1,0,1,0,0,0,0,1,0,13.846,477.8,13.186368
1,1,0,1,1,0,0,1,1,0,1,0,0,0,0,1,1,14.5986,480.6,13.1764
1,1,0,1,1,0,0,1,1,0,1,0,0,0,0,0,1,14.2686,478.6,13.177184
1,0,0,0,1,0,0,1,1,0,1,0,0,1,0,0,0,7.0768,262,3.946518
1,0,0,0,1,0,0,1,1,0,1,0,0,1,0,1,0,7.1036,262.2,3.968252
1,0,0,0,1,0,0,1,1,0,1,0,0,1,0,1,1,7.4522,264,4.000304
1,0,0,0,1,0,0,1,1,0,1,0,0,1,0,0,1,7.409,263.4,4.032972
1,0,0,0,1,0,0,1,1,0,1,0,0,1,1,0,0,7.0582,262.4,3.931961
1,0,0,0,1,0,0,1,1,0,1,0,0,1,1,1,0,7.319,262,3.918161
1,0,0,0,1,0,0,1,1,0,1,0,0,1,1,1,1,7.1056,263.4,4.083698
1,0,0,0,1,0,0,1,1,0,1,0,0,1,1,0,1,7.4022,263.6,4.014066
1,0,0,0,1,0,1,0,1,0,1,0,0,0,0,0,0,7.0594,262.2,3.874385
1,0,0,0,1,0,1,0,1,0,1,0,0,1,0,0,0,7.0498,262.4,3.864967
1,0,0,0,1,0,1,0,1,0,1,0,0,1,0,1,0,7.0702,262.4,3.924988
1,0,0,0,1,0,1,0,1,0,1,0,0,1,0,1,1,7.3828,263.4,3.932251
1,0,0,0,1,0,1,0,1,0,1,0,0,1,0,0,1,7.3726,263,3.953614
1,0,0,0,1,0,1,0,1,0,1,0,0,1,1,0,0,7.0354,262.4,3.91742
1,0,0,0,1,0,1,0,1,0,1,0,0,1,1,1,0,7.0422,262.4,3.951702
1,0,0,0,1,0,1,0,1,0,1,0,0,1,1,1,1,7.4022,263.4,3.928464
1,0,0,0,1,0,1,0,1,0,1,0,0,1,1,0,1,7.3944,263.6,3.897353
1,0,0,0,1,0,1,0,1,0,1,0,0,0,0,1,0,7.0582,262.4,3.869861
1,0,0,0,1,0,1,0,1,0,1,0,0,0,0,1,1,7.0892,263.4,3.997679
1,0,0,0,1,0,1,0,1,0,1,0,0,0,0,0,1,7.0646,263.6,3.974553
1,0,0,0,1,1,0,0,1,0,1,0,0,0,0,0,0,7.3478,261.8,3.846988
1,0,0,0,1,1,0,0,1,0,1,0,0,1,0,0,0,7.0882,262.4,3.878118
1,0,0,0,1,1,0,0,1,0,1,0,0,1,0,1,0,7.0472,262.2,3.919176
1,0,0,0,1,1,0,0,1,0,1,0,0,1,0,1,1,7.1222,263.4,4.045241
1,0,0,0,1,1,0,0,1,0,1,0,0,1,0,0,1,7.1162,263.4,4.015538
1,0,0,0,1,1,0,0,1,0,1,0,0,1,1,0,0,7.068,262,3.919342
1,0,0,0,1,1,0,0,1,0,1,0,0,1,1,1,0,7.064,261.8,3.907503
1,0,0,0,1,1,0,0,1,0,1,0,0,1,1,1,1,7.1042,263.8,4.029142
1,0,0,0,1,1,0,0,1,0,1,0,0,1,1,0,1,7.069,263,4.031176
1,0,0,0,1,1,0,0,1,0,1,0,0,0,0,1,0,7.0722,262.2,3.884823
1,0,0,0,1,1,0,0,1,0,1,0,0,0,0,1,1,7.1048,263.6,4.0185
1,0,0,0,1,1,0,0,1,0,1,0,0,0,0,0,1,7.1302,263.2,4.064423
1,0,0,0,1,0,0,1,1,0,1,0,0,0,0,1,0,7.4064,262.2,3.966879
1,0,0,0,1,0,0,1,1,0,1,0,0,0,0,1,1,7.0978,263.8,4.0782
1,0,0,0,1,0,0,1,1,0,1,0,0,0,0,0,1,7.12,263.8,4.041634
0,0,0,0,1,0,0,1,1,0,1,0,0,1,0,0,0,7.1026,262.4,4.065047
0,0,0,0,1,0,0,1,1,0,1,0,0,1,0,1,0,7.0746,262.4,4.014
0,0,0,0,1,0,0,1,1,0,1,0,0,1,0,1,1,7.3976,263.4,3.933153
0,0,0,0,1,0,0,1,1,0,1,0,0,1,0,0,1,7.4364,263.6,4.039179
0,0,0,0,1,0,0,1,1,0,1,0,0,1,1,0,0,7.0476,262.2,4.02719
0,0,0,0,1,0,0,1,1,0,1,0,0,1,1,1,0,7.4576,264.8,3.851875
0,0,0,0,1,0,0,1,1,0,1,0,0,1,1,1,1,7.4574,263.6,4.031992
0,0,0,0,1,0,0,1,1,0,1,0,0,1,1,0,1,7.4454,264,4.042205
0,0,0,0,1,0,1,0,1,0,1,0,0,0,0,0,0,7.3112,262.4,3.829974
0,0,0,0,1,0,1,0,1,0,1,0,0,1,0,0,0,7.175,264.6,3.871296
0,0,0,0,1,0,1,0,1,0,1,0,0,1,0,1,0,7.0498,262.2,3.880834
0,0,0,0,1,0,1,0,1,0,1,0,0,1,0,1,1,7.1016,263.6,4.001052
0,0,0,0,1,0,1,0,1,0,1,0,0,1,0,0,1,7.1494,263.2,3.979328
0,0,0,0,1,0,1,0,1,0,1,0,0,1,1,0,0,6.6764,248.8,2.075708
0,0,0,0,1,0,1,0,1,0,1,0,0,1,1,1,0,7.0924,262.2,3.903213
0,0,0,0,1,0,1,0,1,0,1,0,0,1,1,1,1,7.115,263.2,4.00436
0,0,0,0,1,0,1,0,1,0,1,0,0,1,1,0,1,7.093,263.2,4.019269
0,0,0,0,1,0,1,0,1,0,1,0,0,0,0,1,0,7.0952,262,3.884708
0,0,0,0,1,0,1,0,1,0,1,0,0,0,0,1,1,7.202,265.6,3.969261
0,0,0,0,1,0,1,0,1,0,1,0,0,0,0,0,1,7.0684,263.8,3.961541
0,0,0,0,1,1,0,0,1,0,1,0,0,0,0,0,0,7.4644,264.8,3.909824
0,0,0,0,1,1,0,0,1,0,1,0,0,1,0,0,0,7.189,264.6,3.923049
0,0,0,0,1,1,0,0,1,0,1,0,0,1,0,1,0,7.4542,264.8,3.898661
0,0,0,0,1,1,0,0,1,0,1,0,0,1,0,1,1,7.4652,266,3.940293
0,0,0,0,1,1,0,0,1,0,1,0,0,1,0,0,1,7.5394,266,4.008753
0,0,0,0,1,1,0,0,1,0,1,0,0,1,1,0,0,7.0644,262.2,3.850551
0,0,0,0,1,1,0,0,1,0,1,0,0,1,1,1,0,7.1382,264.2,3.901597
0,0,0,0,1,1,0,0,1,0,1,0,0,1,1,1,1,7.0978,263.2,4.000959
0,0,0,0,1,1,0,0,1,0,1,0,0,1,1,0,1,7.2308,265.8,3.996766
0,0,0,0,1,1,0,0,1,0,1,0,0,0,0,1,0,7.4688,264.4,3.881042
0,0,0,0,1,1,0,0,1,0,1,0,0,0,0,1,1,7.155,263.4,4.020444
0,0,0,0,1,1,0,0,1,0,1,0,0,0,0,0,1,7.4102,263.4,3.974357
0,0,0,0,1,0,0,1,1,0,1,0,0,0,0,1,0,7.0528,262.6,4.0782
0,0,0,0,1,0,0,1,1,0,1,0,0,0,0,1,1,7.4012,263.8,3.990099
0,0,0,0,1,0,0,1,1,0,1,0,0,0,0,0,1,7.3864,263.6,4.020133
1,0,0,0,1,0,0,1,1,1,0,0,0,0,0,0,0,7.4052,249.8,2.106908
1,1,1,0,1,0,0,1,1,1,0,0,0,0,0,0,0,7.4076,250,2.058384
1,1,1,0,1,0,0,1,1,1,0,0,0,1,0,0,0,7.4018,250.6,2.023437
1,1,1,0,1,0,0,1,1,1,0,0,0,1,0,1,0,6.6322,250.2,2.031146
1,1,1,0,1,0,0,1,1,1,0,0,0,1,0,1,1,6.6734,251.6,2.22984
1,1,1,0,1,0,0,1,1,1,0,0,0,1,0,0,1,6.7952,251.4,2.264763
1,1,1,0,1,0,0,1,1,1,0,0,0,1,1,0,0,6.7586,249.6,2.103525
1,1,1,0,1,0,0,1,1,1,0,0,0,1,1,1,0,6.6516,249.8,2.061334
1,1,1,0,1,0,0,1,1,1,0,0,0,1,1,1,1,6.67,251.4,2.228412
1,1,1,0,1,0,0,1,1,1,0,0,0,1,1,0,1,7.4236,251.6,2.232714
1,1,1,0,1,0,1,0,1,1,0,0,0,0,0,0,0,7.4006,249.8,2.107176
1,1,1,0,1,0,1,0,1,1,0,0,0,1,0,0,0,6.6868,249.6,2.101795
1,1,1,0,1,0,1,0,1,1,0,0,0,1,0,1,0,6.6266,249.4,2.100088
1,1,1,0,1,0,1,0,1,1,0,0,0,1,0,1,1,6.6724,251.2,2.304596
1,1,1,0,1,0,1,0,1,1,0,0,0,1,0,0,1,7.476,251.4,2.335031
1,1,1,0,1,0,1,0,1,1,0,0,0,1,1,0,0,7.3856,249.8,2.074174
1,1,1,0,1,0,1,0,1,1,0,0,0,1,1,1,0,6.6558,250,2.082972
1,1,1,0,1,0,1,0,1,1,0,0,0,1,1,1,1,6.6506,251.4,2.30487
1,1,1,0,1,0,1,0,1,1,0,0,0,1,1,0,1,6.7804,251.6,2.295297
1,1,1,0,1,0,1,0,1,1,0,0,0,0,0,1,0,6.6376,249.8,2.080974
1,1,1,0,1,0,1,0,1,1,0,0,0,0,0,1,1,6.6398,251.6,2.281731
1,1,1,0,1,0,1,0,1,1,0,0,0,0,0,0,1,6.7792,251.4,2.299461
1,1,1,0,1,1,0,0,1,1,0,0,0,0,0,0,0,6.721,249.8,2.167333
1,1,1,0,1,1,0,0,1,1,0,0,0,1,0,0,0,6.7504,249.6,2.139302
1,1,1,0,1,1,0,0,1,1,0,0,0,1,0,1,0,6.6426,249.8,2.114128
1,1,1,0,1,1,0,0,1,1,0,0,0,1,0,1,1,6.6902,251.2,2.345014
1,1,1,0,1,1,0,0,1,1,0,0,0,1,0,0,1,7.4696,251.4,2.351567
1,1,1,0,1,1,0,0,1,1,0,0,0,1,1,0,0,7.354,249.6,2.103831
1,1,1,0,1,1,0,0,1,1,0,0,0,1,1,1,0,6.6588,250,2.109638
1,1,1,0,1,1,0,0,1,1,0,0,0,1,1,1,1,6.6936,251.6,2.334589
1,1,1,0,1,1,0,0,1,1,0,0,0,1,1,0,1,6.835,251.4,2.364938
1,1,1,0,1,1,0,0,1,1,0,0,0,0,0,1,0,6.6424,250,2.206908
1,1,1,0,1,1,0,0,1,1,0,0,0,0,0,1,1,6.7188,251.2,2.400554
1,1,1,0,1,1,0,0,1,1,0,0,0,0,0,0,1,7.4486,251.2,2.419116
1,1,1,0,1,0,0,1,1,1,0,0,0,0,0,1,0,6.6464,250.2,2.061305
1,1,1,0,1,0,0,1,1,1,0,0,0,0,0,1,1,6.6718,251.2,2.260826
1,1,1,0,1,0,0,1,1,1,0,0,0,0,0,0,1,6.776,251.8,2.245246
1,1,0,1,1,0,0,1,1,1,0,0,0,0,0,0,0,8.9416,321,7.121601
1,1,0,1,1,0,0,1,1,1,0,0,0,1,0,0,0,8.9822,321.2,7.151708
1,1,0,1,1,0,0,1,1,1,0,0,0,1,0,1,0,8.8114,321.2,7.129162
1,1,0,1,1,0,0,1,1,1,0,0,0,1,0,1,1,8.7994,322.4,7.616173
1,1,0,1,1,0,0,1,1,1,0,0,0,1,0,0,1,9.8394,322,7.239418
1,1,0,1,1,0,0,1,1,1,0,0,0,1,1,0,0,8.9308,320.2,7.194708
1,1,0,1,1,0,0,1,1,1,0,0,0,1,1,1,0,8.802,320.2,7.151338
1,1,0,1,1,0,0,1,1,1,0,0,0,1,1,1,1,8.7678,323,7.253472
1,1,0,1,1,0,0,1,1,1,0,0,0,1,1,0,1,9.813,322.2,7.230996
1,1,0,1,1,0,1,0,1,1,0,0,0,0,0,0,0,8.8834,320.2,7.219768
1,1,0,1,1,0,1,0,1,1,0,0,0,1,0,0,0,8.8754,320.2,7.212684
1,1,0,1,1,0,1,0,1,1,0,0,0,1,0,1,0,8.8222,320.4,7.206119
1,1,0,1,1,0,1,0,1,1,0,0,0,1,0,1,1,8.7376,322,7.315888
1,1,0,1,1,0,1,0,1,1,0,0,0,1,0,0,1,9.7744,322,7.311464
1,1,0,1,1,0,1,0,1,1,0,0,0,1,1,0,0,8.9162,320.4,7.199478
1,1,0,1,1,0,1,0,1,1,0,0,0,1,1,1,0,8.8028,320.8,7.186363
1,1,0,1,1,0,1,0,1,1,0,0,0,1,1,1,1,8.7486,322,7.318692
1,1,0,1,1,0,1,0,1,1,0,0,0,1,1,0,1,9.7516,321.8,7.298561
1,1,0,1,1,0,1,0,1,1,0,0,0,0,0,1,0,8.7624,320.2,7.205007
1,1,0,1,1,0,1,0,1,1,0,0,0,0,0,1,1,8.7042,321.8,7.304605
1,1,0,1,1,0,1,0,1,1,0,0,0,0,0,0,1,9.7576,321.8,7.300545
1,1,0,1,1,1,0,0,1,1,0,0,0,0,0,0,0,8.946,319.8,7.560482
1,1,0,1,1,1,0,0,1,1,0,0,0,1,0,0,0,8.8996,320,7.188284
1,1,0,1,1,1,0,0,1,1,0,0,0,1,0,1,0,8.79,320.2,7.204627
1,1,0,1,1,1,0,0,1,1,0,0,0,1,0,1,1,8.7128,322,7.286417
1,1,0,1,1,1,0,0,1,1,0,0,0,1,0,0,1,9.7604,321.8,7.335048
1,1,0,1,1,1,0,0,1,1,0,0,0,1,1,0,0,8.9092,320.2,7.229016
1,1,0,1,1,1,0,0,1,1,0,0,0,1,1,1,0,8.804,320.2,7.230728
1,1,0,1,1,1,0,0,1,1,0,0,0,1,1,1,1,8.7322,322,7.33595
1,1,0,1,1,1,0,0,1,1,0,0,0,1,1,0,1,9.7516,321.6,7.316092
1,1,0,1,1,1,0,0,1,1,0,0,0,0,0,1,0,8.827,320.4,7.215845
1,1,0,1,1,1,0,0,1,1,0,0,0,0,0,1,1,8.7396,322,7.312773
1,1,0,1,1,1,0,0,1,1,0,0,0,0,0,0,1,9.76,322,7.323302
1,1,0,1,1,0,0,1,1,1,0,0,0,0,0,1,0,8.8064,320.8,7.144432
1,1,0,1,1,0,0,1,1,1,0,0,0,0,0,1,1,8.7326,321.8,7.277108
1,1,0,1,1,0,0,1,1,1,0,0,0,0,0,0,1,9.7884,321.8,7.298178
1,0,0,0,1,0,0,1,1,1,0,0,0,1,0,0,0,6.9012,249,2.084727
1,0,0,0,1,0,0,1,1,1,0,0,0,1,0,1,0,6.6764,249.6,2.113372
1,0,0,0,1,0,0,1,1,1,0,0,0,1,0,1,1,7.4588,251.6,2.281954
1,0,0,0,1,0,0,1,1,1,0,0,0,1,0,0,1,6.9694,251,2.319619
1,0,0,0,1,0,0,1,1,1,0,0,0,1,1,0,0,6.7272,249.6,2.105847
1,0,0,0,1,0,0,1,1,1,0,0,0,1,1,1,0,6.6464,249.8,2.112271
1,0,0,0,1,0,0,1,1,1,0,0,0,1,1,1,1,7.0072,251.4,2.304461
1,0,0,0,1,0,0,1,1,1,0,0,0,1,1,0,1,6.7338,251.4,2.299764
1,0,0,0,1,0,1,0,1,1,0,0,0,0,0,0,0,6.9144,249.8,2.160142
1,0,0,0,1,0,1,0,1,1,0,0,0,1,0,0,0,6.687,249.8,2.135877
1,0,0,0,1,0,1,0,1,1,0,0,0,1,0,1,0,6.7478,249.2,2.185666
1,0,0,0,1,0,1,0,1,1,0,0,0,1,0,1,1,6.724,251,2.341259
1,0,0,0,1,0,1,0,1,1,0,0,0,1,0,0,1,7.4416,251,2.38368
1,0,0,0,1,0,1,0,1,1,0,0,0,1,1,0,0,7.417,250,2.154056
1,0,0,0,1,0,1,0,1,1,0,0,0,1,1,1,0,6.6456,249.8,2.103399
1,0,0,0,1,0,1,0,1,1,0,0,0,1,1,1,1,6.6778,251.2,2.376177
1,0,0,0,1,0,1,0,1,1,0,0,0,1,1,0,1,6.8294,251.2,2.413799
1,0,0,0,1,0,1,0,1,1,0,0,0,0,0,1,0,7.3944,249.6,2.124243
1,0,0,0,1,0,1,0,1,1,0,0,0,0,0,1,1,6.83,251.2,2.380805
1,0,0,0,1,0,1,0,1,1,0,0,0,0,0,0,1,7.1742,252.2,2.108975
1,0,0,0,1,1,0,0,1,1,0,0,0,0,0,0,0,6.7722,249.4,2.229293
1,0,0,0,1,1,0,0,1,1,0,0,0,1,0,0,0,7.428,249.2,2.193952
1,0,0,0,1,1,0,0,1,1,0,0,0,1,0,1,0,6.6796,249.6,2.174618
1,0,0,0,1,1,0,0,1,1,0,0,0,1,0,1,1,7.1364,255.2,2.380474
1,0,0,0,1,1,0,0,1,1,0,0,0,1,0,0,1,6.7732,251.2,2.437369
1,0,0,0,1,1,0,0,1,1,0,0,0,1,1,0,0,6.6764,249.8,2.134849
1,0,0,0,1,1,0,0,1,1,0,0,0,1,1,1,0,6.9098,249.2,2.030037
1,0,0,0,1,1,0,0,1,1,0,0,0,1,1,1,1,6.7862,251.2,2.380832
1,0,0,0,1,1,0,0,1,1,0,0,0,1,1,0,1,7.534,251,2.406912
1,0,0,0,1,1,0,0,1,1,0,0,0,0,0,1,0,6.9328,249.8,2.208992
1,0,0,0,1,1,0,0,1,1,0,0,0,0,0,1,1,6.801,250.8,2.423412
1,0,0,0,1,1,0,0,1,1,0,0,0,0,0,0,1,7.4692,251,2.3904
1,0,0,0,1,0,0,1,1,1,0,0,0,0,0,1,0,6.9256,250,2.092932
1,0,0,0,1,0,0,1,1,1,0,0,0,0,0,1,1,6.7188,251.4,2.27577
1,0,0,0,1,0,0,1,1,1,0,0,0,0,0,0,1,7.0326,251.2,2.321383
0,0,0,0,1,0,0,1,1,0,1,0,1,0,0,0,0,7.3384,262,3.973856
0,1,1,0,1,0,0,1,1,0,1,0,1,0,0,0,0,8.1042,262,4.071188
0,1,1,0,1,0,0,1,1,0,1,0,1,1,0,0,0,8.0998,262,4.090771
0,1,1,0,1,0,0,1,1,0,1,0,1,1,0,1,0,8.1428,262.6,4.0317
0,1,1,0,1,0,0,1,1,0,1,0,1,1,0,1,1,7.4094,263.6,4.208655
0,1,1,0,1,0,0,1,1,0,1,0,1,1,0,0,1,7.3856,263.6,4.19799
0,1,1,0,1,0,0,1,1,0,1,0,1,1,1,0,0,8.1544,262,4.049042
0,1,1,0,1,0,0,1,1,0,1,0,1,1,1,1,0,8.1792,262.8,4.049157
0,1,1,0,1,0,0,1,1,0,1,0,1,1,1,1,1,7.4256,263.8,4.228071
0,1,1,0,1,0,0,1,1,0,1,0,1,1,1,0,1,7.3822,263.2,4.224634
0,1,1,0,1,0,1,0,1,0,1,0,1,0,0,0,0,8.157,263.6,4.140014
0,1,1,0,1,0,1,0,1,0,1,0,1,1,0,0,0,8.1466,263,4.094202
0,1,1,0,1,0,1,0,1,0,1,0,1,1,0,1,0,8.1,262.8,4.088698
0,1,1,0,1,0,1,0,1,0,1,0,1,1,0,1,1,7.403,264.4,4.226376
0,1,1,0,1,0,1,0,1,0,1,0,1,1,0,0,1,7.4184,263.8,4.267679
0,1,1,0,1,0,1,0,1,0,1,0,1,1,1,0,0,8.002,263.4,4.071983
0,1,1,0,1,0,1,0,1,0,1,0,1,1,1,1,0,8.0068,263.2,4.088263
0,1,1,0,1,0,1,0,1,0,1,0,1,1,1,1,1,7.3934,263.8,4.189106
0,1,1,0,1,0,1,0,1,0,1,0,1,1,1,0,1,7.449,263.8,4.311451
0,1,1,0,1,0,1,0,1,0,1,0,1,0,0,1,0,8.0916,263,4.118199
0,1,1,0,1,0,1,0,1,0,1,0,1,0,0,1,1,7.3698,263.4,4.215967
0,1,1,0,1,0,1,0,1,0,1,0,1,0,0,0,1,7.3882,263.8,4.24731
0,1,1,0,1,1,0,0,1,0,1,0,1,0,0,0,0,8.1308,262.4,4.125338
0,1,1,0,1,1,0,0,1,0,1,0,1,1,0,0,0,8.206,263,4.112901
0,1,1,0,1,1,0,0,1,0,1,0,1,1,0,1,0,8.164,262.8,4.135134
0,1,1,0,1,1,0,0,1,0,1,0,1,1,0,1,1,7.4072,263.6,4.249313
0,1,1,0,1,1,0,0,1,0,1,0,1,1,0,0,1,7.3994,264,4.249354
0,1,1,0,1,1,0,0,1,0,1,0,1,1,1,0,0,8.0854,263.2,4.117673
0,1,1,0,1,1,0,0,1,0,1,0,1,1,1,1,0,8.1034,263,4.170958
0,1,1,0,1,1,0,0,1,0,1,0,1,1,1,1,1,7.3794,263.2,4.250974
0,1,1,0,1,1,0,0,1,0,1,0,1,1,1,0,1,7.416,263.8,4.252668
0,1,1,0,1,1,0,0,1,0,1,0,1,0,0,1,0,8.1692,262.6,4.106524
0,1,1,0,1,1,0,0,1,0,1,0,1,0,0,1,1,7.4046,263.6,4.252263
0,1,1,0,1,1,0,0,1,0,1,0,1,0,0,0,1,7.4552,264,4.269373
0,1,1,0,1,0,0,1,1,0,1,0,1,0,0,1,0,8.1918,262.8,4.059323
0,1,1,0,1,0,0,1,1,0,1,0,1,0,0,1,1,7.372,263.6,4.234221
0,1,1,0,1,0,0,1,1,0,1,0,1,0,0,0,1,7.3938,263.8,4.272219
0,1,0,1,1,0,0,1,1,0,1,0,1,0,0,0,0,15.3564,477.6,13.143403
0,1,0,1,1,0,0,1,1,0,1,0,1,1,0,0,0,15.3522,476.6,13.161552
0,1,0,1,1,0,0,1,1,0,1,0,1,1,0,1,0,15.331,477.2,13.16774
0,1,0,1,1,0,0,1,1,0,1,0,1,1,0,1,1,14.0734,478.4,13.220697
0,1,0,1,1,0,0,1,1,0,1,0,1,1,0,0,1,14.062,478,13.204914
0,1,0,1,1,0,0,1,1,0,1,0,1,1,1,0,0,15.3372,477.6,13.201358
0,1,0,1,1,0,0,1,1,0,1,0,1,1,1,1,0,15.3628,477.2,13.172787
0,1,0,1,1,0,0,1,1,0,1,0,1,1,1,1,1,14.0724,478.6,13.201622
0,1,0,1,1,0,0,1,1,0,1,0,1,1,1,0,1,14.087,478.6,13.207547
0,1,0,1,1,0,1,0,1,0,1,0,1,0,0,0,0,15.441,511.8,13.923523
0,1,0,1,1,0,1,0,1,0,1,0,1,1,0,0,0,14.6412,509.8,13.986011
0,1,0,1,1,0,1,0,1,0,1,0,1,1,0,1,0,14.6608,511.4,13.950011
0,1,0,1,1,0,1,0,1,0,1,0,1,1,0,1,1,15.36,511.4,13.958738
0,1,0,1,1,0,1,0,1,0,1,0,1,1,0,0,1,15.2582,510.2,13.957292
0,1,0,1,1,0,1,0,1,0,1,0,1,1,1,0,0,15.4168,512.2,13.892237
0,1,0,1,1,0,1,0,1,0,1,0,1,1,1,1,0,14.5908,509.6,13.969125
0,1,0,1,1,0,1,0,1,0,1,0,1,1,1,1,1,14.6482,511.4,13.969608
0,1,0,1,1,0,1,0,1,0,1,0,1,1,1,0,1,15.2812,511.4,13.96135
0,1,0,1,1,0,1,0,1,0,1,0,1,0,0,1,0,14.632,511.2,13.932997
0,1,0,1,1,0,1,0,1,0,1,0,1,0,0,1,1,6.6816,249.4,2.052439
0,1,0,1,1,0,1,0,1,0,1,0,1,0,0,0,1,14.6362,510.6,13.970841
0,1,0,1,1,1,0,0,1,0,1,0,1,0,0,0,0,16.3352,509.6,13.970749
0,1,0,1,1,1,0,0,1,0,1,0,1,1,0,0,0,16.3918,509.8,13.97497
0,1,0,1,1,1,0,0,1,0,1,0,1,1,0,1,0,16.405,509.4,13.982906
0,1,0,1,1,1,0,0,1,0,1,0,1,1,0,1,1,15.0934,510.4,14.027571
0,1,0,1,1,1,0,0,1,0,1,0,1,1,0,0,1,15.0984,511,14.019641
0,1,0,1,1,1,0,0,1,0,1,0,1,1,1,0,0,16.4504,509.8,13.974326
0,1,0,1,1,1,0,0,1,0,1,0,1,1,1,1,0,15.383,510.2,13.988762
0,1,0,1,1,1,0,0,1,0,1,0,1,1,1,1,1,16.4212,510.4,13.974782
0,1,0,1,1,1,0,0,1,0,1,0,1,1,1,0,1,15.3404,510.4,14.016689
0,1,0,1,1,1,0,0,1,0,1,0,1,0,0,1,0,16.4282,509.8,13.962939
0,1,0,1,1,1,0,0,1,0,1,0,1,0,0,1,1,15.1264,511.4,14.012126
0,1,0,1,1,1,0,0,1,0,1,0,1,0,0,0,1,15.0656,510.6,13.994087
0,1,0,1,1,0,0,1,1,0,1,0,1,0,0,1,0,15.3106,477.2,13.148737
0,1,0,1,1,0,0,1,1,0,1,0,1,0,0,1,1,14.0616,478.2,13.21464
0,1,0,1,1,0,0,1,1,0,1,0,1,0,0,0,1,14.0446,478.4,13.222936
1,0,0,0,1,0,0,1,1,0,1,0,1,0,0,0,0,7.3946,262.4,3.966694
1,1,1,0,1,0,0,1,1,0,1,0,1,0,0,0,0,7.63,264.8,4.055937
1,1,1,0,1,0,0,1,1,0,1,0,1,1,0,0,0,7.6666,265.2,4.04194
1,1,1,0,1,0,0,1,1,0,1,0,1,1,0,1,0,7.4218,261.8,4.054768
1,1,1,0,1,0,0,1,1,0,1,0,1,1,0,1,1,7.7252,266.6,4.214022
1,1,1,0,1,0,0,1,1,0,1,0,1,1,0,0,1,7.4134,263.8,4.151269
1,1,1,0,1,0,0,1,1,0,1,0,1,1,1,0,0,7.1592,262.8,4.065093
1,1,1,0,1,0,0,1,1,0,1,0,1,1,1,1,0,7.3904,261.6,4.083429
1,1,1,0,1,0,0,1,1,0,1,0,1,1,1,1,1,7.7232,266.6,4.173446
1,1,1,0,1,0,0,1,1,0,1,0,1,1,1,0,1,7.4262,263.6,4.181611
1,1,1,0,1,0,1,0,1,0,1,0,1,0,0,0,0,7.156,263,4.101756
1,1,1,0,1,0,1,0,1,0,1,0,1,1,0,0,0,7.1622,263.2,4.14039
1,1,1,0,1,0,1,0,1,0,1,0,1,1,0,1,0,7.4262,262.6,4.106085
1,1,1,0,1,0,1,0,1,0,1,0,1,1,0,1,1,7.7476,266.2,4.219664
1,1,1,0,1,0,1,0,1,0,1,0,1,1,0,0,1,7.3938,263.8,4.18215
1,1,1,0,1,0,1,0,1,0,1,0,1,1,1,0,0,7.2024,263.4,4.149846
1,1,1,0,1,0,1,0,1,0,1,0,1,1,1,1,0,7.444,262.6,4.060712
1,1,1,0,1,0,1,0,1,0,1,0,1,1,1,1,1,7.7242,266.2,4.210479
1,1,1,0,1,0,1,0,1,0,1,0,1,1,1,0,1,7.4536,264,4.155216
1,1,1,0,1,0,1,0,1,0,1,0,1,0,0,1,0,7.4892,263,4.145709
1,1,1,0,1,0,1,0,1,0,1,0,1,0,0,1,1,7.731,266.6,4.177013
1,1,1,0,1,0,1,0,1,0,1,0,1,0,0,0,1,7.42,264,4.149742
1,1,1,0,1,1,0,0,1,0,1,0,1,0,0,0,0,6.6574,249.2,2.071943
1,1,1,0,1,1,0,0,1,0,1,0,1,1,0,0,0,7.1898,263,4.19567
1,1,1,0,1,1,0,0,1,0,1,0,1,1,0,1,0,7.4448,262,4.177931
1,1,1,0,1,1,0,0,1,0,1,0,1,1,0,1,1,6.6566,249.4,2.061399
1,1,1,0,1,1,0,0,1,0,1,0,1,1,0,0,1,7.4282,263.2,4.204279
1,1,1,0,1,1,0,0,1,0,1,0,1,1,1,0,0,7.1644,262.4,4.132375
1,1,1,0,1,1,0,0,1,0,1,0,1,1,1,1,0,7.4436,262.2,4.119331
1,1,1,0,1,1,0,0,1,0,1,0,1,1,1,1,1,7.7122,266.8,4.238578
1,1,1,0,1,1,0,0,1,0,1,0,1,1,1,0,1,7.447,264,4.221977
1,1,1,0,1,1,0,0,1,0,1,0,1,0,0,1,0,7.4322,262.2,4.175325
1,1,1,0,1,1,0,0,1,0,1,0,1,0,0,1,1,7.744,266.6,4.251171
1,1,1,0,1,1,0,0,1,0,1,0,1,0,0,0,1,7.437,263.4,4.198001
1,1,1,0,1,0,0,1,1,0,1,0,1,0,0,1,0,7.366,261.4,4.068572
1,1,1,0,1,0,0,1,1,0,1,0,1,0,0,1,1,7.2076,264.2,4.247207
1,1,1,0,1,0,0,1,1,0,1,0,1,0,0,0,1,7.4482,263.8,4.160516
1,1,0,1,1,0,0,1,1,0,1,0,1,0,0,0,0,13.869,479.2,13.141784
1,1,0,1,1,0,0,1,1,0,1,0,1,1,0,0,0,13.9122,479.6,13.123501
1,1,0,1,1,0,0,1,1,0,1,0,1,1,0,1,0,14.159,480.6,13.111532
1,1,0,1,1,0,0,1,1,0,1,0,1,1,0,1,1,14.6108,480.6,13.141302
1,1,0,1,1,0,0,1,1,0,1,0,1,1,0,0,1,14.3798,479.4,13.192717
1,1,0,1,1,0,0,1,1,0,1,0,1,1,1,0,0,14.281,477.4,13.18674
1,1,0,1,1,0,0,1,1,0,1,0,1,1,1,1,0,14.3236,478.2,13.162532
1,1,0,1,1,0,0,1,1,0,1,0,1,1,1,1,1,13.7132,478.8,13.189075
1,1,0,1,1,0,0,1,1,0,1,0,1,1,1,0,1,14.4744,481.2,13.144742
1,1,0,1,1,0,1,0,1,0,1,0,1,0,0,0,0,15.708,512,13.920185
1,1,0,1,1,0,1,0,1,0,1,0,1,1,0,0,0,15.6844,512,13.931249
1,1,0,1,1,0,1,0,1,0,1,0,1,1,0,1,0,15.3766,510,13.980546
1,1,0,1,1,0,1,0,1,0,1,0,1,1,0,1,1,14.9588,512,14.00768
1,1,0,1,1,0,1,0,1,0,1,0,1,1,0,0,1,15.356,511.6,13.981813
1,1,0,1,1,0,1,0,1,0,1,0,1,1,1,0,0,15.6998,512,13.907318
1,1,0,1,1,0,1,0,1,0,1,0,1,1,1,1,0,15.3806,510,14.015466
1,1,0,1,1,0,1,0,1,0,1,0,1,1,1,1,1,14.947,511.4,13.971351
1,1,0,1,1,0,1,0,1,0,1,0,1,1,1,0,1,15.3978,511.8,13.996756
1,1,0,1,1,0,1,0,1,0,1,0,1,0,0,1,0,15.3412,509.6,13.987414
1,1,0,1,1,0,1,0,1,0,1,0,1,0,0,1,1,14.901,511.4,13.986071
1,1,0,1,1,0,1,0,1,0,1,0,1,0,0,0,1,15.3432,510.8,13.964826
1,1,0,1,1,1,0,0,1,0,1,0,1,0,0,0,0,14.672,510.6,13.970185
1,1,0,1,1,1,0,0,1,0,1,0,1,1,0,0,0,15.0156,510.6,13.983604
1,1,0,1,1,1,0,0,1,0,1,0,1,1,0,1,0,14.8104,511.6,13.974115
1,1,0,1,1,1,0,0,1,0,1,0,1,1,0,1,1,14.913,511,13.980172
1,1,0,1,1,1,0,0,1,0,1,0,1,1,0,0,1,15.3402,511.4,13.968622
1,1,0,1,1,1,0,0,1,0,1,0,1,1,1,0,0,15.7234,512.4,13.919469
1,1,0,1,1,1,0,0,1,0,1,0,1,1,1,1,0,15.3982,510.2,13.979434
1,1,0,1,1,1,0,0,1,0,1,0,1,1,1,1,1,14.9296,511.2,13.987743
1,1,0,1,1,1,0,0,1,0,1,0,1,1,1,0,1,15.3148,510.8,13.957102
1,1,0,1,1,1,0,0,1,0,1,0,1,0,0,1,0,15.3684,510.6,13.978298
1,1,0,1,1,1,0,0,1,0,1,0,1,0,0,1,1,14.8992,510.8,13.968401
1,1,0,1,1,1,0,0,1,0,1,0,1,0,0,0,1,15.1604,511.6,14.020079
1,1,0,1,1,0,0,1,1,0,1,0,1,0,0,1,0,14.1134,480.6,13.08032
1,1,0,1,1,0,0,1,1,0,1,0,1,0,0,1,1,13.9932,478.6,13.206459
1,1,0,1,1,0,0,1,1,0,1,0,1,0,0,0,1,14.3578,480.2,13.184784
1,0,0,0,1,0,0,1,1,0,1,0,1,1,0,0,0,7.0848,262,3.962385
1,0,0,0,1,0,0,1,1,0,1,0,1,1,0,1,0,7.3566,262,3.943525
1,0,0,0,1,0,0,1,1,0,1,0,1,1,0,1,1,7.127,263.8,4.064776
1,0,0,0,1,0,0,1,1,0,1,0,1,1,0,0,1,7.4402,264,4.051627
1,0,0,0,1,0,0,1,1,0,1,0,1,1,1,0,0,7.646,264.8,3.92532
1,0,0,0,1,0,0,1,1,0,1,0,1,1,1,1,0,7.3226,262.4,3.868127
1,0,0,0,1,0,0,1,1,0,1,0,1,1,1,1,1,7.1802,264,4.037414
1,0,0,0,1,0,0,1,1,0,1,0,1,1,1,0,1,7.4858,263.6,4.052124
1,0,0,0,1,0,1,0,1,0,1,0,1,0,0,0,0,7.5936,264.4,3.848533
1,0,0,0,1,0,1,0,1,0,1,0,1,1,0,0,0,7.593,264.4,3.865645
1,0,0,0,1,0,1,0,1,0,1,0,1,1,0,1,0,7.3404,262,3.887476
1,0,0,0,1,0,1,0,1,0,1,0,1,1,0,1,1,7.1178,263.6,3.984555
1,0,0,0,1,0,1,0,1,0,1,0,1,1,0,0,1,7.3556,262.8,3.924692
1,0,0,0,1,0,1,0,1,0,1,0,1,1,1,0,0,7.5796,264.6,3.831103
1,0,0,0,1,0,1,0,1,0,1,0,1,1,1,1,0,7.3496,262,3.820234
1,0,0,0,1,0,1,0,1,0,1,0,1,1,1,1,1,7.1254,263.4,3.998465
1,0,0,0,1,0,1,0,1,0,1,0,1,1,1,0,1,7.357,263,3.938228
1,0,0,0,1,0,1,0,1,0,1,0,1,0,0,1,0,7.3424,262,3.878697
1,0,0,0,1,0,1,0,1,0,1,0,1,0,0,1,1,7.1038,263.4,3.96916
1,0,0,0,1,0,1,0,1,0,1,0,1,0,0,0,1,7.3378,263.2,3.928155
1,0,0,0,1,1,0,0,1,0,1,0,1,0,0,0,0,7.5972,264.8,3.895303
1,0,0,0,1,1,0,0,1,0,1,0,1,1,0,0,0,7.3704,262.2,3.850478
1,0,0,0,1,1,0,0,1,0,1,0,1,1,0,1,0,7.3622,262,3.861952
1,0,0,0,1,1,0,0,1,0,1,0,1,1,0,1,1,7.1724,263.2,4.036466
1,0,0,0,1,1,0,0,1,0,1,0,1,1,0,0,1,7.165,263.2,4.002606
1,0,0,0,1,1,0,0,1,0,1,0,1,1,1,0,0,6.9042,249.4,2.023093
1,0,0,0,1,1,0,0,1,0,1,0,1,1,1,1,0,7.4084,261.8,3.898102
1,0,0,0,1,1,0,0,1,0,1,0,1,1,1,1,1,7.154,263.6,4.008093
1,0,0,0,1,1,0,0,1,0,1,0,1,1,1,0,1,7.6652,265.6,4.485699
1,0,0,0,1,1,0,0,1,0,1,0,1,0,0,1,0,7.3694,261.6,3.902071
1,0,0,0,1,1,0,0,1,0,1,0,1,0,0,1,1,7.6726,266,3.998944
1,0,0,0,1,1,0,0,1,0,1,0,1,0,0,0,1,7.4016,263.2,4.00346
1,0,0,0,1,0,0,1,1,0,1,0,1,0,0,1,0,7.115,262.6,3.933147
1,0,0,0,1,0,0,1,1,0,1,0,1,0,0,1,1,7.6574,265.6,4.008521
1,0,0,0,1,0,0,1,1,0,1,0,1,0,0,0,1,7.4156,263.2,4.057836
0,0,0,0,1,0,0,1,1,0,1,0,1,1,0,0,0,7.2886,261.6,3.934413
0,0,0,0,1,0,0,1,1,0,1,0,1,1,0,1,0,7.0862,262,3.899672
0,0,0,0,1,0,0,1,1,0,1,0,1,1,0,1,1,7.1994,264,4.04616
0,0,0,0,1,0,0,1,1,0,1,0,1,1,0,0,1,7.985,264,4.022923
0,0,0,0,1,0,0,1,1,0,1,0,1,1,1,0,0,7.3808,262,3.918079
0,0,0,0,1,0,0,1,1,0,1,0,1,1,1,1,0,7.6442,264.4,3.922531
0,0,0,0,1,0,0,1,1,0,1,0,1,1,1,1,1,7.4812,266.2,4.033937
0,0,0,0,1,0,0,1,1,0,1,0,1,1,1,0,1,7.1848,263.4,4.067384
0,0,0,0,1,0,1,0,1,0,1,0,1,0,0,0,0,7.349,262.2,3.837214
0,0,0,0,1,0,1,0,1,0,1,0,1,1,0,0,0,7.0926,262.4,3.85414
0,0,0,0,1,0,1,0,1,0,1,0,1,1,0,1,0,7.083,262.2,3.896623
0,0,0,0,1,0,1,0,1,0,1,0,1,1,0,1,1,7.4212,263.6,3.991392
0,0,0,0,1,0,1,0,1,0,1,0,1,1,0,0,1,7.3924,263,4.042138
0,0,0,0,1,0,1,0,1,0,1,0,1,1,1,0,0,7.316,262,3.826896
0,0,0,0,1,0,1,0,1,0,1,0,1,1,1,1,0,8.1002,262,3.878544
0,0,0,0,1,0,1,0,1,0,1,0,1,1,1,1,1,7.3468,263.4,3.95658
0,0,0,0,1,0,1,0,1,0,1,0,1,1,1,0,1,7.4944,265.2,3.954394
0,0,0,0,1,0,1,0,1,0,1,0,1,0,0,1,0,7.3942,262.2,3.929085
0,0,0,0,1,0,1,0,1,0,1,0,1,0,0,1,1,7.1012,263,3.988609
0,0,0,0,1,0,1,0,1,0,1,0,1,0,0,0,1,7.0922,263.2,3.960093
0,0,0,0,1,1,0,0,1,0,1,0,1,0,0,0,0,7.4692,265,3.875076
0,0,0,0,1,1,0,0,1,0,1,0,1,1,0,0,0,7.328,261.8,3.824994
0,0,0,0,1,1,0,0,1,0,1,0,1,1,0,1,0,7.3398,262.2,3.839363
0,0,0,0,1,1,0,0,1,0,1,0,1,1,0,1,1,7.3782,263.4,3.93509
0,0,0,0,1,1,0,0,1,0,1,0,1,1,0,0,1,7.3596,263,3.964319
0,0,0,0,1,1,0,0,1,0,1,0,1,1,1,0,0,7.3514,262,3.890958
0,0,0,0,1,1,0,0,1,0,1,0,1,1,1,1,0,7.0738,262.4,3.901813
0,0,0,0,1,1,0,0,1,0,1,0,1,1,1,1,1,7.0916,263,4.008626
0,0,0,0,1,1,0,0,1,0,1,0,1,1,1,0,1,7.1314,263.4,4.024053
0,0,0,0,1,1,0,0,1,0,1,0,1,0,0,1,0,7.34,262.4,3.89042
0,0,0,0,1,1,0,0,1,0,1,0,1,0,0,1,1,7.3806,263.6,3.966219
0,0,0,0,1,1,0,0,1,0,1,0,1,0,0,0,1,7.3904,262.6,4.00761
0,0,0,0,1,0,0,1,1,0,1,0,1,0,0,1,0,7.111,262.4,3.939687
0,0,0,0,1,0,0,1,1,0,1,0,1,0,0,1,1,7.1184,263.2,4.062682
0,0,0,0,1,0,0,1,1,0,1,0,1,0,0,0,1,8.0062,263.6,4.029568
0,0,0,0,1,0,0,1,1,1,0,0,0,1,0,0,0,6.6326,249.2,2.011727
0,0,0,0,1,0,0,1,1,1,0,0,0,1,0,1,0,6.6932,249.2,2.03927
0,0,0,0,1,0,0,1,1,1,0,0,0,1,0,1,1,6.6656,249.4,2.164988
0,0,0,0,1,0,0,1,1,1,0,0,0,1,0,0,1,6.6652,249.6,2.146287
0,0,0,0,1,0,0,1,1,1,0,0,0,1,1,0,0,6.6436,248.6,2.069627
0,0,0,0,1,0,0,1,1,1,0,0,0,1,1,1,0,6.6594,249.2,2.148153
0,0,0,0,1,0,0,1,1,1,0,0,0,1,1,1,1,6.6776,249.2,2.17628
0,0,0,0,1,0,0,1,1,1,0,0,0,1,1,0,1,6.7722,250.4,2.125348
0,0,0,0,1,0,1,0,1,1,0,0,0,0,0,0,0,6.6646,248.6,2.082791
0,0,0,0,1,0,1,0,1,1,0,0,0,1,0,0,0,6.6594,248.8,2.078632
0,0,0,0,1,0,1,0,1,1,0,0,0,1,0,1,0,6.6372,248.8,2.085867
0,0,0,0,1,0,1,0,1,1,0,0,0,1,0,1,1,6.6676,249.6,2.211667
0,0,0,0,1,0,1,0,1,1,0,0,0,1,0,0,1,6.6522,249.2,2.210882
0,0,0,0,1,0,1,0,1,1,0,0,0,1,1,0,0,6.6452,248.6,2.109234
0,0,0,0,1,0,1,0,1,1,0,0,0,1,1,1,0,6.6232,248.4,2.053942
0,0,0,0,1,0,1,0,1,1,0,0,0,1,1,1,1,6.6522,249.4,2.235403
0,0,0,0,1,0,1,0,1,1,0,0,0,1,1,0,1,6.7152,249.6,2.249933
0,0,0,0,1,0,1,0,1,1,0,0,0,0,0,1,0,6.649,248.6,2.108306
0,0,0,0,1,0,1,0,1,1,0,0,0,0,0,1,1,6.6698,249.6,2.194512
0,0,0,0,1,0,1,0,1,1,0,0,0,0,0,0,1,6.6658,249,2.213595
0,0,0,0,1,1,0,0,1,1,0,0,0,0,0,0,0,6.6548,248.2,2.13228
0,0,0,0,1,1,0,0,1,1,0,0,0,1,0,0,0,6.6268,248.8,2.112485
0,0,0,0,1,1,0,0,1,1,0,0,0,1,0,1,0,6.6166,248.4,2.090172
0,0,0,0,1,1,0,0,1,1,0,0,0,1,0,1,1,6.6476,249.4,2.250374
0,0,0,0,1,1,0,0,1,1,0,0,0,1,0,0,1,6.6772,249.4,2.266455
0,0,0,0,1,1,0,0,1,1,0,0,0,1,1,0,0,6.6564,249,2.122621
0,0,0,0,1,1,0,0,1,1,0,0,0,1,1,1,0,6.6276,248.6,2.1235
0,0,0,0,1,1,0,0,1,1,0,0,0,1,1,1,1,6.6506,249.4,2.256572
0,0,0,0,1,1,0,0,1,1,0,0,0,1,1,0,1,6.7152,249.4,2.270091
0,0,0,0,1,1,0,0,1,1,0,0,0,0,0,1,0,6.6648,249,2.139194
0,0,0,0,1,1,0,0,1,1,0,0,0,0,0,1,1,6.672,248.8,2.124527
0,0,0,0,1,1,0,0,1,1,0,0,0,0,0,0,1,6.6824,249.2,2.263392
0,0,0,0,1,0,0,1,1,1,0,0,0,0,0,1,0,6.6608,248.8,2.067613
0,0,0,0,1,0,0,1,1,1,0,0,0,0,0,1,1,6.692,249.6,2.128123
0,0,0,0,1,0,0,1,1,0,1,1,0,0,0,0,0,7.2812,261.8,3.887234
0,1,1,0,1,0,0,1,1,0,1,1,0,0,0,0,0,7.2958,262,4.021992
0,1,1,0,1,0,0,1,1,0,1,1,0,1,0,0,0,7.3082,261.8,4.035366
0,1,1,0,1,0,0,1,1,0,1,1,0,1,0,1,0,7.1288,262,4.005991
0,1,1,0,1,0,0,1,1,0,1,1,0,1,0,1,1,7.2184,265.4,4.305242
0,1,1,0,1,0,0,1,1,0,1,1,0,1,0,0,1,8.0104,265,4.291742
0,1,1,0,1,0,0,1,1,0,1,1,0,1,1,0,0,7.9458,262.6,4.019723
0,1,1,0,1,0,0,1,1,0,1,1,0,1,1,1,0,7.1308,262.2,4.051247
0,1,1,0,1,0,0,1,1,0,1,1,0,1,1,1,1,7.181,265.4,4.324877
0,1,1,0,1,0,0,1,1,0,1,1,0,1,1,0,1,7.4216,265.2,4.326159
0,1,1,0,1,0,1,0,1,0,1,1,0,0,0,0,0,7.9328,262.6,4.058366
0,1,1,0,1,0,1,0,1,0,1,1,0,1,0,0,0,7.3526,262.8,4.072767
0,1,1,0,1,0,1,0,1,0,1,1,0,1,0,1,0,7.1468,263.4,4.04265
0,1,1,0,1,0,1,0,1,0,1,1,0,1,0,1,1,7.1418,265,4.213718
0,1,1,0,1,0,1,0,1,0,1,1,0,1,0,0,1,7.991,265,4.214814
0,1,1,0,1,0,1,0,1,0,1,1,0,1,1,0,0,7.3404,263.2,4.066236
0,1,1,0,1,0,1,0,1,0,1,1,0,1,1,1,0,7.1514,262.8,4.060156
0,1,1,0,1,0,1,0,1,0,1,1,0,1,1,1,1,7.1814,264.6,4.216344
0,1,1,0,1,0,1,0,1,0,1,1,0,1,1,0,1,8.0102,264.6,4.199088
0,1,1,0,1,0,1,0,1,0,1,1,0,0,0,1,0,7.1282,262.8,4.041596
0,1,1,0,1,0,1,0,1,0,1,1,0,0,0,1,1,7.1674,265,4.192597
0,1,1,0,1,0,1,0,1,0,1,1,0,0,0,0,1,7.3658,264.8,4.19886
0,1,1,0,1,1,0,0,1,0,1,1,0,0,0,0,0,7.3468,262.6,4.157067
0,1,1,0,1,1,0,0,1,0,1,1,0,1,0,0,0,7.972,263,4.128898
0,1,1,0,1,1,0,0,1,0,1,1,0,1,0,1,0,7.116,263,4.03977
0,1,1,0,1,1,0,0,1,0,1,1,0,1,0,1,1,7.1724,264.8,4.261153
0,1,1,0,1,1,0,0,1,0,1,1,0,1,0,0,1,7.3932,264.4,4.253588
0,1,1,0,1,1,0,0,1,0,1,1,0,1,1,0,0,7.286,262,4.070638
0,1,1,0,1,1,0,0,1,0,1,1,0,1,1,1,0,7.1796,262.6,4.085576
0,1,1,0,1,1,0,0,1,0,1,1,0,1,1,1,1,7.2056,265,4.231636
0,1,1,0,1,1,0,0,1,0,1,1,0,1,1,0,1,8.0322,265,4.248794
0,1,1,0,1,1,0,0,1,0,1,1,0,0,0,1,0,7.1978,262.6,4.089431
0,1,1,0,1,1,0,0,1,0,1,1,0,0,0,1,1,7.1896,265,4.25921
0,1,1,0,1,1,0,0,1,0,1,1,0,0,0,0,1,8.0274,264.4,4.343218
0,1,1,0,1,0,0,1,1,0,1,1,0,0,0,1,0,7.1328,262.2,4.016655
0,1,1,0,1,0,0,1,1,0,1,1,0,0,0,1,1,7.1482,265,4.340651
0,1,1,0,1,0,0,1,1,0,1,1,0,0,0,0,1,8.0446,265.4,4.315754
0,1,0,1,1,0,0,1,1,0,1,1,0,0,0,0,0,14.1212,481.8,13.263733
0,1,0,1,1,0,0,1,1,0,1,1,0,1,0,0,0,14.1288,482,13.229558
0,1,0,1,1,0,0,1,1,0,1,1,0,1,0,1,0,13.9802,482,13.224221
0,1,0,1,1,0,0,1,1,0,1,1,0,1,0,1,1,13.7864,484.6,13.300987
0,1,0,1,1,0,0,1,1,0,1,1,0,1,0,0,1,15.479,484,13.315571
0,1,0,1,1,0,0,1,1,0,1,1,0,1,1,0,0,14.1594,481.6,13.253622
0,1,0,1,1,0,0,1,1,0,1,1,0,1,1,1,0,13.9532,482.4,13.216005
0,1,0,1,1,0,0,1,1,0,1,1,0,1,1,1,1,13.76,484.4,13.300876
0,1,0,1,1,0,0,1,1,0,1,1,0,1,1,0,1,15.4904,484.2,13.309874
0,1,0,1,1,0,1,0,1,0,1,1,0,0,0,0,0,15.267,517,14.068932
0,1,0,1,1,0,1,0,1,0,1,1,0,1,0,0,0,16.5246,517,14.09746
0,1,0,1,1,0,1,0,1,0,1,1,0,1,0,1,0,15.001,517.8,14.024962
0,1,0,1,1,0,1,0,1,0,1,1,0,1,0,1,1,14.837,519.6,14.119097
0,1,0,1,1,0,1,0,1,0,1,1,0,1,0,0,1,15.3056,519.4,14.134442
0,1,0,1,1,0,1,0,1,0,1,1,0,1,1,0,0,15.2554,517.2,14.091944
0,1,0,1,1,0,1,0,1,0,1,1,0,1,1,1,0,14.7892,518,14.081764
0,1,0,1,1,0,1,0,1,0,1,1,0,1,1,1,1,15.1122,519.8,14.107562
0,1,0,1,1,0,1,0,1,0,1,1,0,1,1,0,1,16.6586,519.6,14.101632
0,1,0,1,1,0,1,0,1,0,1,1,0,0,0,1,0,15.0508,518.2,14.016177
0,1,0,1,1,0,1,0,1,0,1,1,0,0,0,1,1,14.8266,519,14.104436
0,1,0,1,1,0,1,0,1,0,1,1,0,0,0,0,1,16.6334,519.2,14.132034
0,1,0,1,1,1,0,0,1,0,1,1,0,0,0,0,0,15.286,517.4,14.117165
0,1,0,1,1,1,0,0,1,0,1,1,0,1,0,0,0,15.2518,517.2,14.077053
0,1,0,1,1,1,0,0,1,0,1,1,0,1,0,1,0,14.731,517,14.059464
0,1,0,1,1,1,0,0,1,0,1,1,0,1,0,1,1,15.0954,520.2,14.098613
0,1,0,1,1,1,0,0,1,0,1,1,0,1,0,0,1,16.6186,519.2,14.11691
0,1,0,1,1,1,0,0,1,0,1,1,0,1,1,0,0,15.2634,517.8,14.095491
0,1,0,1,1,1,0,0,1,0,1,1,0,1,1,1,0,14.768,517.6,14.063372
0,1,0,1,1,1,0,0,1,0,1,1,0,1,1,1,1,15.0886,520.2,14.108805
0,1,0,1,1,1,0,0,1,0,1,1,0,1,1,0,1,16.6518,519.6,14.106008
0,1,0,1,1,1,0,0,1,0,1,1,0,0,0,1,0,14.747,517.6,14.040693
0,1,0,1,1,1,0,0,1,0,1,1,0,0,0,1,1,15.1188,520.2,14.087148
0,1,0,1,1,1,0,0,1,0,1,1,0,0,0,0,1,16.6626,519.8,14.10719
0,1,0,1,1,0,0,1,1,0,1,1,0,0,0,1,0,13.9358,482.4,13.217892
0,1,0,1,1,0,0,1,1,0,1,1,0,0,0,1,1,13.7768,484.8,13.312559
0,1,0,1,1,0,0,1,1,0,1,1,0,0,0,0,1,15.4644,485,13.288516
1,0,0,0,1,0,0,1,1,0,1,1,0,0,0,0,0,7.2806,261.8,3.885544
1,1,1,0,1,0,0,1,1,0,1,1,0,0,0,0,0,7.304,261.8,4.038296
1,1,1,0,1,0,0,1,1,0,1,1,0,1,0,0,0,7.313,261.6,4.046025
1,1,1,0,1,0,0,1,1,0,1,1,0,1,0,1,0,7.1342,262.4,4.054978
1,1,1,0,1,0,0,1,1,0,1,1,0,1,0,1,1,7.231,265.2,4.294269
1,1,1,0,1,0,0,1,1,0,1,1,0,1,0,0,1,8.0338,265.4,4.292425
1,1,1,0,1,0,0,1,1,0,1,1,0,1,1,0,0,7.3558,262.2,4.057538
1,1,1,0,1,0,0,1,1,0,1,1,0,1,1,1,0,7.1798,262.2,4.059904
1,1,1,0,1,0,0,1,1,0,1,1,0,1,1,1,1,7.1912,265.2,4.312824
1,1,1,0,1,0,0,1,1,0,1,1,0,1,1,0,1,8.0132,265.4,4.29193
1,1,1,0,1,0,1,0,1,0,1,1,0,0,0,0,0,7.3162,262.6,4.04508
1,1,1,0,1,0,1,0,1,0,1,1,0,1,0,0,0,8.0128,263,4.095689
1,1,1,0,1,0,1,0,1,0,1,1,0,1,0,1,0,7.1876,263,4.092208
1,1,1,0,1,0,1,0,1,0,1,1,0,1,0,1,1,7.205,265,4.240552
1,1,1,0,1,0,1,0,1,0,1,1,0,1,0,0,1,7.4056,264.2,4.235157
1,1,1,0,1,0,1,0,1,0,1,1,0,1,1,0,0,8.035,263.2,4.04848
1,1,1,0,1,0,1,0,1,0,1,1,0,1,1,1,0,7.1896,262.8,4.099875
1,1,1,0,1,0,1,0,1,0,1,1,0,1,1,1,1,7.2304,264.4,4.257062
1,1,1,0,1,0,1,0,1,0,1,1,0,1,1,0,1,7.4154,264.6,4.201477
1,1,1,0,1,0,1,0,1,0,1,1,0,0,0,1,0,7.1488,262.6,4.072106
1,1,1,0,1,0,1,0,1,0,1,1,0,0,0,1,1,7.2028,264.4,4.184732
1,1,1,0,1,0,1,0,1,0,1,1,0,0,0,0,1,8.0006,265,4.195163
1,1,1,0,1,1,0,0,1,0,1,1,0,0,0,0,0,7.316,262.2,4.12589
1,1,1,0,1,1,0,0,1,0,1,1,0,1,0,0,0,7.363,262.8,4.075249
1,1,1,0,1,1,0,0,1,0,1,1,0,1,0,1,0,7.188,262.8,4.08629
1,1,1,0,1,1,0,0,1,0,1,1,0,1,0,1,1,7.1614,264.6,4.247638
1,1,1,0,1,1,0,0,1,0,1,1,0,1,0,0,1,8.0308,264.8,4.224773
1,1,1,0,1,1,0,0,1,0,1,1,0,1,1,0,0,7.3376,262.6,4.073157
1,1,1,0,1,1,0,0,1,0,1,1,0,1,1,1,0,7.0838,262.6,4.055568
1,1,1,0,1,1,0,0,1,0,1,1,0,1,1,1,1,7.2286,264.4,4.26029
1,1,1,0,1,1,0,0,1,0,1,1,0,1,1,0,1,7.994,264.2,4.260969
1,1,1,0,1,1,0,0,1,0,1,1,0,0,0,1,0,7.2076,262.6,4.117515
1,1,1,0,1,1,0,0,1,0,1,1,0,0,0,1,1,7.1694,264.8,4.240121
1,1,1,0,1,1,0,0,1,0,1,1,0,0,0,0,1,8.02,264.6,4.254327
1,1,1,0,1,0,0,1,1,0,1,1,0,0,0,1,0,7.1232,262.4,4.003651
1,1,1,0,1,0,0,1,1,0,1,1,0,0,0,1,1,7.1756,265.2,4.287957
1,1,1,0,1,0,0,1,1,0,1,1,0,0,0,0,1,8.0016,265.2,4.334348
1,1,0,1,1,0,0,1,1,0,1,1,0,0,0,0,0,14.1604,481.4,13.24707
1,1,0,1,1,0,0,1,1,0,1,1,0,1,0,0,0,15.5094,481.2,13.235497
1,1,0,1,1,0,0,1,1,0,1,1,0,1,0,1,0,13.7484,481.4,13.227102
1,1,0,1,1,0,0,1,1,0,1,1,0,1,0,1,1,14.0938,485.4,13.317851
1,1,0,1,1,0,0,1,1,0,1,1,0,1,0,0,1,14.3478,485.2,13.343344
1,1,0,1,1,0,0,1,1,0,1,1,0,1,1,0,0,15.6022,480.8,13.308076
1,1,0,1,1,0,0,1,1,0,1,1,0,1,1,1,0,14.0526,482,13.252789
1,1,0,1,1,0,0,1,1,0,1,1,0,1,1,1,1,13.8754,484.2,13.33543
1,1,0,1,1,0,0,1,1,0,1,1,0,1,1,0,1,14.3946,484.8,13.332397
1,1,0,1,1,0,1,0,1,0,1,1,0,0,0,0,0,16.7556,516.8,14.115469
1,1,0,1,1,0,1,0,1,0,1,1,0,1,0,0,0,15.2886,517.2,14.089943
1,1,0,1,1,0,1,0,1,0,1,1,0,1,0,1,0,14.842,517.8,14.07154
1,1,0,1,1,0,1,0,1,0,1,1,0,1,0,1,1,15.0814,519.6,14.094592
1,1,0,1,1,0,1,0,1,0,1,1,0,1,0,0,1,16.8008,518.8,14.078158
1,1,0,1,1,0,1,0,1,0,1,1,0,1,1,0,0,16.6532,517.2,14.056574
1,1,0,1,1,0,1,0,1,0,1,1,0,1,1,1,0,14.851,517.8,14.057569
1,1,0,1,1,0,1,0,1,0,1,1,0,1,1,1,1,15.1204,520.2,14.06341
1,1,0,1,1,0,1,0,1,0,1,1,0,1,1,0,1,15.3512,519.4,14.139743
1,1,0,1,1,0,1,0,1,0,1,1,0,0,0,1,0,15.1586,517.4,14.081959
1,1,0,1,1,0,1,0,1,0,1,1,0,0,0,1,1,14.9918,519.2,14.14679
1,1,0,1,1,0,1,0,1,0,1,1,0,0,0,0,1,15.4184,518.4,14.174992
1,1,0,1,1,1,0,0,1,0,1,1,0,0,0,0,0,15.2846,517.6,14.086676
1,1,0,1,1,1,0,0,1,0,1,1,0,1,0,0,0,16.6038,516.4,14.077994
1,1,0,1,1,1,0,0,1,0,1,1,0,1,0,1,0,15.1042,518.2,14.083968
1,1,0,1,1,1,0,0,1,0,1,1,0,1,0,1,1,14.892,519,14.141226
1,1,0,1,1,1,0,0,1,0,1,1,0,1,0,0,1,15.3896,519.4,14.11732
1,1,0,1,1,1,0,0,1,0,1,1,0,1,1,0,0,15.381,517.2,14.114884
1,1,0,1,1,1,0,0,1,0,1,1,0,1,1,1,0,15.1314,518,14.069531
1,1,0,1,1,1,0,0,1,0,1,1,0,1,1,1,1,14.95,519,14.141789
1,1,0,1,1,1,0,0,1,0,1,1,0,1,1,0,1,16.783,518.6,14.146937
1,1,0,1,1,1,0,0,1,0,1,1,0,0,0,1,0,14.8394,517.8,14.121073
1,1,0,1,1,1,0,0,1,0,1,1,0,0,0,1,1,15.1334,519.4,14.149251
1,1,0,1,1,1,0,0,1,0,1,1,0,0,0,0,1,16.743,519,14.148283
1,1,0,1,1,0,0,1,1,0,1,1,0,0,0,1,0,13.732,481.8,13.23347
1,1,0,1,1,0,0,1,1,0,1,1,0,0,0,1,1,14.0728,484.8,13.31412
1,1,0,1,1,0,0,1,1,0,1,1,0,0,0,0,1,15.5712,483.8,13.305011
1,0,0,0,1,0,0,1,1,0,1,1,0,1,0,0,0,7.267,262.2,3.835146
1,0,0,0,1,0,0,1,1,0,1,1,0,1,0,1,0,7.0514,261.8,3.871794
1,0,0,0,1,0,0,1,1,0,1,1,0,1,0,1,1,7.1576,264.6,4.145929
1,0,0,0,1,0,0,1,1,0,1,1,0,1,0,0,1,7.9802,265.2,4.095385
1,0,0,0,1,0,0,1,1,0,1,1,0,1,1,0,0,7.293,262,3.882359
1,0,0,0,1,0,0,1,1,0,1,1,0,1,1,1,0,7.037,261.6,3.875451
1,0,0,0,1,0,0,1,1,0,1,1,0,1,1,1,1,7.196,265.6,4.123201
1,0,0,0,1,0,0,1,1,0,1,1,0,1,1,0,1,7.9718,265,4.097069
1,0,0,0,1,0,1,0,1,0,1,1,0,0,0,0,0,7.9066,263,3.958888
1,0,0,0,1,0,1,0,1,0,1,1,0,1,0,0,0,7.909,262.8,3.971977
1,0,0,0,1,0,1,0,1,0,1,1,0,1,0,1,0,7.1142,263,3.946222
1,0,0,0,1,0,1,0,1,0,1,1,0,1,0,1,1,7.1242,264.4,4.091888
1,0,0,0,1,0,1,0,1,0,1,1,0,1,0,0,1,7.3244,264.4,4.062136
1,0,0,0,1,0,1,0,1,0,1,1,0,1,1,0,0,7.2802,262.8,3.957631
1,0,0,0,1,0,1,0,1,0,1,1,0,1,1,1,0,7.126,263.2,3.951865
1,0,0,0,1,0,1,0,1,0,1,1,0,1,1,1,1,7.1316,264.4,4.084296
1,0,0,0,1,0,1,0,1,0,1,1,0,1,1,0,1,7.9398,264.6,4.07011
1,0,0,0,1,0,1,0,1,0,1,1,0,0,0,1,0,7.1462,263,3.973245
1,0,0,0,1,0,1,0,1,0,1,1,0,0,0,1,1,7.1564,264.4,4.08938
1,0,0,0,1,0,1,0,1,0,1,1,0,0,0,0,1,7.304,263.6,4.072584
1,0,0,0,1,1,0,0,1,0,1,1,0,0,0,0,0,7.2782,262.6,3.948665
1,0,0,0,1,1,0,0,1,0,1,1,0,1,0,0,0,7.2772,262.4,3.90855
1,0,0,0,1,1,0,0,1,0,1,1,0,1,0,1,0,7.0988,262.6,3.907498
1,0,0,0,1,1,0,0,1,0,1,1,0,1,0,1,1,7.1238,264.2,4.102081
1,0,0,0,1,1,0,0,1,0,1,1,0,1,0,0,1,7.954,264.2,4.121288
1,0,0,0,1,1,0,0,1,0,1,1,0,1,1,0,0,7.262,262.6,3.969414
1,0,0,0,1,1,0,0,1,0,1,1,0,1,1,1,0,7.0544,262.4,3.965754
1,0,0,0,1,1,0,0,1,0,1,1,0,1,1,1,1,7.1818,264.6,4.117591
1,0,0,0,1,1,0,0,1,0,1,1,0,1,1,0,1,7.9658,263.8,4.092538
1,0,0,0,1,1,0,0,1,0,1,1,0,0,0,1,0,7.0862,263,3.955471
1,0,0,0,1,1,0,0,1,0,1,1,0,0,0,1,1,7.1384,264.6,4.085715
1,0,0,0,1,1,0,0,1,0,1,1,0,0,0,0,1,7.9546,264.6,4.092341
1,0,0,0,1,0,0,1,1,0,1,1,0,0,0,1,0,7.0408,262.2,3.878437
1,0,0,0,1,0,0,1,1,0,1,1,0,0,0,1,1,7.1662,264.8,4.0996
1,0,0,0,1,0,0,1,1,0,1,1,0,0,0,0,1,8.0282,265.2,4.106375
0,0,0,0,1,0,0,1,1,0,1,1,0,1,0,0,0,7.2578,261.8,3.877548
0,0,0,0,1,0,0,1,1,0,1,1,0,1,0,1,0,7.0766,262,3.891494
0,0,0,0,1,0,0,1,1,0,1,1,0,1,0,1,1,7.1722,265.2,4.088739
0,0,0,0,1,0,0,1,1,0,1,1,0,1,0,0,1,7.9726,265.2,4.092642
0,0,0,0,1,0,0,1,1,0,1,1,0,1,1,0,0,7.2864,262.2,3.871674
0,0,0,0,1,0,0,1,1,0,1,1,0,1,1,1,0,7.1164,262.6,3.890457
0,0,0,0,1,0,0,1,1,0,1,1,0,1,1,1,1,7.1728,265.2,4.126705
0,0,0,0,1,0,0,1,1,0,1,1,0,1,1,0,1,7.9848,264.6,4.129371
0,0,0,0,1,0,1,0,1,0,1,1,0,0,0,0,0,7.2564,262.6,3.972579
0,0,0,0,1,0,1,0,1,0,1,1,0,1,0,0,0,7.8756,262.8,3.960152
0,0,0,0,1,0,1,0,1,0,1,1,0,1,0,1,0,7.095,262.6,3.975554
0,0,0,0,1,0,1,0,1,0,1,1,0,1,0,1,1,7.1068,264.6,4.024722
0,0,0,0,1,0,1,0,1,0,1,1,0,1,0,0,1,7.3252,264.2,4.147306
0,0,0,0,1,0,1,0,1,0,1,1,0,1,1,0,0,7.2924,262.8,3.962308
0,0,0,0,1,0,1,0,1,0,1,1,0,1,1,1,0,7.145,263,3.950611
0,0,0,0,1,0,1,0,1,0,1,1,0,1,1,1,1,7.1342,264.4,4.064573
0,0,0,0,1,0,1,0,1,0,1,1,0,1,1,0,1,7.9306,264.6,4.059502
0,0,0,0,1,0,1,0,1,0,1,1,0,0,0,1,0,7.0864,263,3.963664
0,0,0,0,1,0,1,0,1,0,1,1,0,0,0,1,1,7.1338,264.4,4.076526
0,0,0,0,1,0,1,0,1,0,1,1,0,0,0,0,1,7.9504,264.6,4.091696
0,0,0,0,1,1,0,0,1,0,1,1,0,0,0,0,0,7.2876,262.4,3.966459
0,0,0,0,1,1,0,0,1,0,1,1,0,1,0,0,0,7.8742,262.6,3.950037
0,0,0,0,1,1,0,0,1,0,1,1,0,1,0,1,0,7.0854,262.6,3.940418
0,0,0,0,1,1,0,0,1,0,1,1,0,1,0,1,1,7.106,264.6,4.091337
0,0,0,0,1,1,0,0,1,0,1,1,0,1,0,0,1,7.3242,264.2,4.081366
0,0,0,0,1,1,0,0,1,0,1,1,0,1,1,0,0,7.2992,262.8,3.988385
0,0,0,0,1,1,0,0,1,0,1,1,0,1,1,1,0,7.1132,262.8,3.965267
0,0,0,0,1,1,0,0,1,0,1,1,0,1,1,1,1,7.1446,264,4.086623
0,0,0,0,1,1,0,0,1,0,1,1,0,1,1,0,1,7.942,264.4,4.073589
0,0,0,0,1,1,0,0,1,0,1,1,0,0,0,1,0,7.088,262.8,3.94066
0,0,0,0,1,1,0,0,1,0,1,1,0,0,0,1,1,7.0942,264.4,4.095548
0,0,0,0,1,1,0,0,1,0,1,1,0,0,0,0,1,7.9944,264.4,4.099047
0,0,0,0,1,0,0,1,1,0,1,1,0,0,0,1,0,7.1068,262.2,3.865094
0,0,0,0,1,0,0,1,1,0,1,1,0,0,0,1,1,7.147,264.8,4.095477
0,0,0,0,1,0,0,1,1,0,1,1,0,0,0,0,1,7.9676,264.6,4.153388
0,0,0,0,1,0,0,1,1,1,0,0,0,0,0,0,1,6.6884,249.4,2.163136
