delayedInnodbLogFlush,delayedInnodbLogWrite,innodbFlushMethod,fsyncFlush,dsyncFlush,directFlush,binaryLog,innodbDoubleWrite,TempTableSize,InnodbBufferPoolSize,InnodbLogBufferSize,Performance-,Cpu-
0,0,1,0,0,1,0,0,256,8,1,152.73918,2.097821
0,0,1,0,0,1,0,0,4096,8,1,156.03908,1.598034
0,0,1,0,0,1,0,0,65536,8,1,147.44916,1.818094
0,0,1,0,0,1,0,0,256,64,1,126.19916,1.302478
0,0,1,0,0,1,0,0,4096,64,1,122.43356,1.347658
0,0,1,0,0,1,0,0,65536,64,1,125.59792,1.823848
0,0,1,0,0,1,0,0,256,512,1,121.4958,0.953861
0,0,1,0,0,1,0,0,4096,512,1,124.5854,1.431842
0,0,1,0,0,1,0,0,65536,512,1,124.92472,1.57357
0,0,1,0,0,1,0,0,256,8,8,154.80596,1.832602
0,0,1,0,0,1,0,0,4096,8,8,156.3613,1.717028
0,0,1,0,0,1,0,0,65536,8,8,153.44792,1.916565
0,0,1,0,0,1,0,0,256,64,8,127.65364,1.864011
0,0,1,0,0,1,0,0,4096,64,8,126.46388,1.620084
0,0,1,0,0,1,0,0,65536,64,8,121.13962,1.707123
0,0,1,0,0,1,0,0,256,512,8,131.43594,1.406796
0,0,1,0,0,1,0,0,4096,512,8,124.03382,1.576118
0,0,1,0,0,1,0,0,65536,512,8,132.51554,1.393236
0,0,1,0,0,1,0,0,256,8,64,144.89046,1.754854
0,0,1,0,0,1,0,0,4096,8,64,157.60522,2.184037
0,0,1,0,0,1,0,0,65536,8,64,145.1357,1.450489
0,0,1,0,0,1,0,0,256,64,64,123.74794,1.840236
0,0,1,0,0,1,0,0,4096,64,64,124.50118,1.7233
0,0,1,0,0,1,0,0,65536,64,64,137.18522,1.073235
0,0,1,0,0,1,0,0,256,512,64,123.31718,1.384665
0,0,1,0,0,1,0,0,4096,512,64,129.99348,1.715657
0,0,1,0,0,1,0,0,65536,512,64,123.12918,1.978482
0,0,1,0,0,1,0,1,256,8,1,144.10294,2.128679
0,0,1,0,0,1,0,1,4096,8,1,156.76458,2.3234
0,0,1,0,0,1,0,1,65536,8,1,166.58138,1.66438
0,0,1,0,0,1,0,1,256,64,1,130.06446,1.49515
0,0,1,0,0,1,0,1,4096,64,1,123.9514,1.46569
0,0,1,0,0,1,0,1,65536,64,1,127.50434,1.874767
0,0,1,0,0,1,0,1,256,512,1,127.73696,1.561734
0,0,1,0,0,1,0,1,4096,512,1,122.79732,1.744263
0,0,1,0,0,1,0,1,65536,512,1,124.71252,1.597505
0,0,1,0,0,1,0,1,256,8,8,158.39724,1.997852
0,0,1,0,0,1,0,1,4096,8,8,146.89084,1.839865
0,0,1,0,0,1,0,1,65536,8,8,158.41652,1.503037
0,0,1,0,0,1,0,1,256,64,8,134.70682,1.305506
0,0,1,0,0,1,0,1,4096,64,8,128.24036,1.634234
0,0,1,0,0,1,0,1,65536,64,8,126.05994,1.457822
0,0,1,0,0,1,0,1,256,512,8,127.35552,1.750119
0,0,1,0,0,1,0,1,4096,512,8,123.98796,1.469696
0,0,1,0,0,1,0,1,65536,512,8,121.53854,1.383748
0,0,1,0,0,1,0,1,256,8,64,162.12026,1.898354
0,0,1,0,0,1,0,1,4096,8,64,161.54806,1.999973
0,0,1,0,0,1,0,1,65536,8,64,154.93498,1.824661
0,0,1,0,0,1,0,1,256,64,64,126.68666,1.362611
0,0,1,0,0,1,0,1,4096,64,64,132.82736,1.464663
0,0,1,0,0,1,0,1,65536,64,64,126.07158,1.741613
0,0,1,0,0,1,0,1,256,512,64,128.03164,1.571178
0,0,1,0,0,1,0,1,4096,512,64,126.58534,1.682616
0,0,1,0,0,1,0,1,65536,512,64,123.21752,1.246849
0,0,1,0,0,1,1,0,256,8,1,155.27954,1.842733
0,0,1,0,0,1,1,0,4096,8,1,150.15492,2.060039
0,0,1,0,0,1,1,0,65536,8,1,151.12408,1.907998
0,0,1,0,0,1,1,0,256,64,1,121.65688,1.333871
0,0,1,0,0,1,1,0,4096,64,1,125.14584,1.431587
0,0,1,0,0,1,1,0,65536,64,1,130.5549,1.531994
0,0,1,0,0,1,1,0,256,512,1,123.03776,1.16818
0,0,1,0,0,1,1,0,4096,512,1,127.9971,1.559436
0,0,1,0,0,1,1,0,65536,512,1,120.80258,1.194001
0,0,1,0,0,1,1,0,256,8,8,157.02718,1.99184
0,0,1,0,0,1,1,0,4096,8,8,157.59948,1.830451
0,0,1,0,0,1,1,0,65536,8,8,154.82452,2.294987
0,0,1,0,0,1,1,0,256,64,8,124.88612,1.320295
0,0,1,0,0,1,1,0,4096,64,8,122.51534,1.656669
0,0,1,0,0,1,1,0,65536,64,8,129.98792,1.444396
0,0,1,0,0,1,1,0,256,512,8,126.42628,1.579648
0,0,1,0,0,1,1,0,4096,512,8,126.54116,1.560528
0,0,1,0,0,1,1,0,65536,512,8,127.09406,1.381109
0,0,1,0,0,1,1,0,256,8,64,151.09998,2.204678
0,0,1,0,0,1,1,0,4096,8,64,150.9635,1.965873
0,0,1,0,0,1,1,0,65536,8,64,154.80834,1.745686
0,0,1,0,0,1,1,0,256,64,64,130.7902,1.321967
0,0,1,0,0,1,1,0,4096,64,64,124.37072,1.721281
0,0,1,0,0,1,1,0,65536,64,64,128.23782,1.559468
0,0,1,0,0,1,1,0,256,512,64,123.42444,1.377862
0,0,1,0,0,1,1,0,4096,512,64,130.41156,1.263372
0,0,1,0,0,1,1,0,65536,512,64,130.63224,1.52009
0,0,1,0,0,1,1,1,256,8,1,157.41666,1.494255
0,0,1,0,0,1,1,1,4096,8,1,158.9126,1.959304
0,0,1,0,0,1,1,1,65536,8,1,149.68294,1.926974
0,0,1,0,0,1,1,1,256,64,1,132.66998,1.408362
0,0,1,0,0,1,1,1,4096,64,1,119.60958,1.642139
0,0,1,0,0,1,1,1,65536,64,1,122.40158,1.23289
0,0,1,0,0,1,1,1,256,512,1,128.5144,1.551751
0,0,1,0,0,1,1,1,4096,512,1,125.47892,1.210172
0,0,1,0,0,1,1,1,65536,512,1,126.42044,1.582104
0,0,1,0,0,1,1,1,256,8,8,156.3033,1.689799
0,0,1,0,0,1,1,1,4096,8,8,160.3014,2.130753
0,0,1,0,0,1,1,1,65536,8,8,157.0833,1.425985
0,0,1,0,0,1,1,1,256,64,8,123.3531,1.378146
0,0,1,0,0,1,1,1,4096,64,8,128.6533,1.348687
0,0,1,0,0,1,1,1,65536,64,8,128.07834,1.602019
0,0,1,0,0,1,1,1,256,512,8,127.2561,1.377975
0,0,1,0,0,1,1,1,4096,512,8,127.03776,1.501572
0,0,1,0,0,1,1,1,65536,512,8,127.933,1.438098
0,0,1,0,0,1,1,1,256,8,64,161.1823,2.048742
0,0,1,0,0,1,1,1,4096,8,64,156.44024,2.226143
0,0,1,0,0,1,1,1,65536,8,64,158.61462,2.098585
0,0,1,0,0,1,1,1,256,64,64,119.71472,1.488606
0,0,1,0,0,1,1,1,4096,64,64,134.6838,1.646697
0,0,1,0,0,1,1,1,65536,64,64,126.18942,2.00295
0,0,1,0,0,1,1,1,256,512,64,132.45906,1.564298
0,0,1,0,0,1,1,1,4096,512,64,125.4029,1.415624
0,0,1,0,0,1,1,1,65536,512,64,132.96178,1.629191
0,0,1,0,1,0,0,0,256,8,1,133.8734,1.629767
0,0,1,0,1,0,0,0,4096,8,1,130.38654,1.13963
0,0,1,0,1,0,0,0,65536,8,1,134.8711,1.557334
0,0,1,0,1,0,0,0,256,64,1,125.8765,1.006087
0,0,1,0,1,0,0,0,4096,64,1,122.5031,1.363616
0,0,1,0,1,0,0,0,65536,64,1,126.95272,1.597676
0,0,1,0,1,0,0,0,256,512,1,121.76812,1.27899
0,0,1,0,1,0,0,0,4096,512,1,124.4384,1.628472
0,0,1,0,1,0,0,0,65536,512,1,116.54328,1.389615
0,0,1,0,1,0,0,0,256,8,8,141.5357,1.769572
0,0,1,0,1,0,0,0,4096,8,8,130.19062,1.466909
0,0,1,0,1,0,0,0,65536,8,8,143.47706,1.668514
0,0,1,0,1,0,0,0,256,64,8,118.71272,1.5011
0,0,1,0,1,0,0,0,4096,64,8,122.11334,1.20315
0,0,1,0,1,0,0,0,65536,64,8,130.33546,1.890753
0,0,1,0,1,0,0,0,256,512,8,120.04518,1.573407
0,0,1,0,1,0,0,0,4096,512,8,128.82076,1.897337
0,0,1,0,1,0,0,0,65536,512,8,123.5542,1.426465
0,0,1,0,1,0,0,0,256,8,64,136.3216,1.946421
0,0,1,0,1,0,0,0,4096,8,64,142.59304,1.510988
0,0,1,0,1,0,0,0,65536,8,64,127.47296,1.880571
0,0,1,0,1,0,0,0,256,64,64,125.147,1.644293
0,0,1,0,1,0,0,0,4096,64,64,129.5978,1.524885
0,0,1,0,1,0,0,0,65536,64,64,122.31586,1.886204
0,0,1,0,1,0,0,0,256,512,64,123.74038,1.611203
0,0,1,0,1,0,0,0,4096,512,64,122.58516,1.466546
0,0,1,0,1,0,0,0,65536,512,64,119.98422,1.701327
0,0,1,0,1,0,0,1,256,8,1,144.14208,1.83276
0,0,1,0,1,0,0,1,4096,8,1,133.04866,1.691575
0,0,1,0,1,0,0,1,65536,8,1,143.37686,1.844424
0,0,1,0,1,0,0,1,256,64,1,119.4129,1.575699
0,0,1,0,1,0,0,1,4096,64,1,126.88348,1.261422
0,0,1,0,1,0,0,1,65536,64,1,128.19488,1.464963
0,0,1,0,1,0,0,1,256,512,1,123.35668,1.580099
0,0,1,0,1,0,0,1,4096,512,1,121.12112,1.155343
0,0,1,0,1,0,0,1,65536,512,1,128.17996,1.764325
0,0,1,0,1,0,0,1,256,8,8,138.82874,1.488569
0,0,1,0,1,0,0,1,4096,8,8,141.44516,1.625194
0,0,1,0,1,0,0,1,65536,8,8,137.57252,1.754225
0,0,1,0,1,0,0,1,256,64,8,121.81652,1.404087
0,0,1,0,1,0,0,1,4096,64,8,125.32428,1.2336
0,0,1,0,1,0,0,1,65536,64,8,121.66166,1.482934
0,0,1,0,1,0,0,1,256,512,8,129.32582,1.646597
0,0,1,0,1,0,0,1,4096,512,8,119.49762,1.807068
0,0,1,0,1,0,0,1,65536,512,8,124.18236,1.026111
0,0,1,0,1,0,0,1,256,8,64,148.7905,1.703029
0,0,1,0,1,0,0,1,4096,8,64,137.68756,1.646818
0,0,1,0,1,0,0,1,65536,8,64,136.82162,1.95678
0,0,1,0,1,0,0,1,256,64,64,130.206,1.169775
0,0,1,0,1,0,0,1,4096,64,64,124.30566,1.682117
0,0,1,0,1,0,0,1,65536,64,64,119.65122,1.264763
0,0,1,0,1,0,0,1,256,512,64,126.58268,2.009261
0,0,1,0,1,0,0,1,4096,512,64,120.55142,1.372268
0,0,1,0,1,0,0,1,65536,512,64,127.48132,1.562408
0,0,1,0,1,0,1,0,256,8,1,137.3268,1.834557
0,0,1,0,1,0,1,0,4096,8,1,133.35806,1.505042
0,0,1,0,1,0,1,0,65536,8,1,130.74398,1.530792
0,0,1,0,1,0,1,0,256,64,1,124.93068,1.411595
0,0,1,0,1,0,1,0,4096,64,1,122.34024,1.390332
0,0,1,0,1,0,1,0,65536,64,1,117.1161,1.795213
0,0,1,0,1,0,1,0,256,512,1,122.39848,1.493003
0,0,1,0,1,0,1,0,4096,512,1,126.16168,1.702317
0,0,1,0,1,0,1,0,65536,512,1,122.94006,1.441977
0,0,1,0,1,0,1,0,256,8,8,129.6758,1.015333
0,0,1,0,1,0,1,0,4096,8,8,138.4986,1.671332
0,0,1,0,1,0,1,0,65536,8,8,132.15158,1.487781
0,0,1,0,1,0,1,0,256,64,8,127.43578,1.569792
0,0,1,0,1,0,1,0,4096,64,8,125.81428,1.697235
0,0,1,0,1,0,1,0,65536,64,8,116.6673,1.311471
0,0,1,0,1,0,1,0,256,512,8,128.44016,1.548895
0,0,1,0,1,0,1,0,4096,512,8,120.16428,1.414445
0,0,1,0,1,0,1,0,65536,512,8,124.34794,1.569804
0,0,1,0,1,0,1,0,256,8,64,141.05542,1.742446
0,0,1,0,1,0,1,0,4096,8,64,133.70762,1.478482
0,0,1,0,1,0,1,0,65536,8,64,128.97906,2.099344
0,0,1,0,1,0,1,0,256,64,64,132.12074,1.432306
0,0,1,0,1,0,1,0,4096,64,64,118.49984,1.41949
0,0,1,0,1,0,1,0,65536,64,64,123.32718,1.27111
0,0,1,0,1,0,1,0,256,512,64,123.84286,1.408529
0,0,1,0,1,0,1,0,4096,512,64,122.86904,1.680751
0,0,1,0,1,0,1,0,65536,512,64,122.49424,1.128398
0,0,1,0,1,0,1,1,256,8,1,152.217,1.605086
0,0,1,0,1,0,1,1,4096,8,1,145.03374,1.430137
0,0,1,0,1,0,1,1,65536,8,1,141.3474,1.519938
0,0,1,0,1,0,1,1,256,64,1,121.5259,1.682117
0,0,1,0,1,0,1,1,4096,64,1,122.40266,1.80298
0,0,1,0,1,0,1,1,65536,64,1,123.2026,1.333408
0,0,1,0,1,0,1,1,256,512,1,121.89858,1.820294
0,0,1,0,1,0,1,1,4096,512,1,117.17612,1.298267
0,0,1,0,1,0,1,1,65536,512,1,132.1251,1.388255
0,0,1,0,1,0,1,1,256,8,8,141.39298,1.443126
0,0,1,0,1,0,1,1,4096,8,8,137.38848,1.84968
0,0,1,0,1,0,1,1,65536,8,8,143.58672,1.35325
0,0,1,0,1,0,1,1,256,64,8,123.13778,1.478042
0,0,1,0,1,0,1,1,4096,64,8,129.69056,1.826111
0,0,1,0,1,0,1,1,65536,64,8,119.44074,1.372873
0,0,1,0,1,0,1,1,256,512,8,125.4251,1.677186
0,0,1,0,1,0,1,1,4096,512,8,127.32126,1.357107
0,0,1,0,1,0,1,1,65536,512,8,123.79126,1.448659
0,0,1,0,1,0,1,1,256,8,64,140.65262,1.471644
0,0,1,0,1,0,1,1,4096,8,64,142.03192,1.754841
0,0,1,0,1,0,1,1,65536,8,64,149.00528,1.614242
0,0,1,0,1,0,1,1,256,64,64,120.3985,1.420064
0,0,1,0,1,0,1,1,4096,64,64,127.76354,1.426794
0,0,1,0,1,0,1,1,65536,64,64,120.87956,1.590652
0,0,1,0,1,0,1,1,256,512,64,128.1722,1.396306
0,0,1,0,1,0,1,1,4096,512,64,119.87162,1.253264
0,0,1,0,1,0,1,1,65536,512,64,128.42286,1.683331
0,0,1,1,0,0,0,0,256,8,1,134.159,1.62925
0,0,1,1,0,0,0,0,4096,8,1,134.07314,1.39758
0,0,1,1,0,0,0,0,65536,8,1,142.92294,1.488141
0,0,1,1,0,0,0,0,256,64,1,128.05728,1.466917
0,0,1,1,0,0,0,0,4096,64,1,127.08366,1.591151
0,0,1,1,0,0,0,0,65536,64,1,132.8667,1.231662
0,0,1,1,0,0,0,0,256,512,1,121.01138,1.719791
0,0,1,1,0,0,0,0,4096,512,1,130.80306,1.503728
0,0,1,1,0,0,0,0,65536,512,1,122.68394,1.396448
0,0,1,1,0,0,0,0,256,8,8,141.8665,1.548027
0,0,1,1,0,0,0,0,4096,8,8,133.94498,1.866964
0,0,1,1,0,0,0,0,65536,8,8,130.92508,1.403209
0,0,1,1,0,0,0,0,256,64,8,132.22466,1.197131
0,0,1,1,0,0,0,0,4096,64,8,133.23082,1.630159
0,0,1,1,0,0,0,0,65536,64,8,118.74762,1.446614
0,0,1,1,0,0,0,0,256,512,8,132.97902,1.66641
0,0,1,1,0,0,0,0,4096,512,8,122.03872,1.480963
0,0,1,1,0,0,0,0,65536,512,8,125.83226,1.49532
0,0,1,1,0,0,0,0,256,8,64,145.7535,1.462866
0,0,1,1,0,0,0,0,4096,8,64,136.8618,1.678085
0,0,1,1,0,0,0,0,65536,8,64,130.15928,1.442969
0,0,1,1,0,0,0,0,256,64,64,123.8099,1.596892
0,0,1,1,0,0,0,0,4096,64,64,120.69796,1.716505
0,0,1,1,0,0,0,0,65536,64,64,132.61108,1.485803
0,0,1,1,0,0,0,0,256,512,64,121.16048,1.500106
0,0,1,1,0,0,0,0,4096,512,64,133.14894,1.423739
0,0,1,1,0,0,0,0,65536,512,64,121.19756,1.73453
0,0,1,1,0,0,0,1,256,8,1,144.50336,1.758027
0,0,1,1,0,0,0,1,4096,8,1,153.89284,1.881601
0,0,1,1,0,0,0,1,65536,8,1,140.5177,1.430121
0,0,1,1,0,0,0,1,256,64,1,129.07092,1.432028
0,0,1,1,0,0,0,1,4096,64,1,126.43004,1.277515
0,0,1,1,0,0,0,1,65536,64,1,126.37066,1.494093
0,0,1,1,0,0,0,1,256,512,1,124.15222,1.387837
0,0,1,1,0,0,0,1,4096,512,1,130.82618,1.638218
0,0,1,1,0,0,0,1,65536,512,1,128.19848,1.439258
0,0,1,1,0,0,0,1,256,8,8,151.1579,1.520737
0,0,1,1,0,0,0,1,4096,8,8,148.08202,1.394788
0,0,1,1,0,0,0,1,65536,8,8,151.05694,1.650477
0,0,1,1,0,0,0,1,256,64,8,125.81394,1.839141
0,0,1,1,0,0,0,1,4096,64,8,132.5364,1.897054
0,0,1,1,0,0,0,1,65536,64,8,123.03554,1.522313
0,0,1,1,0,0,0,1,256,512,8,127.2568,0.999933
0,0,1,1,0,0,0,1,4096,512,8,128.96538,1.759583
0,0,1,1,0,0,0,1,65536,512,8,124.1885,1.421139
0,0,1,1,0,0,0,1,256,8,64,148.80866,1.232522
0,0,1,1,0,0,0,1,4096,8,64,148.83304,1.620391
0,0,1,1,0,0,0,1,65536,8,64,137.99884,1.54027
0,0,1,1,0,0,0,1,256,64,64,132.98276,1.324177
0,0,1,1,0,0,0,1,4096,64,64,128.1323,1.498164
0,0,1,1,0,0,0,1,65536,64,64,122.30182,1.403352
0,0,1,1,0,0,0,1,256,512,64,133.24688,1.257523
0,0,1,1,0,0,0,1,4096,512,64,122.01272,1.943388
0,0,1,1,0,0,0,1,65536,512,64,128.86494,1.168381
0,0,1,1,0,0,1,0,256,8,1,139.07924,1.595521
0,0,1,1,0,0,1,0,4096,8,1,136.3501,1.238061
0,0,1,1,0,0,1,0,65536,8,1,144.74576,1.73227
0,0,1,1,0,0,1,0,256,64,1,122.84808,1.807505
0,0,1,1,0,0,1,0,4096,64,1,134.19488,1.48222
0,0,1,1,0,0,1,0,65536,64,1,123.75996,1.889404
0,0,1,1,0,0,1,0,256,512,1,130.67152,1.731978
0,0,1,1,0,0,1,0,4096,512,1,124.62308,1.680199
0,0,1,1,0,0,1,0,65536,512,1,126.68664,1.483985
0,0,1,1,0,0,1,0,256,8,8,138.83882,1.074046
0,0,1,1,0,0,1,0,4096,8,8,137.61756,1.86639
0,0,1,1,0,0,1,0,65536,8,8,142.7193,1.286163
0,0,1,1,0,0,1,0,256,64,8,126.9735,1.53017
0,0,1,1,0,0,1,0,4096,64,8,124.86756,1.427063
0,0,1,1,0,0,1,0,65536,64,8,127.55812,1.531904
0,0,1,1,0,0,1,0,256,512,8,127.84854,1.685403
0,0,1,1,0,0,1,0,4096,512,8,123.19344,1.412848
0,0,1,1,0,0,1,0,65536,512,8,126.48614,1.253172
0,0,1,1,0,0,1,0,256,8,64,135.55848,1.603472
0,0,1,1,0,0,1,0,4096,8,64,133.4588,1.408511
0,0,1,1,0,0,1,0,65536,8,64,145.82314,1.636433
0,0,1,1,0,0,1,0,256,64,64,123.0529,1.590185
0,0,1,1,0,0,1,0,4096,64,64,124.1402,1.325738
0,0,1,1,0,0,1,0,65536,64,64,127.22164,1.503695
0,0,1,1,0,0,1,0,256,512,64,124.73216,1.32842
0,0,1,1,0,0,1,0,4096,512,64,125.74888,1.5224
0,0,1,1,0,0,1,0,65536,512,64,124.91988,1.463451
0,0,1,1,0,0,1,1,256,8,1,153.34724,1.774068
0,0,1,1,0,0,1,1,4096,8,1,145.38846,1.954675
0,0,1,1,0,0,1,1,65536,8,1,143.50224,1.983888
0,0,1,1,0,0,1,1,256,64,1,130.18698,1.510569
0,0,1,1,0,0,1,1,4096,64,1,125.53138,1.692899
0,0,1,1,0,0,1,1,65536,64,1,130.16412,1.626869
0,0,1,1,0,0,1,1,256,512,1,125.1743,1.315792
0,0,1,1,0,0,1,1,4096,512,1,122.16874,1.566934
0,0,1,1,0,0,1,1,65536,512,1,126.69042,1.428141
0,0,1,1,0,0,1,1,256,8,8,148.29248,1.720221
0,0,1,1,0,0,1,1,4096,8,8,156.57734,1.729643
0,0,1,1,0,0,1,1,65536,8,8,153.00598,1.986938
0,0,1,1,0,0,1,1,256,64,8,122.72676,1.962542
0,0,1,1,0,0,1,1,4096,64,8,125.00436,1.464293
0,0,1,1,0,0,1,1,65536,64,8,128.36516,1.563304
0,0,1,1,0,0,1,1,256,512,8,127.02076,1.308379
0,0,1,1,0,0,1,1,4096,512,8,126.52104,1.400822
0,0,1,1,0,0,1,1,65536,512,8,129.23546,1.612053
0,0,1,1,0,0,1,1,256,8,64,138.19588,1.426723
0,0,1,1,0,0,1,1,4096,8,64,148.77424,1.954623
0,0,1,1,0,0,1,1,65536,8,64,141.86936,1.767402
0,0,1,1,0,0,1,1,256,64,64,133.82132,1.24546
0,0,1,1,0,0,1,1,4096,64,64,123.58968,1.719715
0,0,1,1,0,0,1,1,65536,64,64,131.60388,1.563443
0,0,1,1,0,0,1,1,256,512,64,123.58372,1.636371
0,0,1,1,0,0,1,1,4096,512,64,128.14302,1.542525
0,0,1,1,0,0,1,1,65536,512,64,130.5639,1.494999
1,0,1,0,0,1,0,0,256,8,1,75.8466,1.678044
1,0,1,0,0,1,0,0,4096,8,1,77.60244,1.67495
1,0,1,0,0,1,0,0,65536,8,1,78.72336,1.87872
1,0,1,0,0,1,0,0,256,64,1,62.38484,1.863994
1,0,1,0,0,1,0,0,4096,64,1,68.59646,1.569654
1,0,1,0,0,1,0,0,65536,64,1,60.23758,1.813419
1,0,1,0,0,1,0,0,256,512,1,61.98094,1.511192
1,0,1,0,0,1,0,0,4096,512,1,62.97342,1.660102
1,0,1,0,0,1,0,0,65536,512,1,61.84758,1.604656
1,0,1,0,0,1,0,0,256,8,8,84.33534,1.706804
1,0,1,0,0,1,0,0,4096,8,8,79.64902,1.669167
1,0,1,0,0,1,0,0,65536,8,8,73.71034,1.818578
1,0,1,0,0,1,0,0,256,64,8,64.62572,1.475431
1,0,1,0,0,1,0,0,4096,64,8,61.02256,1.568272
1,0,1,0,0,1,0,0,65536,64,8,62.47892,1.581144
1,0,1,0,0,1,0,0,256,512,8,70.28,1.374048
1,0,1,0,0,1,0,0,4096,512,8,63.32776,1.607193
1,0,1,0,0,1,0,0,65536,512,8,65.4326,1.65053
1,0,1,0,0,1,0,0,256,8,64,83.01896,1.553875
1,0,1,0,0,1,0,0,4096,8,64,81.96672,1.825311
1,0,1,0,0,1,0,0,65536,8,64,72.72898,2.009956
1,0,1,0,0,1,0,0,256,64,64,61.80882,1.639737
1,0,1,0,0,1,0,0,4096,64,64,59.7906,1.642395
1,0,1,0,0,1,0,0,65536,64,64,60.6387,1.534681
1,0,1,0,0,1,0,0,256,512,64,61.56876,1.762496
1,0,1,0,0,1,0,0,4096,512,64,62.67342,1.522044
1,0,1,0,0,1,0,0,65536,512,64,59.52882,1.70313
1,0,1,0,0,1,0,1,256,8,1,73.65844,1.527346
1,0,1,0,0,1,0,1,4096,8,1,76.21606,1.679894
1,0,1,0,0,1,0,1,65536,8,1,76.97608,2.039967
1,0,1,0,0,1,0,1,256,64,1,61.28034,1.687854
1,0,1,0,0,1,0,1,4096,64,1,61.89508,1.423163
1,0,1,0,0,1,0,1,65536,64,1,66.48292,1.711983
1,0,1,0,0,1,0,1,256,512,1,65.02724,1.468128
1,0,1,0,0,1,0,1,4096,512,1,63.3468,1.555004
1,0,1,0,0,1,0,1,65536,512,1,61.96262,1.682841
1,0,1,0,0,1,0,1,256,8,8,76.3833,1.545906
1,0,1,0,0,1,0,1,4096,8,8,84.21766,1.743171
1,0,1,0,0,1,0,1,65536,8,8,73.36612,1.610391
1,0,1,0,0,1,0,1,256,64,8,63.12984,1.449233
1,0,1,0,0,1,0,1,4096,64,8,61.97414,1.658074
1,0,1,0,0,1,0,1,65536,64,8,61.23984,1.673059
1,0,1,0,0,1,0,1,256,512,8,67.56616,1.560462
1,0,1,0,0,1,0,1,4096,512,8,59.5797,1.629897
1,0,1,0,0,1,0,1,65536,512,8,61.49128,1.498008
1,0,1,0,0,1,0,1,256,8,64,71.6068,1.837903
1,0,1,0,0,1,0,1,4096,8,64,76.58684,1.75398
1,0,1,0,0,1,0,1,65536,8,64,68.906,1.586752
1,0,1,0,0,1,0,1,256,64,64,65.92006,1.52669
1,0,1,0,0,1,0,1,4096,64,64,67.2427,1.438938
1,0,1,0,0,1,0,1,65536,64,64,63.66458,1.509266
1,0,1,0,0,1,0,1,256,512,64,67.19642,1.614353
1,0,1,0,0,1,0,1,4096,512,64,61.26298,1.648408
1,0,1,0,0,1,0,1,65536,512,64,62.73068,1.57258
1,0,1,0,0,1,1,0,256,8,1,82.58612,1.792526
1,0,1,0,0,1,1,0,4096,8,1,78.15874,1.945534
1,0,1,0,0,1,1,0,65536,8,1,85.37784,1.830019
1,0,1,0,0,1,1,0,256,64,1,58.70572,1.785264
1,0,1,0,0,1,1,0,4096,64,1,62.1882,1.672015
1,0,1,0,0,1,1,0,65536,64,1,66.08812,1.538442
1,0,1,0,0,1,1,0,256,512,1,65.9521,1.648447
1,0,1,0,0,1,1,0,4096,512,1,63.48608,1.606061
1,0,1,0,0,1,1,0,65536,512,1,63.25352,1.74975
1,0,1,0,0,1,1,0,256,8,8,82.16748,1.743416
1,0,1,0,0,1,1,0,4096,8,8,76.8341,1.701391
1,0,1,0,0,1,1,0,65536,8,8,81.78796,1.982387
1,0,1,0,0,1,1,0,256,64,8,62.07534,1.514707
1,0,1,0,0,1,1,0,4096,64,8,66.38948,1.4169
1,0,1,0,0,1,1,0,65536,64,8,65.60718,1.453671
1,0,1,0,0,1,1,0,256,512,8,61.99804,1.670431
1,0,1,0,0,1,1,0,4096,512,8,61.58386,1.647083
1,0,1,0,0,1,1,0,65536,512,8,64.27176,1.804814
1,0,1,0,0,1,1,0,256,8,64,81.21746,1.718152
1,0,1,0,0,1,1,0,4096,8,64,80.35662,1.75908
1,0,1,0,0,1,1,0,65536,8,64,84.58386,1.792011
1,0,1,0,0,1,1,0,256,64,64,63.64128,1.620656
1,0,1,0,0,1,1,0,4096,64,64,65.6012,1.566191
1,0,1,0,0,1,1,0,65536,64,64,64.16496,1.644678
1,0,1,0,0,1,1,0,256,512,64,60.11624,1.747968
1,0,1,0,0,1,1,0,4096,512,64,60.91276,1.569413
1,0,1,0,0,1,1,0,65536,512,64,66.31668,1.476516
1,0,1,0,0,1,1,1,256,8,1,73.80676,1.613482
1,0,1,0,0,1,1,1,4096,8,1,77.55748,1.485537
1,0,1,0,0,1,1,1,65536,8,1,85.36528,1.642217
1,0,1,0,0,1,1,1,256,64,1,67.20746,1.522844
1,0,1,0,0,1,1,1,4096,64,1,64.51092,1.416166
1,0,1,0,0,1,1,1,65536,64,1,63.03016,1.62985
1,0,1,0,0,1,1,1,256,512,1,67.62936,1.735534
1,0,1,0,0,1,1,1,4096,512,1,67.87554,1.46336
1,0,1,0,0,1,1,1,65536,512,1,71.07574,1.404967
1,0,1,0,0,1,1,1,256,8,8,76.28194,1.611654
1,0,1,0,0,1,1,1,4096,8,8,71.6295,1.818391
1,0,1,0,0,1,1,1,65536,8,8,77.65294,1.689218
1,0,1,0,0,1,1,1,256,64,8,65.7913,1.643881
1,0,1,0,0,1,1,1,4096,64,8,63.87594,1.634562
1,0,1,0,0,1,1,1,65536,64,8,63.9062,1.751149
1,0,1,0,0,1,1,1,256,512,8,63.53994,1.559842
1,0,1,0,0,1,1,1,4096,512,8,65.72888,1.386949
1,0,1,0,0,1,1,1,65536,512,8,64.92884,1.74724
1,0,1,0,0,1,1,1,256,8,64,76.19752,1.763254
1,0,1,0,0,1,1,1,4096,8,64,77.53552,1.943789
1,0,1,0,0,1,1,1,65536,8,64,82.53034,1.803394
1,0,1,0,0,1,1,1,256,64,64,66.30684,1.754474
1,0,1,0,0,1,1,1,4096,64,64,62.0596,1.555902
1,0,1,0,0,1,1,1,65536,64,64,67.61356,1.458549
1,0,1,0,0,1,1,1,256,512,64,66.95442,1.474416
1,0,1,0,0,1,1,1,4096,512,64,65.14762,1.65154
1,0,1,0,0,1,1,1,65536,512,64,68.87998,1.521248
1,0,1,0,1,0,0,0,256,8,1,132.32214,2.098229
1,0,1,0,1,0,0,0,4096,8,1,127.8706,1.371009
1,0,1,0,1,0,0,0,65536,8,1,139.66136,1.800134
1,0,1,0,1,0,0,0,256,64,1,121.23378,1.533649
1,0,1,0,1,0,0,0,4096,64,1,123.39188,1.527155
1,0,1,0,1,0,0,0,65536,64,1,119.49972,1.533097
1,0,1,0,1,0,0,0,256,512,1,130.95498,1.54617
1,0,1,0,1,0,0,0,4096,512,1,119.25102,1.424655
1,0,1,0,1,0,0,0,65536,512,1,121.74636,1.666436
1,0,1,0,1,0,0,0,256,8,8,137.31596,1.129671
1,0,1,0,1,0,0,0,4096,8,8,143.52402,1.963168
1,0,1,0,1,0,0,0,65536,8,8,132.12136,1.437626
1,0,1,0,1,0,0,0,256,64,8,117.85066,1.430582
1,0,1,0,1,0,0,0,4096,64,8,124.61498,1.487116
1,0,1,0,1,0,0,0,65536,64,8,128.3507,1.743184
1,0,1,0,1,0,0,0,256,512,8,124.8017,1.557687
1,0,1,0,1,0,0,0,4096,512,8,119.76966,1.237812
1,0,1,0,1,0,0,0,65536,512,8,127.54664,1.337047
1,0,1,0,1,0,0,0,256,8,64,126.5307,1.579173
1,0,1,0,1,0,0,0,4096,8,64,139.55442,1.493418
1,0,1,0,1,0,0,0,65536,8,64,129.50516,1.540379
1,0,1,0,1,0,0,0,256,64,64,125.387,1.555658
1,0,1,0,1,0,0,0,4096,64,64,116.56724,1.312526
1,0,1,0,1,0,0,0,65536,64,64,130.5035,1.47403
1,0,1,0,1,0,0,0,256,512,64,119.13246,1.437558
1,0,1,0,1,0,0,0,4096,512,64,127.77774,1.693651
1,0,1,0,1,0,0,0,65536,512,64,133.1577,1.687827
1,0,1,0,1,0,0,1,256,8,1,140.77832,1.107218
1,0,1,0,1,0,0,1,4096,8,1,133.32166,1.811704
1,0,1,0,1,0,0,1,65536,8,1,145.57968,1.327941
1,0,1,0,1,0,0,1,256,64,1,120.93716,1.409198
1,0,1,0,1,0,0,1,4096,64,1,130.08078,1.391734
1,0,1,0,1,0,0,1,65536,64,1,132.76238,1.633282
1,0,1,0,1,0,0,1,256,512,1,115.60052,1.286875
1,0,1,0,1,0,0,1,4096,512,1,131.51036,1.402135
1,0,1,0,1,0,0,1,65536,512,1,118.17178,1.174778
1,0,1,0,1,0,0,1,256,8,8,145.09264,1.752392
1,0,1,0,1,0,0,1,4096,8,8,137.67414,1.633706
1,0,1,0,1,0,0,1,65536,8,8,142.0761,1.478741
1,0,1,0,1,0,0,1,256,64,8,123.64052,1.20278
1,0,1,0,1,0,0,1,4096,64,8,126.24064,1.651573
1,0,1,0,1,0,0,1,65536,64,8,126.04182,1.463239
1,0,1,0,1,0,0,1,256,512,8,118.38758,1.809646
1,0,1,0,1,0,0,1,4096,512,8,125.23114,1.536134
1,0,1,0,1,0,0,1,65536,512,8,128.68764,1.327143
1,0,1,0,1,0,0,1,256,8,64,133.11794,1.945573
1,0,1,0,1,0,0,1,4096,8,64,140.8152,1.70006
1,0,1,0,1,0,0,1,65536,8,64,145.185,1.915161
1,0,1,0,1,0,0,1,256,64,64,122.32018,1.236306
1,0,1,0,1,0,0,1,4096,64,64,122.13442,1.64572
1,0,1,0,1,0,0,1,65536,64,64,124.91508,1.496063
1,0,1,0,1,0,0,1,256,512,64,120.27536,1.664856
1,0,1,0,1,0,0,1,4096,512,64,132.59998,1.471244
1,0,1,0,1,0,0,1,65536,512,64,122.71284,1.599655
1,0,1,0,1,0,1,0,256,8,1,195.08038,1.372822
1,0,1,0,1,0,1,0,4096,8,1,191.7285,2.44004
1,0,1,0,1,0,1,0,65536,8,1,195.83798,1.484126
1,0,1,0,1,0,1,0,256,64,1,182.71382,2.313821
1,0,1,0,1,0,1,0,4096,64,1,182.71246,1.855569
1,0,1,0,1,0,1,0,65536,64,1,182.29456,2.006323
1,0,1,0,1,0,1,0,256,512,1,168.03008,1.506275
1,0,1,0,1,0,1,0,4096,512,1,179.71918,1.598958
1,0,1,0,1,0,1,0,65536,512,1,178.21364,1.88633
1,0,1,0,1,0,1,0,256,8,8,194.55664,1.421179
1,0,1,0,1,0,1,0,4096,8,8,193.39354,1.433396
1,0,1,0,1,0,1,0,65536,8,8,196.45734,1.913601
1,0,1,0,1,0,1,0,256,64,8,174.82132,1.347916
1,0,1,0,1,0,1,0,4096,64,8,178.07954,1.508632
1,0,1,0,1,0,1,0,65536,64,8,178.05722,1.423925
1,0,1,0,1,0,1,0,256,512,8,178.92934,1.821759
1,0,1,0,1,0,1,0,4096,512,8,176.87678,1.839747
1,0,1,0,1,0,1,0,65536,512,8,183.6792,1.494642
1,0,1,0,1,0,1,0,256,8,64,195.8429,1.492303
1,0,1,0,1,0,1,0,4096,8,64,194.49294,1.804986
1,0,1,0,1,0,1,0,65536,8,64,199.92904,1.497038
1,0,1,0,1,0,1,0,256,64,64,177.30792,1.456752
1,0,1,0,1,0,1,0,4096,64,64,180.26528,1.213803
1,0,1,0,1,0,1,0,65536,64,64,177.74082,1.710252
1,0,1,0,1,0,1,0,256,512,64,177.7507,2.060282
1,0,1,0,1,0,1,0,4096,512,64,180.8247,1.249659
1,0,1,0,1,0,1,0,65536,512,64,183.96716,2.081761
1,0,1,0,1,0,1,1,256,8,1,210.72088,1.441201
1,0,1,0,1,0,1,1,4096,8,1,208.66318,1.054004
1,0,1,0,1,0,1,1,65536,8,1,213.5254,1.44888
1,0,1,0,1,0,1,1,256,64,1,184.5632,1.265678
1,0,1,0,1,0,1,1,4096,64,1,181.82778,1.499571
1,0,1,0,1,0,1,1,65536,64,1,180.74118,1.209308
1,0,1,0,1,0,1,1,256,512,1,187.13222,1.903895
1,0,1,0,1,0,1,1,4096,512,1,183.83054,1.309875
1,0,1,0,1,0,1,1,65536,512,1,184.33572,1.890773
1,0,1,0,1,0,1,1,256,8,8,204.25208,1.396929
1,0,1,0,1,0,1,1,4096,8,8,214.24328,1.852899
1,0,1,0,1,0,1,1,65536,8,8,209.00358,1.644513
1,0,1,0,1,0,1,1,256,64,8,183.53776,1.797585
1,0,1,0,1,0,1,1,4096,64,8,177.63588,1.681339
1,0,1,0,1,0,1,1,65536,64,8,181.8303,1.491422
1,0,1,0,1,0,1,1,256,512,8,183.50686,1.733424
1,0,1,0,1,0,1,1,4096,512,8,182.79288,1.374979
1,0,1,0,1,0,1,1,65536,512,8,178.43548,1.258366
1,0,1,0,1,0,1,1,256,8,64,212.80754,1.819322
1,0,1,0,1,0,1,1,4096,8,64,210.93856,1.118207
1,0,1,0,1,0,1,1,65536,8,64,201.4908,1.606212
1,0,1,0,1,0,1,1,256,64,64,185.6874,1.632747
1,0,1,0,1,0,1,1,4096,64,64,185.85926,1.338843
1,0,1,0,1,0,1,1,65536,64,64,184.10094,2.012904
1,0,1,0,1,0,1,1,256,512,64,182.57834,1.812928
1,0,1,0,1,0,1,1,4096,512,64,187.3751,1.244724
1,0,1,0,1,0,1,1,65536,512,64,196.03558,1.632986
1,0,1,1,0,0,0,0,256,8,1,66.76542,2.021084
1,0,1,1,0,0,0,0,4096,8,1,66.61184,1.758741
1,0,1,1,0,0,0,0,65536,8,1,65.53812,1.656031
1,0,1,1,0,0,0,0,256,64,1,61.5545,1.613327
1,0,1,1,0,0,0,0,4096,64,1,67.94832,1.431208
1,0,1,1,0,0,0,0,65536,64,1,59.2532,1.54633
1,0,1,1,0,0,0,0,256,512,1,60.05058,1.547121
1,0,1,1,0,0,0,0,4096,512,1,62.40172,1.605274
1,0,1,1,0,0,0,0,65536,512,1,62.21736,1.67056
1,0,1,1,0,0,0,0,256,8,8,59.71644,1.751162
1,0,1,1,0,0,0,0,4096,8,8,61.50246,1.735867
1,0,1,1,0,0,0,0,65536,8,8,61.91214,1.821963
1,0,1,1,0,0,0,0,256,64,8,64.0298,1.602599
1,0,1,1,0,0,0,0,4096,64,8,59.73318,1.522072
1,0,1,1,0,0,0,0,65536,64,8,61.36082,1.64658
1,0,1,1,0,0,0,0,256,512,8,63.11236,1.784867
1,0,1,1,0,0,0,0,4096,512,8,63.82168,1.650623
1,0,1,1,0,0,0,0,65536,512,8,64.05008,1.592737
1,0,1,1,0,0,0,0,256,8,64,64.16582,1.911696
1,0,1,1,0,0,0,0,4096,8,64,68.63506,1.845419
1,0,1,1,0,0,0,0,65536,8,64,65.29248,1.718231
1,0,1,1,0,0,0,0,256,64,64,60.31724,1.5282
1,0,1,1,0,0,0,0,4096,64,64,63.58248,1.783535
1,0,1,1,0,0,0,0,65536,64,64,64.41892,1.583718
1,0,1,1,0,0,0,0,256,512,64,57.55776,1.637253
1,0,1,1,0,0,0,0,4096,512,64,57.69104,1.564503
1,0,1,1,0,0,0,0,65536,512,64,63.8527,1.546799
1,0,1,1,0,0,0,1,256,8,1,72.51996,1.712805
1,0,1,1,0,0,0,1,4096,8,1,67.768,1.691378
1,0,1,1,0,0,0,1,65536,8,1,73.01804,1.618009
1,0,1,1,0,0,0,1,256,64,1,62.45114,1.706501
1,0,1,1,0,0,0,1,4096,64,1,67.18814,1.536065
1,0,1,1,0,0,0,1,65536,64,1,57.003,1.897585
1,0,1,1,0,0,0,1,256,512,1,61.7266,1.655785
1,0,1,1,0,0,0,1,4096,512,1,66.88106,1.673736
1,0,1,1,0,0,0,1,65536,512,1,65.68756,1.474002
1,0,1,1,0,0,0,1,256,8,8,67.9846,1.757667
1,0,1,1,0,0,0,1,4096,8,8,70.12018,1.645884
1,0,1,1,0,0,0,1,65536,8,8,66.27538,1.855291
1,0,1,1,0,0,0,1,256,64,8,59.8243,1.600729
1,0,1,1,0,0,0,1,4096,64,8,64.30116,1.598334
1,0,1,1,0,0,0,1,65536,64,8,67.14076,1.657408
1,0,1,1,0,0,0,1,256,512,8,59.45774,1.703227
1,0,1,1,0,0,0,1,4096,512,8,66.43056,1.37102
1,0,1,1,0,0,0,1,65536,512,8,61.54488,1.680538
1,0,1,1,0,0,0,1,256,8,64,67.97026,1.761691
1,0,1,1,0,0,0,1,4096,8,64,67.20594,1.735302
1,0,1,1,0,0,0,1,65536,8,64,70.79542,1.744258
1,0,1,1,0,0,0,1,256,64,64,69.62692,1.585649
1,0,1,1,0,0,0,1,4096,64,64,68.26452,1.447527
1,0,1,1,0,0,0,1,65536,64,64,61.48692,1.607188
1,0,1,1,0,0,0,1,256,512,64,65.65044,1.503059
1,0,1,1,0,0,0,1,4096,512,64,66.10128,1.592155
1,0,1,1,0,0,0,1,65536,512,64,58.88278,1.723009
1,0,1,1,0,0,1,0,256,8,1,66.38508,2.048976
1,0,1,1,0,0,1,0,4096,8,1,63.2707,1.703746
1,0,1,1,0,0,1,0,65536,8,1,66.42318,1.858495
1,0,1,1,0,0,1,0,256,64,1,59.14678,1.756202
1,0,1,1,0,0,1,0,4096,64,1,60.37182,1.709559
1,0,1,1,0,0,1,0,65536,64,1,64.89984,1.557686
1,0,1,1,0,0,1,0,256,512,1,66.31226,1.657051
1,0,1,1,0,0,1,0,4096,512,1,62.89136,1.700527
1,0,1,1,0,0,1,0,65536,512,1,66.86548,1.480853
1,0,1,1,0,0,1,0,256,8,8,68.76114,1.885237
1,0,1,1,0,0,1,0,4096,8,8,71.93534,1.603018
1,0,1,1,0,0,1,0,65536,8,8,68.76882,1.754109
1,0,1,1,0,0,1,0,256,64,8,62.39712,1.997773
1,0,1,1,0,0,1,0,4096,64,8,65.67968,1.504187
1,0,1,1,0,0,1,0,65536,64,8,65.2189,1.388449
1,0,1,1,0,0,1,0,256,512,8,67.391,1.422464
1,0,1,1,0,0,1,0,4096,512,8,60.5284,1.493759
1,0,1,1,0,0,1,0,65536,512,8,63.00506,1.437403
1,0,1,1,0,0,1,0,256,8,64,64.671,1.753758
1,0,1,1,0,0,1,0,4096,8,64,63.5517,1.751359
1,0,1,1,0,0,1,0,65536,8,64,65.11014,1.761262
1,0,1,1,0,0,1,0,256,64,64,63.53058,1.512873
1,0,1,1,0,0,1,0,4096,64,64,58.41284,1.659385
1,0,1,1,0,0,1,0,65536,64,64,60.56744,1.671364
1,0,1,1,0,0,1,0,256,512,64,65.94566,1.526359
1,0,1,1,0,0,1,0,4096,512,64,64.82308,1.656722
1,0,1,1,0,0,1,0,65536,512,64,61.63208,1.550645
1,0,1,1,0,0,1,1,256,8,1,77.183,1.576383
1,0,1,1,0,0,1,1,4096,8,1,73.24244,1.698908
1,0,1,1,0,0,1,1,65536,8,1,71.27526,1.648991
1,0,1,1,0,0,1,1,256,64,1,64.39756,1.521079
1,0,1,1,0,0,1,1,4096,64,1,66.39912,1.467283
1,0,1,1,0,0,1,1,65536,64,1,64.10244,1.590119
1,0,1,1,0,0,1,1,256,512,1,71.03118,1.562315
1,0,1,1,0,0,1,1,4096,512,1,67.27866,1.460646
1,0,1,1,0,0,1,1,65536,512,1,62.0616,1.72489
1,0,1,1,0,0,1,1,256,8,8,72.79566,1.59231
1,0,1,1,0,0,1,1,4096,8,8,72.34228,1.628638
1,0,1,1,0,0,1,1,65536,8,8,67.06784,1.919909
1,0,1,1,0,0,1,1,256,64,8,72.54666,1.453159
1,0,1,1,0,0,1,1,4096,64,8,66.2754,1.735728
1,0,1,1,0,0,1,1,65536,64,8,70.3974,1.475184
1,0,1,1,0,0,1,1,256,512,8,63.51462,1.806646
1,0,1,1,0,0,1,1,4096,512,8,63.37058,1.689943
1,0,1,1,0,0,1,1,65536,512,8,64.55818,1.578436
1,0,1,1,0,0,1,1,256,8,64,73.58054,1.756454
1,0,1,1,0,0,1,1,4096,8,64,67.47164,1.688054
1,0,1,1,0,0,1,1,65536,8,64,65.15092,1.612266
1,0,1,1,0,0,1,1,256,64,64,70.4566,1.587977
1,0,1,1,0,0,1,1,4096,64,64,62.80038,1.539108
1,0,1,1,0,0,1,1,65536,64,64,69.09474,1.546767
1,0,1,1,0,0,1,1,256,512,64,68.31548,1.577181
1,0,1,1,0,0,1,1,4096,512,64,67.31598,1.392042
1,0,1,1,0,0,1,1,65536,512,64,71.7009,1.487402
1,1,1,0,0,1,0,0,256,8,1,75.8544,1.925332
1,1,1,0,0,1,0,0,4096,8,1,80.96556,1.778526
1,1,1,0,0,1,0,0,65536,8,1,79.9052,1.648522
1,1,1,0,0,1,0,0,256,64,1,61.54948,1.418211
1,1,1,0,0,1,0,0,4096,64,1,62.86458,1.809889
1,1,1,0,0,1,0,0,65536,64,1,58.88552,1.611652
1,1,1,0,0,1,0,0,256,512,1,62.30206,1.675374
1,1,1,0,0,1,0,0,4096,512,1,57.77232,1.763885
1,1,1,0,0,1,0,0,65536,512,1,60.71928,1.743873
1,1,1,0,0,1,0,0,256,8,8,77.44026,1.825017
1,1,1,0,0,1,0,0,4096,8,8,75.44806,1.725137
1,1,1,0,0,1,0,0,65536,8,8,76.9347,1.779321
1,1,1,0,0,1,0,0,256,64,8,61.53418,1.536753
1,1,1,0,0,1,0,0,4096,64,8,60.98682,1.626948
1,1,1,0,0,1,0,0,65536,64,8,63.97494,1.523635
1,1,1,0,0,1,0,0,256,512,8,64.55628,1.443116
1,1,1,0,0,1,0,0,4096,512,8,59.09386,1.929863
1,1,1,0,0,1,0,0,65536,512,8,65.3897,1.541053
1,1,1,0,0,1,0,0,256,8,64,74.05852,1.905012
1,1,1,0,0,1,0,0,4096,8,64,73.33678,1.881376
1,1,1,0,0,1,0,0,65536,8,64,73.32566,1.791358
1,1,1,0,0,1,0,0,256,64,64,57.76866,1.530319
1,1,1,0,0,1,0,0,4096,64,64,63.116,1.730148
1,1,1,0,0,1,0,0,65536,64,64,59.0877,1.56885
1,1,1,0,0,1,0,0,256,512,64,58.90066,1.66945
1,1,1,0,0,1,0,0,4096,512,64,60.14096,1.584772
1,1,1,0,0,1,0,0,65536,512,64,60.51112,1.530507
1,1,1,0,0,1,0,1,256,8,1,70.0061,1.635882
1,1,1,0,0,1,0,1,4096,8,1,72.53932,1.782625
1,1,1,0,0,1,0,1,65536,8,1,76.54384,1.903727
1,1,1,0,0,1,0,1,256,64,1,61.9925,1.545043
1,1,1,0,0,1,0,1,4096,64,1,59.5411,1.909999
1,1,1,0,0,1,0,1,65536,64,1,59.66418,1.600513
1,1,1,0,0,1,0,1,256,512,1,64.23882,1.560819
1,1,1,0,0,1,0,1,4096,512,1,64.16854,1.50228
1,1,1,0,0,1,0,1,65536,512,1,63.81434,1.44281
1,1,1,0,0,1,0,1,256,8,8,75.892,1.725259
1,1,1,0,0,1,0,1,4096,8,8,76.86476,1.809235
1,1,1,0,0,1,0,1,65536,8,8,73.5878,1.667866
1,1,1,0,0,1,0,1,256,64,8,65.29732,1.561618
1,1,1,0,0,1,0,1,4096,64,8,61.2999,1.539308
1,1,1,0,0,1,0,1,65536,64,8,57.0357,1.654442
1,1,1,0,0,1,0,1,256,512,8,60.18998,1.718658
1,1,1,0,0,1,0,1,4096,512,8,62.22112,1.526852
1,1,1,0,0,1,0,1,65536,512,8,65.8721,1.540702
1,1,1,0,0,1,0,1,256,8,64,75.7137,1.700449
1,1,1,0,0,1,0,1,4096,8,64,74.305,1.78646
1,1,1,0,0,1,0,1,65536,8,64,78.4292,1.566516
1,1,1,0,0,1,0,1,256,64,64,61.33648,1.727309
1,1,1,0,0,1,0,1,4096,64,64,64.59998,1.515467
1,1,1,0,0,1,0,1,65536,64,64,63.77212,1.485273
1,1,1,0,0,1,0,1,256,512,64,62.80772,1.617343
1,1,1,0,0,1,0,1,4096,512,64,58.50764,1.690287
1,1,1,0,0,1,0,1,65536,512,64,67.62396,1.55577
1,1,1,0,0,1,1,0,256,8,1,81.27952,1.642251
1,1,1,0,0,1,1,0,4096,8,1,80.95856,1.74872
1,1,1,0,0,1,1,0,65536,8,1,79.28466,1.855874
1,1,1,0,0,1,1,0,256,64,1,65.45206,1.373608
1,1,1,0,0,1,1,0,4096,64,1,63.44972,1.742841
1,1,1,0,0,1,1,0,65536,64,1,59.93114,1.683757
1,1,1,0,0,1,1,0,256,512,1,66.7145,1.701512
1,1,1,0,0,1,1,0,4096,512,1,64.47814,1.484369
1,1,1,0,0,1,1,0,65536,512,1,61.3593,1.590684
1,1,1,0,0,1,1,0,256,8,8,82.21762,1.667379
1,1,1,0,0,1,1,0,4096,8,8,74.62154,1.776428
1,1,1,0,0,1,1,0,65536,8,8,84.83558,1.6365
1,1,1,0,0,1,1,0,256,64,8,64.97624,1.561295
1,1,1,0,0,1,1,0,4096,64,8,60.11002,1.565568
1,1,1,0,0,1,1,0,65536,64,8,68.01396,1.520951
1,1,1,0,0,1,1,0,256,512,8,60.86454,1.628683
1,1,1,0,0,1,1,0,4096,512,8,63.89296,1.613454
1,1,1,0,0,1,1,0,65536,512,8,68.20818,1.556203
1,1,1,0,0,1,1,0,256,8,64,79.19292,1.643417
1,1,1,0,0,1,1,0,4096,8,64,82.16754,1.620885
1,1,1,0,0,1,1,0,65536,8,64,76.5226,1.863516
1,1,1,0,0,1,1,0,256,64,64,60.47674,1.628909
1,1,1,0,0,1,1,0,4096,64,64,63.61324,1.644288
1,1,1,0,0,1,1,0,65536,64,64,60.41064,1.858681
1,1,1,0,0,1,1,0,256,512,64,62.55246,1.705371
1,1,1,0,0,1,1,0,4096,512,64,60.98176,1.663316
1,1,1,0,0,1,1,0,65536,512,64,63.20732,1.658053
1,1,1,0,0,1,1,1,256,8,1,79.09694,1.84261
1,1,1,0,0,1,1,1,4096,8,1,79.36434,1.720359
1,1,1,0,0,1,1,1,65536,8,1,82.89678,1.552177
1,1,1,0,0,1,1,1,256,64,1,65.15744,1.591509
1,1,1,0,0,1,1,1,4096,64,1,63.64778,1.410698
1,1,1,0,0,1,1,1,65536,64,1,64.98928,1.676824
1,1,1,0,0,1,1,1,256,512,1,66.88148,1.754942
1,1,1,0,0,1,1,1,4096,512,1,62.53318,1.652066
1,1,1,0,0,1,1,1,65536,512,1,61.35736,1.819244
1,1,1,0,0,1,1,1,256,8,8,77.95192,1.852922
1,1,1,0,0,1,1,1,4096,8,8,74.0829,1.897551
1,1,1,0,0,1,1,1,65536,8,8,75.75952,1.556799
1,1,1,0,0,1,1,1,256,64,8,68.40764,1.653925
1,1,1,0,0,1,1,1,4096,64,8,67.9715,1.412018
1,1,1,0,0,1,1,1,65536,64,8,63.6934,1.870805
1,1,1,0,0,1,1,1,256,512,8,59.30456,1.666205
1,1,1,0,0,1,1,1,4096,512,8,61.59146,1.576184
1,1,1,0,0,1,1,1,65536,512,8,62.1079,1.812544
1,1,1,0,0,1,1,1,256,8,64,77.89244,1.748903
1,1,1,0,0,1,1,1,4096,8,64,72.62398,1.702435
1,1,1,0,0,1,1,1,65536,8,64,81.01184,1.676432
1,1,1,0,0,1,1,1,256,64,64,64.97018,1.501437
1,1,1,0,0,1,1,1,4096,64,64,61.2997,1.842257
1,1,1,0,0,1,1,1,65536,64,64,61.47228,1.706902
1,1,1,0,0,1,1,1,256,512,64,66.19658,1.517274
1,1,1,0,0,1,1,1,4096,512,64,64.83964,1.521937
1,1,1,0,0,1,1,1,65536,512,64,67.26862,1.438729
1,1,1,0,1,0,0,0,256,8,1,61.02224,1.702419
1,1,1,0,1,0,0,0,4096,8,1,62.09794,1.475808
1,1,1,0,1,0,0,0,65536,8,1,58.14306,1.667669
1,1,1,0,1,0,0,0,256,64,1,62.24836,1.309406
1,1,1,0,1,0,0,0,4096,64,1,58.37488,1.439672
1,1,1,0,1,0,0,0,65536,64,1,57.46366,1.481897
1,1,1,0,1,0,0,0,256,512,1,60.48508,1.356427
1,1,1,0,1,0,0,0,4096,512,1,60.43964,1.271543
1,1,1,0,1,0,0,0,65536,512,1,59.16556,1.401437
1,1,1,0,1,0,0,0,256,8,8,65.27692,1.460937
1,1,1,0,1,0,0,0,4096,8,8,59.71142,1.647472
1,1,1,0,1,0,0,0,65536,8,8,63.06456,1.651824
1,1,1,0,1,0,0,0,256,64,8,57.36648,1.448578
1,1,1,0,1,0,0,0,4096,64,8,58.41386,1.511753
1,1,1,0,1,0,0,0,65536,64,8,59.37668,1.502772
1,1,1,0,1,0,0,0,256,512,8,62.76702,1.199561
1,1,1,0,1,0,0,0,4096,512,8,59.96744,1.356983
1,1,1,0,1,0,0,0,65536,512,8,59.11362,1.390802
1,1,1,0,1,0,0,0,256,8,64,61.01346,1.554776
1,1,1,0,1,0,0,0,4096,8,64,65.99692,1.488095
1,1,1,0,1,0,0,0,65536,8,64,65.5255,1.299824
1,1,1,0,1,0,0,0,256,64,64,58.65604,1.39118
1,1,1,0,1,0,0,0,4096,64,64,56.88006,1.331115
1,1,1,0,1,0,0,0,65536,64,64,59.47256,1.444736
1,1,1,0,1,0,0,0,256,512,64,62.75928,1.273052
1,1,1,0,1,0,0,0,4096,512,64,64.04694,1.303733
1,1,1,0,1,0,0,0,65536,512,64,60.06514,1.208581
1,1,1,0,1,0,0,1,256,8,1,67.28282,1.472668
1,1,1,0,1,0,0,1,4096,8,1,65.5835,1.559393
1,1,1,0,1,0,0,1,65536,8,1,69.38328,1.487801
1,1,1,0,1,0,0,1,256,64,1,63.66606,1.319956
1,1,1,0,1,0,0,1,4096,64,1,59.66058,1.325812
1,1,1,0,1,0,0,1,65536,64,1,60.82088,1.342498
1,1,1,0,1,0,0,1,256,512,1,60.46336,1.414561
1,1,1,0,1,0,0,1,4096,512,1,59.61866,1.354097
1,1,1,0,1,0,0,1,65536,512,1,64.32316,1.290053
1,1,1,0,1,0,0,1,256,8,8,64.90004,1.484875
1,1,1,0,1,0,0,1,4096,8,8,66.5715,1.484554
1,1,1,0,1,0,0,1,65536,8,8,64.285,1.439492
1,1,1,0,1,0,0,1,256,64,8,61.97516,1.247643
1,1,1,0,1,0,0,1,4096,64,8,65.23672,1.332211
1,1,1,0,1,0,0,1,65536,64,8,59.81042,1.254684
1,1,1,0,1,0,0,1,256,512,8,63.63872,1.367971
1,1,1,0,1,0,0,1,4096,512,8,60.07014,1.423734
1,1,1,0,1,0,0,1,65536,512,8,62.46328,1.554945
1,1,1,0,1,0,0,1,256,8,64,70.92708,1.562285
1,1,1,0,1,0,0,1,4096,8,64,72.3029,1.35451
1,1,1,0,1,0,0,1,65536,8,64,67.90246,1.466743
1,1,1,0,1,0,0,1,256,64,64,63.24916,1.327217
1,1,1,0,1,0,0,1,4096,64,64,65.7431,1.534441
1,1,1,0,1,0,0,1,65536,64,64,61.01242,1.471288
1,1,1,0,1,0,0,1,256,512,64,60.80256,1.50468
1,1,1,0,1,0,0,1,4096,512,64,62.63726,1.216988
1,1,1,0,1,0,0,1,65536,512,64,66.89696,1.385645
1,1,1,0,1,0,1,0,256,8,1,58.9856,1.694267
1,1,1,0,1,0,1,0,4096,8,1,62.91166,1.643776
1,1,1,0,1,0,1,0,65536,8,1,62.06858,1.554991
1,1,1,0,1,0,1,0,256,64,1,61.02158,1.411715
1,1,1,0,1,0,1,0,4096,64,1,65.21644,1.384752
1,1,1,0,1,0,1,0,65536,64,1,60.72236,1.522173
1,1,1,0,1,0,1,0,256,512,1,60.42356,1.465019
1,1,1,0,1,0,1,0,4096,512,1,60.27534,1.336673
1,1,1,0,1,0,1,0,65536,512,1,59.44794,1.522216
1,1,1,0,1,0,1,0,256,8,8,66.19002,1.498277
1,1,1,0,1,0,1,0,4096,8,8,62.16232,1.643232
1,1,1,0,1,0,1,0,65536,8,8,61.072,1.726561
1,1,1,0,1,0,1,0,256,64,8,62.11918,1.339232
1,1,1,0,1,0,1,0,4096,64,8,66.13198,1.363668
1,1,1,0,1,0,1,0,65536,64,8,59.94766,1.378801
1,1,1,0,1,0,1,0,256,512,8,62.78264,1.47623
1,1,1,0,1,0,1,0,4096,512,8,60.08222,1.423748
1,1,1,0,1,0,1,0,65536,512,8,65.64336,1.312765
1,1,1,0,1,0,1,0,256,8,64,69.26912,1.505381
1,1,1,0,1,0,1,0,4096,8,64,63.34992,1.551248
1,1,1,0,1,0,1,0,65536,8,64,60.84856,1.599015
1,1,1,0,1,0,1,0,256,64,64,65.52552,1.344552
1,1,1,0,1,0,1,0,4096,64,64,64.81616,1.299051
1,1,1,0,1,0,1,0,65536,64,64,60.54748,1.285858
1,1,1,0,1,0,1,0,256,512,64,59.98842,1.431877
1,1,1,0,1,0,1,0,4096,512,64,59.9573,1.558229
1,1,1,0,1,0,1,0,65536,512,64,64.49122,1.220719
1,1,1,0,1,0,1,1,256,8,1,77.21358,1.491307
1,1,1,0,1,0,1,1,4096,8,1,64.09456,1.64461
1,1,1,0,1,0,1,1,65536,8,1,67.99004,1.545044
1,1,1,0,1,0,1,1,256,64,1,64.12856,1.280877
1,1,1,0,1,0,1,1,4096,64,1,64.7858,1.411191
1,1,1,0,1,0,1,1,65536,64,1,64.30182,1.431048
1,1,1,0,1,0,1,1,256,512,1,63.66312,1.288336
1,1,1,0,1,0,1,1,4096,512,1,66.31236,1.47222
1,1,1,0,1,0,1,1,65536,512,1,60.8158,1.262369
1,1,1,0,1,0,1,1,256,8,8,66.11302,1.744768
1,1,1,0,1,0,1,1,4096,8,8,71.888,1.481899
1,1,1,0,1,0,1,1,65536,8,8,65.82812,1.567721
1,1,1,0,1,0,1,1,256,64,8,62.48588,1.397253
1,1,1,0,1,0,1,1,4096,64,8,60.93196,1.347716
1,1,1,0,1,0,1,1,65536,64,8,66.17652,1.47941
1,1,1,0,1,0,1,1,256,512,8,68.72824,1.281253
1,1,1,0,1,0,1,1,4096,512,8,59.9968,1.365632
1,1,1,0,1,0,1,1,65536,512,8,65.63716,1.306907
1,1,1,0,1,0,1,1,256,8,64,70.43174,1.461252
1,1,1,0,1,0,1,1,4096,8,64,68.70078,1.52434
1,1,1,0,1,0,1,1,65536,8,64,71.66022,1.460566
1,1,1,0,1,0,1,1,256,64,64,64.83686,1.293708
1,1,1,0,1,0,1,1,4096,64,64,66.32098,1.330688
1,1,1,0,1,0,1,1,65536,64,64,58.91148,1.428419
1,1,1,0,1,0,1,1,256,512,64,64.81348,1.284143
1,1,1,0,1,0,1,1,4096,512,64,66.59162,1.368432
1,1,1,0,1,0,1,1,65536,512,64,59.6571,1.324225
1,1,1,1,0,0,0,0,256,8,1,67.06866,1.769089
1,1,1,1,0,0,0,0,4096,8,1,66.13916,1.951205
1,1,1,1,0,0,0,0,65536,8,1,58.62206,1.886453
1,1,1,1,0,0,0,0,256,64,1,61.75838,1.526696
1,1,1,1,0,0,0,0,4096,64,1,59.25988,1.606628
1,1,1,1,0,0,0,0,65536,64,1,58.3118,1.53144
1,1,1,1,0,0,0,0,256,512,1,64.94572,1.415786
1,1,1,1,0,0,0,0,4096,512,1,61.43082,1.595258
1,1,1,1,0,0,0,0,65536,512,1,61.214,1.584244
1,1,1,1,0,0,0,0,256,8,8,65.49966,1.71875
1,1,1,1,0,0,0,0,4096,8,8,61.83992,1.777277
1,1,1,1,0,0,0,0,65536,8,8,62.90274,1.798307
1,1,1,1,0,0,0,0,256,64,8,60.54812,1.528208
1,1,1,1,0,0,0,0,4096,64,8,57.1306,1.701659
1,1,1,1,0,0,0,0,65536,64,8,64.29004,1.570353
1,1,1,1,0,0,0,0,256,512,8,63.08254,1.5008
1,1,1,1,0,0,0,0,4096,512,8,66.91638,1.399781
1,1,1,1,0,0,0,0,65536,512,8,59.57054,1.718633
1,1,1,1,0,0,0,0,256,8,64,62.19566,1.678297
1,1,1,1,0,0,0,0,4096,8,64,62.05254,1.730168
1,1,1,1,0,0,0,0,65536,8,64,66.92344,1.546782
1,1,1,1,0,0,0,0,256,64,64,64.41914,1.549123
1,1,1,1,0,0,0,0,4096,64,64,59.1289,1.474133
1,1,1,1,0,0,0,0,65536,64,64,59.57274,1.54881
1,1,1,1,0,0,0,0,256,512,64,61.66848,1.506475
1,1,1,1,0,0,0,0,4096,512,64,63.79578,1.44329
1,1,1,1,0,0,0,0,65536,512,64,56.86404,1.598387
1,1,1,1,0,0,0,1,256,8,1,70.83682,1.661267
1,1,1,1,0,0,0,1,4096,8,1,68.50526,1.702528
1,1,1,1,0,0,0,1,65536,8,1,77.2579,1.697971
1,1,1,1,0,0,0,1,256,64,1,60.9395,1.664765
1,1,1,1,0,0,0,1,4096,64,1,59.97714,1.777213
1,1,1,1,0,0,0,1,65536,64,1,64.05842,1.564277
1,1,1,1,0,0,0,1,256,512,1,65.44836,1.621734
1,1,1,1,0,0,0,1,4096,512,1,59.95304,1.503445
1,1,1,1,0,0,0,1,65536,512,1,64.78384,1.572658
1,1,1,1,0,0,0,1,256,8,8,67.53714,1.608574
1,1,1,1,0,0,0,1,4096,8,8,67.7269,1.547211
1,1,1,1,0,0,0,1,65536,8,8,65.845,1.85362
1,1,1,1,0,0,0,1,256,64,8,63.55902,1.723039
1,1,1,1,0,0,0,1,4096,64,8,59.79324,1.938732
1,1,1,1,0,0,0,1,65536,64,8,68.14102,1.349145
1,1,1,1,0,0,0,1,256,512,8,63.65528,1.762409
1,1,1,1,0,0,0,1,4096,512,8,60.62338,1.637993
1,1,1,1,0,0,0,1,65536,512,8,62.49724,1.595527
1,1,1,1,0,0,0,1,256,8,64,64.89536,1.774282
1,1,1,1,0,0,0,1,4096,8,64,70.32512,1.660768
1,1,1,1,0,0,0,1,65536,8,64,69.66532,1.605759
1,1,1,1,0,0,0,1,256,64,64,65.14018,1.88854
1,1,1,1,0,0,0,1,4096,64,64,64.5457,1.739924
1,1,1,1,0,0,0,1,65536,64,64,60.58388,1.653469
1,1,1,1,0,0,0,1,256,512,64,62.92092,1.722195
1,1,1,1,0,0,0,1,4096,512,64,68.27636,1.648149
1,1,1,1,0,0,0,1,65536,512,64,55.97176,1.487827
1,1,1,1,0,0,1,0,256,8,1,69.80794,1.703751
1,1,1,1,0,0,1,0,4096,8,1,64.74988,1.879224
1,1,1,1,0,0,1,0,65536,8,1,68.59372,1.683262
1,1,1,1,0,0,1,0,256,64,1,61.17042,1.668921
1,1,1,1,0,0,1,0,4096,64,1,67.16568,1.471058
1,1,1,1,0,0,1,0,65536,64,1,62.96128,1.583859
1,1,1,1,0,0,1,0,256,512,1,61.2544,1.725002
1,1,1,1,0,0,1,0,4096,512,1,63.05262,1.650772
1,1,1,1,0,0,1,0,65536,512,1,66.25614,1.568428
1,1,1,1,0,0,1,0,256,8,8,65.53782,1.97397
1,1,1,1,0,0,1,0,4096,8,8,63.21798,1.891999
1,1,1,1,0,0,1,0,65536,8,8,68.7299,1.771288
1,1,1,1,0,0,1,0,256,64,8,67.2632,1.524047
1,1,1,1,0,0,1,0,4096,64,8,59.17692,1.848938
1,1,1,1,0,0,1,0,65536,64,8,61.25384,1.650216
1,1,1,1,0,0,1,0,256,512,8,60.93332,1.624635
1,1,1,1,0,0,1,0,4096,512,8,59.04666,1.707262
1,1,1,1,0,0,1,0,65536,512,8,65.43214,1.543699
1,1,1,1,0,0,1,0,256,8,64,67.24874,1.724828
1,1,1,1,0,0,1,0,4096,8,64,67.85518,1.742327
1,1,1,1,0,0,1,0,65536,8,64,63.7821,1.990218
1,1,1,1,0,0,1,0,256,64,64,60.43082,1.622854
1,1,1,1,0,0,1,0,4096,64,64,65.24072,1.591317
1,1,1,1,0,0,1,0,65536,64,64,60.34452,1.65068
1,1,1,1,0,0,1,0,256,512,64,62.47854,1.468925
1,1,1,1,0,0,1,0,4096,512,64,66.18486,1.553761
1,1,1,1,0,0,1,0,65536,512,64,66.4672,1.60485
1,1,1,1,0,0,1,1,256,8,1,68.3669,1.77053
1,1,1,1,0,0,1,1,4096,8,1,68.18354,1.811248
1,1,1,1,0,0,1,1,65536,8,1,69.74142,1.607334
1,1,1,1,0,0,1,1,256,64,1,67.75092,1.789559
1,1,1,1,0,0,1,1,4096,64,1,64.90548,1.708586
1,1,1,1,0,0,1,1,65536,64,1,67.1805,1.584279
1,1,1,1,0,0,1,1,256,512,1,64.01602,1.635562
1,1,1,1,0,0,1,1,4096,512,1,73.22916,1.470933
1,1,1,1,0,0,1,1,65536,512,1,62.14976,1.807087
1,1,1,1,0,0,1,1,256,8,8,68.72462,1.68922
1,1,1,1,0,0,1,1,4096,8,8,73.30952,1.616814
1,1,1,1,0,0,1,1,65536,8,8,72.04282,1.651611
1,1,1,1,0,0,1,1,256,64,8,61.5966,1.676376
1,1,1,1,0,0,1,1,4096,64,8,65.23114,1.561895
1,1,1,1,0,0,1,1,65536,64,8,68.526,1.753643
1,1,1,1,0,0,1,1,256,512,8,63.79806,1.603769
1,1,1,1,0,0,1,1,4096,512,8,63.28466,1.608371
1,1,1,1,0,0,1,1,65536,512,8,65.57728,1.628176
1,1,1,1,0,0,1,1,256,8,64,72.3804,1.801677
1,1,1,1,0,0,1,1,4096,8,64,71.1382,1.659518
1,1,1,1,0,0,1,1,65536,8,64,76.07526,1.689776
1,1,1,1,0,0,1,1,256,64,64,63.8789,1.816007
1,1,1,1,0,0,1,1,4096,64,64,61.88074,1.591764
1,1,1,1,0,0,1,1,65536,64,64,64.80794,1.7331
1,1,1,1,0,0,1,1,256,512,64,68.89324,1.628043
1,1,1,1,0,0,1,1,4096,512,64,66.14376,1.529283
1,1,1,1,0,0,1,1,65536,512,64,60.98544,1.741663
