Col0,Col1,A-,B-
3.5686519145965576,4.295902252197266,210.34,27.0
3.672917366027832,4.30232572555542,201.15,26.0
1.6637887954711914,4.479246616363525,202.23,26.0
1.6459245681762695,4.494686603546143,204.05,26.0
3.185662031173706,2.2008793354034424,199.95,26.0
1.1222634315490723,2.4329466819763184,203.18,26.0
3.2899274826049805,2.207303047180176,201.52,26.0
1.1043992042541504,2.4483869075775146,204.99,26.0
2.330195426940918,4.423332691192627,200.66,27.0
2.447702646255493,4.4264349937438965,202.39,26.0
1.847795009613037,2.353245258331299,201.9,26.0
1.9520604610443115,2.3596689701080322,203.64,26.0
1.1222634315490723,2.4329466819763184,205.13,26.0
1.6459245681762695,4.494686603546143,205.99,26.0
1.1043992042541504,2.4483869075775146,206.9,26.0
3.3714046478271484,3.391202211380005,200.38,29.0
3.475670099258423,3.3976261615753174,201.83,29.0
1.49131441116333,3.562819480895996,203.53,29.0
1.4734500646591187,3.5782599449157715,205.21,29.0
2.1922478675842285,3.5037591457366943,202.06,29.0
1.49131441116333,3.562819480895996,205.36,29.0
2.3097550868988037,3.506861925125122,203.98,29.0
1.4734500646591187,3.5782599449157715,207.12,29.0
2.988414764404297,1.2961795330047607,201.47,29.0
3.0926802158355713,1.3026032447814941,203.19,29.0
1.650547981262207,1.4485455751419067,203.19,29.0
1.7548134326934814,1.4549695253372192,204.96,29.0
1.136012077331543,1.9992587566375732,204.73,29.0
1.136012077331543,1.9992587566375732,206.43,29.0
1.1495246887207031,2.096036911010742,206.35,29.0
1.1495246887207031,2.096036672592163,208.05,29.0
3.208779811859131,2.508817672729492,199.68,29.0
3.3130452632904053,2.5152413845062256,201.55,29.0
1.0824493169784546,2.7651898860931396,202.93,29.0
1.0645849704742432,2.780630350112915,204.69,29.0
2.82717227935791,0.9240687489509583,200.82,29.0
0.7434889078140259,1.2439918518066406,204.05,29.0
2.931166648864746,0.8303931355476379,202.69,29.0
0.7570016384124756,1.3407700061798096,205.95,29.0
3.011532783508301,1.6041176319122314,200.92,29.0
3.115798234939575,1.610541582107544,202.94,29.0
2.6307454109191895,0.322229266166687,201.97,29.0
2.7347397804260254,0.2285536825656891,203.93,29.0
1.0200140476226807,2.1340134143829346,204.29,29.0
0.8019680380821228,0.9262575507164001,205.47,29.0
1.0335267782211304,2.2307915687561035,206.23,29.0
0.8154807686805725,1.0230355262756348,207.23,29.0
1.870913028717041,2.6611835956573486,201.7,29.0
1.9751784801483154,2.667607307434082,203.56,29.0
1.0824493169784546,2.7651898860931396,205.09,29.0
1.0645849704742432,2.780630350112915,206.62,29.0
1.6736661195755005,1.756483793258667,202.81,29.0
1.0200140476226807,2.1340134143829346,206.12,29.0
1.777931571006775,1.76290762424469,204.96,29.0
1.0335267782211304,2.2307915687561035,207.89,29.0
1.487923264503479,0.5661605596542358,202.68,29.0
1.592188835144043,0.5725843906402588,204.51,29.0
1.3727174997329712,0.12105749547481537,203.86,29.0
1.5080889463424683,0.10871964693069458,205.74,29.0
0.7434889078140259,1.2439918518066406,205.71,29.0
0.8019680380821228,0.9262575507164001,207.1,29.0
0.7570016384124756,1.3407700061798096,207.65,29.0
0.8154807686805725,1.0230355262756348,208.92,29.0
3.6244659423828125,4.480145454406738,207.75,15.0
3.728731632232666,4.486569404602051,209.7,15.0
1.544008493423462,4.700738906860352,211.39,14.0
1.52614426612854,4.716178894042969,213.18,13.0
3.24147629737854,2.3851230144500732,208.37,15.0
1.0024833679199219,2.6544392108917236,212.94,14.0
3.3457417488098145,2.3915469646453857,210.24,14.0
0.9846190810203552,2.66987943649292,214.72,13.0
2.2865991592407227,4.632511615753174,210.71,15.0
2.390864610671997,4.6389360427856445,212.52,15.0
1.9036091566085815,2.537489175796509,211.19,14.0
2.0078747272491455,2.5439131259918213,212.94,14.0
1.544008493423462,4.700738906860352,214.25,14.0
1.0024833679199219,2.6544392108917236,215.85,14.0
1.52614426612854,4.716178894042969,215.88,14.0
0.9846190810203552,2.66987943649292,217.29,14.0
3.264594316482544,2.693061113357544,208.99,15.0
3.3688597679138184,2.6994850635528564,211.27,15.0
0.9626691937446594,2.986682176589966,212.93,14.0
0.944804847240448,3.002122640609741,214.34,14.0
1.9267274141311646,2.8454272747039795,211.59,15.0
0.9626691937446594,2.986682176589966,215.31,14.0
2.0309929847717285,2.851851224899292,213.85,15.0
0.944804847240448,3.002122640609741,216.84,14.0
2.8825669288635254,0.9534716010093689,209.84,14.0
2.9865615367889404,0.8597960472106934,211.59,15.0
1.543737530708313,0.750404417514801,212.45,15.0
1.648003101348877,0.756828248500824,214.15,15.0
0.6108700633049011,1.4322030544281006,214.31,14.0
0.6108700633049011,1.4322030544281006,216.91,14.0
0.6243828535079956,1.52898108959198,215.74,14.0
0.6243828535079956,1.5289809703826904,218.15,14.0
3.4272186756134033,3.575446367263794,209.58,15.0
3.5314841270446777,3.5818698406219482,211.74,15.0
1.3715343475341797,3.7843117713928223,213.6,14.0
1.3536700010299683,3.7997522354125977,214.89,14.0
3.044229030609131,1.4804234504699707,211.0,14.0
1.0033931732177734,2.187469720840454,215.01,14.0
3.1484944820404053,1.486847162246704,212.05,15.0
1.0169059038162231,2.284247875213623,216.37,14.0
3.067347288131714,1.7883615493774414,210.51,15.0
3.1716127395629883,1.7947852611541748,212.71,15.0
2.686140298843384,0.35163211822509766,211.48,14.0
2.7901346683502197,0.25795647501945496,213.1,15.0
0.8873953223228455,2.3222246170043945,214.41,14.0
0.6693490743637085,1.1144685745239258,215.73,14.0
0.9009080529212952,2.4190027713775635,215.95,14.0
0.6828619241714478,1.2112467288970947,217.24,14.0
2.1150238513946533,3.7213728427886963,212.44,15.0
2.2325310707092285,3.724475622177124,214.38,15.0
1.3715343475341797,3.7843117713928223,215.94,14.0
1.3536700010299683,3.7997522354125977,217.47,14.0
1.7294803857803345,1.9407275915145874,213.41,15.0
0.8873953223228455,2.3222246170043945,216.92,14.0
1.8337458372116089,1.9471515417099,215.37,15.0
0.9009080529212952,2.4190027713775635,218.23,14.0
1.706362247467041,1.6327893733978271,213.0,15.0
1.810627818107605,1.63921320438385,214.48,15.0
1.4152735471725464,0.11717891693115234,214.05,15.0
1.5506620407104492,0.11111146211624146,215.47,14.0
1.0033931732177734,2.187469720840454,217.29,14.0
0.6693490743637085,1.1144685745239258,218.32,14.0
1.0169059038162231,2.284247875213623,218.62,14.0
0.6828619241714478,1.2112466096878052,219.64,14.0
3.674980401992798,4.6474738121032715,216.4,29.0
3.7792458534240723,4.653897285461426,218.82,29.0
1.7896523475646973,4.819341659545898,219.28,29.0
1.7717880010604858,4.834782123565674,221.38,29.0
3.2919907569885254,2.5524508953094482,217.29,29.0
1.2481271028518677,2.7730422019958496,220.4,29.0
3.3962562084198,2.5588748455047607,219.39,29.0
1.2302627563476562,2.788482666015625,222.43,29.0
2.497239828109741,4.759675025939941,218.1,29.0
2.614746570587158,4.762777328491211,220.42,29.0
1.9541234970092773,2.704817056655884,218.89,29.0
2.0583889484405518,2.7112410068511963,221.17,29.0
1.7896523475646973,4.819341659545898,221.01,29.0
1.2481271028518677,2.7730422019958496,222.09,29.0
1.7717880010604858,4.834782123565674,223.3,29.0
1.2302627563476562,2.788482666015625,224.07,29.0
3.4777331352233887,3.7427737712860107,217.7,29.0
3.581998586654663,3.7491977214813232,219.97,29.0
1.617177963256836,3.9029152393341064,220.39,29.0
1.599313735961914,3.9183552265167236,222.52,29.0
2.3592915534973145,3.840101480484009,219.33,29.0
1.617177963256836,3.9029152393341064,222.19,29.0
2.4767990112304688,3.8432040214538574,221.73,29.0
1.599313735961914,3.9183552265167236,224.18,29.0
3.094743490219116,1.6477510929107666,218.56,29.0
3.1990089416503906,1.6541749238967896,220.57,29.0
1.761672854423523,1.7989141941070557,220.21,29.0
1.8791799545288086,1.8020166158676147,222.27,29.0
1.1972360610961914,2.1717915534973145,221.26,29.0
1.1972360610961914,2.1717915534973145,223.07,29.0
1.2107487916946411,2.2685694694519043,223.29,29.0
1.2107487916946411,2.2685694694519043,224.95,29.0
3.730794906616211,4.831717491149902,224.49,18.0
3.8350601196289062,4.838141441345215,227.01,18.0
1.6698721647262573,5.040834426879883,227.4,18.0
1.652007818222046,5.056274890899658,229.28,18.0
3.3478047847747803,2.736694574356079,224.99,19.0
1.1283469200134277,2.994534492492676,228.65,19.0
3.4520702362060547,2.7431185245513916,227.15,19.0
1.1104826927185059,3.0099751949310303,230.54,18.0
3.5335476398468018,3.9270179271698,226.13,18.0
3.637813091278076,3.9334418773651123,228.65,19.0
3.150557518005371,1.8319947719573975,226.57,19.0
3.2548229694366455,1.8384188413619995,228.47,18.0
1.4973978996276855,4.1244072914123535,229.07,19.0
1.0646172761917114,2.3600025177001953,230.47,19.0
1.4795335531234741,4.139847755432129,230.79,18.0
1.0781298875808716,2.4567806720733643,232.12,18.0
2.420015573501587,4.977289199829102,226.88,18.0
2.537522792816162,4.980391502380371,229.19,18.0
1.6698721647262573,5.040834426879883,229.64,19.0
1.652007818222046,5.056274890899658,231.39,18.0
2.2820680141448975,4.05771541595459,228.27,18.0
1.4973978996276855,4.1244072914123535,231.25,19.0
2.3995749950408936,4.060817718505859,230.77,19.0
1.4795335531234741,4.139847755432129,232.76,18.0
2.0099380016326904,2.8890607357025146,227.19,19.0
2.114203453063965,2.895484685897827,229.12,19.0
1.8126908540725708,1.9843610525131226,228.86,19.0
1.9169563055038452,1.990784764289856,230.69,18.0
1.1283469200134277,2.994534492492676,230.94,19.0
1.0646172761917114,2.3600025177001953,232.29,19.0
1.1104826927185059,3.0099751949310303,232.52,18.0
1.0781298875808716,2.4567806720733643,234.08,18.0
3.315108299255371,2.860389232635498,217.09,29.0
3.4193739891052246,2.8668129444122314,219.4,29.0
1.208312749862671,3.105285406112671,219.75,29.0
1.190448522567749,3.1207258701324463,221.78,29.0
2.9329922199249268,1.0878784656524658,217.9,29.0
0.8047129511833191,1.4165246486663818,220.86,29.0
3.0369865894317627,0.9942028522491455,219.91,29.0
0.8182256817817688,1.5133026838302612,222.82,29.0
1.97724187374115,3.0127553939819336,218.73,29.0
2.081507444381714,3.019179105758667,221.06,29.0
1.5942518711090088,0.9177322387695312,219.63,29.0
1.6985174417495728,0.9241560697555542,221.62,29.0
1.208312749862671,3.105285406112671,221.44,29.0
0.8047129511833191,1.4165246486663818,222.37,29.0
1.190448522567749,3.1207258701324463,223.42,29.0
0.8182256817817688,1.5133026838302612,224.33,29.0
3.3709230422973633,3.044632911682129,225.34,18.0
3.4751884937286377,3.0510566234588623,227.75,18.0
1.0885326862335205,3.3267781734466553,228.26,18.0
1.070668339729309,3.3422179222106934,230.08,19.0
2.0330560207366943,3.1969988346099854,227.73,18.0
1.0885326862335205,3.3267781734466553,230.57,18.0
2.137321710586548,3.203422784805298,230.14,18.0
1.070668339729309,3.3422179222106934,232.14,19.0
2.988386869430542,1.1172813177108765,225.8,18.0
3.092381477355957,1.0236055850982666,227.53,19.0
1.6500661373138428,1.1019761562347412,227.99,18.0
1.7543318271636963,1.1083999872207642,229.95,19.0
0.6720941066741943,1.6047357320785522,229.56,18.0
0.6720941066741943,1.6047357320785522,231.69,18.0
0.685606837272644,1.7015137672424316,231.21,19.0
0.685606837272644,1.7015138864517212,233.28,19.0
3.11786150932312,1.9556894302368164,218.12,29.0
3.2221271991729736,1.9621131420135498,220.37,29.0
1.0812381505966187,2.306546211242676,220.8,29.0
1.0947507619857788,2.4033243656158447,222.9,29.0
2.736565351486206,0.4860389530658722,219.08,29.0
0.8631920218467712,1.0987902879714966,221.86,29.0
2.840559720993042,0.39236336946487427,220.98,29.0
0.8767048120498657,1.195568323135376,223.77,29.0
3.173676013946533,2.1399331092834473,226.75,18.0
3.2779414653778076,2.1463570594787598,229.3,18.0
2.7919604778289795,0.5154417753219604,227.29,18.0
2.8959548473358154,0.42176610231399536,228.97,19.0
0.9486193656921387,2.4947574138641357,229.68,18.0
0.7305731177330017,1.287001371383667,230.82,18.0
0.9621320962905884,2.5915355682373047,231.2,19.0
0.744085967540741,1.3837794065475464,232.66,19.0
1.7799947261810303,2.108055353164673,219.87,29.0
1.8842601776123047,2.1144793033599854,222.16,29.0
1.0812381505966187,2.306546211242676,222.56,29.0
1.0947507619857788,2.4033243656158447,224.51,29.0
1.8358089923858643,2.292299270629883,229.21,18.0
0.9486193656921387,2.4947574138641357,231.77,18.0
1.9400745630264282,2.2987232208251953,231.33,18.0
0.9621320962905884,2.5915355682373047,233.28,19.0
1.4138978719711304,0.11730429530143738,220.82,29.0
1.5493754148483276,0.14415782690048218,222.63,29.0
1.456708550453186,0.2073586881160736,229.55,18.0
1.5923511981964111,0.2951202988624573,231.16,19.0
0.8631920218467712,1.0987902879714966,223.52,29.0
0.7305731177330017,1.287001371383667,232.96,18.0
0.8767048120498657,1.195568323135376,225.16,29.0
0.744085967540741,1.3837794065475464,234.68,19.0
3.635286569595337,4.455033302307129,219.15,29.0
3.7395520210266113,4.461457252502441,224.43,29.0
0.847819983959198,4.859402656555176,223.68,29.0
0.8299556374549866,4.874842643737793,227.85,29.0
3.2522966861724854,2.3600106239318848,221.33,29.0
0.30629464983940125,2.813103199005127,224.73,29.0
3.3565621376037598,2.3664345741271973,225.62,29.0
0.2884303331375122,2.8285436630249023,229.17,28.0
2.297419548034668,4.6073994636535645,221.25,29.0
2.4016852378845215,4.613823413848877,226.5,29.0
1.914429783821106,2.5123767852783203,223.49,29.0
2.01869535446167,2.518800735473633,227.78,29.0
0.847819983959198,4.859402656555176,225.5,29.0
0.30629464983940125,2.813103199005127,226.57,29.0
0.8299556374549866,4.874842643737793,229.79,29.0
0.2884303331375122,2.8285436630249023,230.74,29.0
3.4380393028259277,3.5503339767456055,222.24,29.0
3.5423049926757812,3.556757688522339,227.39,29.0
0.6753455996513367,3.942976236343384,225.41,28.0
0.65748131275177,3.958416223526001,229.68,28.0
2.100172519683838,3.702700138092041,224.34,29.0
0.6753455996513367,3.942976236343384,227.18,29.0
2.2044379711151123,3.7091238498687744,229.24,28.0
0.65748131275177,3.958416223526001,231.34,28.0
3.0550496578216553,1.4553110599517822,223.21,29.0
3.159315347671509,1.4617347717285156,227.44,29.0
1.7171827554702759,1.6076772212982178,225.26,29.0
1.8214482069015503,1.6141010522842407,229.31,28.0
0.255634069442749,2.212449789047241,226.58,29.0
0.255634069442749,2.212449789047241,228.34,29.0
0.2691468298435211,2.309227705001831,230.65,29.0
0.2691468298435211,2.30922794342041,232.2,28.0
3.27541446685791,2.6679491996765137,221.61,29.0
3.3796803951263428,2.674372673034668,226.7,29.0
0.2664804756641388,3.1453468799591064,224.53,29.0
0.24861612915992737,3.1607866287231445,228.94,28.0
2.8938276767730713,1.0908297300338745,222.56,29.0
0.0006375389639288187,1.4226871728897095,225.69,29.0
2.9978220462799072,0.9971540570259094,226.65,29.0
0.0009086574427783489,1.5227864980697632,229.86,28.0
3.078167676925659,1.763249158859253,223.01,29.0
3.1824331283569336,1.7696729898452759,227.94,28.0
2.6974008083343506,0.4889901876449585,223.98,29.0
2.8013951778411865,0.3953145742416382,227.91,29.0
0.13963612914085388,2.3472044467926025,226.09,28.0
0.0,1.1198266744613647,227.03,29.0
0.15314888954162598,2.4439828395843506,230.31,28.0
8.836272172629833e-05,1.219926118850708,231.19,28.0
1.937548041343689,2.82031512260437,223.34,29.0
2.041813611984253,2.8267388343811035,228.28,28.0
0.2664804756641388,3.1453468799591064,226.13,29.0
0.24861612915992737,3.1607866287231445,230.59,28.0
1.7403008937835693,1.915615200996399,224.88,28.0
0.13963612914085388,2.3472044467926025,227.64,29.0
1.8445663452148438,1.9220391511917114,229.82,28.0
0.15314888954162598,2.4439828395843506,231.8,28.0
1.5545581579208374,0.7252920866012573,224.3,28.0
1.6588236093521118,0.7317160367965698,228.56,28.0
1.374963641166687,0.12085278332233429,225.77,28.0
1.510335087776184,0.1085149347782135,230.13,28.0
0.0006375389639288187,1.4226871728897095,227.12,29.0
0.0,1.1198266744613647,228.72,29.0
0.0009086574427783489,1.5227864980697632,231.31,28.0
8.836272172629833e-05,1.219926118850708,232.7,28.0
3.741615056991577,4.806605339050293,234.87,29.0
3.8458807468414307,4.813028812408447,240.16,29.0
0.9736835360527039,5.199498653411865,238.78,28.0
0.9558192491531372,5.214939117431641,242.92,28.0
3.3586251735687256,2.7115824222564697,236.89,29.0
0.4321582019329071,3.153198719024658,239.66,28.0
3.462890625,2.718006134033203,241.7,29.0
0.41429391503334045,3.1686391830444336,244.5,28.0
2.4037482738494873,4.95897102355957,237.75,29.0
2.508013963699341,4.965394973754883,242.79,29.0
2.0207583904266357,2.8639485836029053,239.27,29.0
2.1250240802764893,2.8703720569610596,243.37,29.0
0.9736835360527039,5.199498653411865,241.02,28.0
0.4321582019329071,3.153198719024658,241.97,28.0
0.9558192491531372,5.214939117431641,245.16,28.0
0.41429391503334045,3.1686391830444336,245.94,28.0
3.3817431926727295,3.0195205211639404,238.1,28.0
3.486009120941162,3.025944471359253,242.81,28.0
0.39234402775764465,3.4854421615600586,240.22,28.0
0.3744796812534332,3.500882387161255,244.49,28.0
2.0438766479492188,3.171886682510376,239.93,28.0
0.39234402775764465,3.4854421615600586,242.09,28.0
2.148141860961914,3.1783106327056885,244.59,28.0
0.3744796812534332,3.500882387161255,246.03,28.0
2.999647617340088,1.2546392679214478,238.7,28.0
3.103641986846924,1.1609636545181274,242.56,28.0
1.6608867645263672,1.0768637657165527,240.41,28.0
1.7651522159576416,1.0832874774932861,244.26,28.0
0.0011460906825959682,1.6104490756988525,241.33,28.0
0.0011460906825959682,1.6104490756988525,242.86,28.0
0.0014172089286148548,1.7105485200881958,245.22,28.0
0.0014172089286148548,1.7105485200881958,246.76,28.0
3.544368028640747,3.9019057750701904,238.73,28.0
3.6486337184906006,3.908329486846924,243.52,28.0
0.8012092113494873,4.283071517944336,240.98,28.0
0.7833449244499207,4.298511981964111,244.73,28.0
3.1613779067993164,1.8068827390670776,239.37,28.0
0.31685811281204224,2.3849825859069824,241.7,28.0
3.265643835067749,1.8133065700531006,243.12,28.0
0.33037087321281433,2.4817607402801514,245.76,28.0
3.1844964027404785,2.114820718765259,239.56,28.0
3.288762092590332,2.1212449073791504,244.28,28.0
2.803220748901367,0.6527998447418213,240.21,28.0
2.9072153568267822,0.559124231338501,243.96,28.0
0.2198696732521057,2.5690150260925293,241.83,28.0
0.0003257961943745613,1.307588815689087,242.74,28.0
0.2143729329109192,2.6165153980255127,245.7,28.0
0.0005969149060547352,1.4076882600784302,246.48,28.0
2.2065012454986572,4.054271221160889,240.34,28.0
2.3107666969299316,4.060695171356201,245.2,28.0
0.8012092113494873,4.283071517944336,242.43,28.0
0.7833449244499207,4.298511981964111,246.5,28.0
1.8466295003890991,2.2671868801116943,241.23,28.0
0.2198696732521057,2.5690150260925293,243.26,28.0
1.950895071029663,2.273610830307007,246.16,28.0
0.2143729329109192,2.6165153980255127,247.28,28.0
1.8235113620758057,1.9592487812042236,240.98,28.0
1.9277769327163696,1.9656726121902466,244.61,28.0
1.4638253450393677,0.24070137739181519,241.78,28.0
1.5679051876068115,0.17858797311782837,245.6,28.0
0.31685811281204224,2.3849825859069824,243.44,28.0
0.0003257961943745613,1.307588815689087,244.23,28.0
0.33037087321281433,2.4817607402801514,247.17,28.0
0.0005969146732240915,1.4076882600784302,248.02,28.0
3.691100835800171,4.639277458190918,230.17,16.0
3.7953662872314453,4.645700454711914,236.24,16.0
0.7280398607254028,5.080894947052002,233.67,15.0
0.7101755738258362,5.096335411071777,238.62,15.0
3.3081109523773193,2.5442545413970947,231.04,15.0
0.18651458621025085,3.0345957279205322,235.17,15.0
3.4123764038085938,2.5506784915924072,235.92,15.0
0.16865025460720062,3.0500359535217285,239.98,15.0
2.353234052658081,4.791643142700195,232.86,16.0
2.4574997425079346,4.798067092895508,238.78,16.0
1.9702441692352295,2.6966207027435303,233.43,15.0
2.074509620666504,2.7030446529388428,238.25,15.0
0.7280398607254028,5.080894947052002,235.97,15.0
0.18651458621025085,3.0345957279205322,237.44,15.0
0.7101755738258362,5.096335411071777,240.99,15.0
0.16865025460720062,3.0500359535217285,242.16,15.0
3.4938535690307617,3.7345778942108154,232.33,16.0
3.5981192588806152,3.741001844406128,238.25,16.0
0.5555655360221863,4.164468288421631,235.35,15.0
0.5377011895179749,4.179908752441406,240.23,15.0
2.155987024307251,3.886944055557251,234.65,16.0
0.5555655360221863,4.164468288421631,237.87,15.0
2.2602524757385254,3.8933680057525635,240.99,16.0
0.5377011895179749,4.179908752441406,242.55,15.0
3.11086368560791,1.6395548582077026,232.96,15.0
3.2151293754577637,1.6459786891937256,237.69,15.0
1.7729970216751099,1.7919209003448486,235.53,16.0
1.8772624731063843,1.7983448505401611,240.05,15.0
0.12301521003246307,2.400660753250122,237.04,15.0
0.12301521003246307,2.400660753250122,239.32,15.0
0.13652797043323517,2.497438907623291,241.57,15.0
0.13652797043323517,2.497438907623291,244.03,15.0
3.7974295616149902,4.990849018096924,244.91,19.0
3.9016950130462646,4.997272491455078,251.58,19.0
0.8539034724235535,5.420990943908691,247.5,19.0
0.836039125919342,5.436431407928467,253.05,19.0
3.4144394397735596,2.8958261013031006,245.32,19.0
0.3123781681060791,3.3746914863586426,248.97,19.0
3.518704891204834,2.902250289916992,250.62,19.0
0.29451385140419006,3.390131711959839,253.96,19.0
3.600182294845581,4.086149215698242,246.94,20.0
3.7044479846954346,4.0925726890563965,253.26,20.0
3.2171924114227295,1.9911264181137085,247.27,20.0
3.321458101272583,1.9975502490997314,252.14,20.0
0.6814290881156921,4.50456428527832,249.57,20.0
0.1842392534017563,2.5731935501098633,250.68,20.0
0.6635647416114807,4.5200042724609375,254.26,20.0
0.1977519989013672,2.6699717044830322,255.47,20.0
2.459562301635742,5.143215179443359,247.08,19.0
2.563828229904175,5.149638652801514,253.64,19.0
0.8539034724235535,5.420990943908691,249.81,19.0
0.836039125919342,5.436431407928467,255.02,19.0
2.262315511703491,4.238515377044678,249.12,20.0
0.6814290881156921,4.50456428527832,251.52,20.0
2.3665812015533447,4.24493932723999,255.47,20.0
0.6635647416114807,4.5200042724609375,256.45,20.0
2.0765724182128906,3.048192262649536,247.72,19.0
2.1808383464813232,3.0546162128448486,252.68,19.0
1.8793257474899292,2.1434924602508545,249.34,20.0
1.9835911989212036,2.149916410446167,254.14,20.0
0.3123781681060791,3.3746914863586426,251.0,19.0
0.1842392534017563,2.5731935501098633,252.58,20.0
0.29451385140419006,3.390131711959839,256.18,19.0
0.1977519989013672,2.6699717044830322,257.51,20.0
3.3312289714813232,2.8521926403045654,231.33,16.0
3.435494899749756,2.858616590499878,237.5,16.0
0.20263606309890747,3.3528084754943848,234.55,15.0
0.1715300977230072,3.371570110321045,239.56,15.0
2.9492223262786865,1.1202324628829956,231.91,15.0
0.0010569244623184204,1.5775281190872192,235.97,15.0
3.0532166957855225,1.0265567302703857,236.84,15.0
0.0013280429411679506,1.6776275634765625,240.83,15.0
1.993362307548523,3.004558801651001,234.25,16.0
2.097627878189087,3.0109825134277344,240.62,16.0
1.610372543334961,0.9095359444618225,235.03,15.0
1.7146379947662354,0.9159597754478455,239.79,15.0
0.20263606309890747,3.3528084754943848,237.52,15.0
0.0010569244623184204,1.5775281190872192,239.06,15.0
0.1715300977230072,3.371570110321045,242.5,15.0
0.0013280429411679506,1.6776275634765625,243.78,15.0
3.4375579357147217,3.2037642002105713,246.73,20.0
3.541823387145996,3.210188150405884,253.15,19.0
0.2725638747215271,3.7069344520568848,249.39,20.0
0.25469958782196045,3.722374439239502,254.34,19.0
2.0996909141540527,3.356130361557007,248.89,20.0
0.2725638747215271,3.7069344520568848,251.41,20.0
2.203956365585327,3.3625543117523193,255.39,19.0
0.25469958782196045,3.722374439239502,256.47,19.0
3.0550425052642822,1.2840420007705688,247.08,20.0
3.159036874771118,1.190366506576538,252.06,20.0
1.7167009115219116,1.2611076831817627,249.28,20.0
1.8209664821624756,1.267531394958496,254.13,20.0
0.0015654764138162136,1.7652901411056519,250.49,20.0
0.0015654764138162136,1.7652901411056519,252.51,20.0
0.0018365946598351002,1.8653895854949951,255.36,20.0
0.0018365946598351002,1.8653895854949951,257.54,20.0
3.133981943130493,1.947493076324463,233.74,16.0
3.2382476329803467,1.9539167881011963,240.07,16.0
0.007017279509454966,2.5354156494140625,236.95,15.0
0.02053004316985607,2.6321935653686523,241.9,15.0
2.752795696258545,0.5183929800987244,234.34,15.0
0.00023662997409701347,1.2746678590774536,238.46,15.0
2.856790065765381,0.4247173070907593,239.24,15.0
0.0005077486857771873,1.3747673034667969,243.28,15.0
3.2403106689453125,2.2990646362304688,248.54,20.0
3.344576120376587,2.3054885864257812,254.89,19.0
2.8586158752441406,0.6822025775909424,248.81,20.0
2.9626104831695557,0.5885269641876221,253.65,20.0
0.10008957237005234,2.7905075550079346,251.01,20.0
0.0007451819255948067,1.4624298810958862,252.14,20.0
0.0822252482175827,2.805947780609131,255.87,20.0
0.0010163006372749805,1.5625293254852295,256.97,20.0
1.7961152791976929,2.0998589992523193,236.23,16.0
1.9003808498382568,2.106282949447632,242.46,16.0
0.007017279509454966,2.5354156494140625,239.51,15.0
0.02053004316985607,2.6321935653686523,244.25,15.0
1.9024438858032227,2.4514307975769043,250.73,20.0
0.10008957237005234,2.7905075550079346,253.1,20.0
2.006709337234497,2.457854747772217,257.17,19.0
0.0822252482175827,2.805947780609131,258.05,20.0
1.4175199270248413,0.11697417497634888,236.89,15.0
1.552891492843628,0.10463632643222809,241.69,15.0
1.519454002380371,0.35640788078308105,250.86,20.0
1.6237194538116455,0.36283165216445923,255.62,20.0
0.00023662997409701347,1.2746678590774536,240.54,15.0
0.0007451819255948067,1.4624298810958862,254.24,20.0
0.0005077486857771873,1.3747673034667969,245.34,15.0
0.0010163004044443369,1.5625293254852295,258.83,20.0
3.162672519683838,2.5481109619140625,212.45,26.0
3.2669379711151123,2.554534673690796,213.27,26.0
1.2609790563583374,2.7506203651428223,215.61,26.0
1.2431148290634155,2.7660608291625977,216.64,26.0
2.780745506286621,0.8454417586326599,213.53,26.0
0.952896773815155,1.3094666004180908,216.59,26.0
2.884739875793457,0.7517661452293396,214.33,26.0
0.9664095044136047,1.4062446355819702,217.4,26.0
1.824805736541748,2.700476884841919,214.37,26.0
1.9290714263916016,2.7069005966186523,215.13,27.0
1.441815972328186,0.6054537892341614,215.29,26.0
1.54608154296875,0.6118777394294739,216.22,26.0
1.2609790563583374,2.7506203651428223,217.55,26.0
0.952896773815155,1.3094666004180908,218.43,26.0
1.2431148290634155,2.7660608291625977,218.4,26.0
0.9664095044136047,1.4062446355819702,219.5,26.0
2.9654252529144287,1.6434109210968018,213.48,28.0
3.069690704345703,1.6498348712921143,214.28,29.0
1.229421854019165,2.1994881629943848,216.72,29.0
1.2429345846176147,2.2962660789489746,217.68,28.0
1.664444088935852,1.786525011062622,215.19,29.0
1.229421854019165,2.1994881629943848,218.3,29.0
1.7819513082504272,1.7896275520324707,216.23,28.0
1.2429345846176147,2.2962660789489746,219.31,28.0
2.5843186378479004,0.24360224604606628,214.65,28.0
2.6883130073547363,0.14992666244506836,215.48,28.0
1.3571687936782837,0.12247461825609207,216.27,29.0
1.4925402402877808,0.11013677716255188,217.07,29.0
1.0113757848739624,0.9917322397232056,217.65,28.0
1.0113757848739624,0.9917322397232056,219.37,29.0
1.024888515472412,1.088510274887085,218.59,28.0
1.024888515472412,1.088510274887085,220.08,28.0
2.803577184677124,1.0477925539016724,212.92,29.0
2.90757155418396,0.954116940498352,213.86,29.0
0.8368988037109375,1.4442214965820312,215.99,27.0
0.850411593914032,1.540999412536621,217.06,28.0
2.424004554748535,0.21436117589473724,214.0,28.0
0.6188526749610901,0.23646537959575653,217.19,27.0
2.527998924255371,0.12068557739257812,215.03,29.0
0.632365345954895,0.3332434296607971,218.07,28.0
2.6071507930755615,0.4459531903266907,214.24,29.0
2.7111451625823975,0.35227757692337036,215.02,28.0
2.388054132461548,0.02851906418800354,215.18,28.0
2.523425579071045,0.016181230545043945,216.3,28.0
0.8953778743743896,1.1264870166778564,217.4,28.0
0.6777570843696594,0.07575885951519012,218.4,28.0
0.9088906049728394,1.2232650518417358,218.5,28.0
0.6909986734390259,0.07243746519088745,219.31,28.0
1.46493399143219,0.9133920669555664,214.89,29.0
1.5691996812820435,0.9198158979415894,215.85,28.0
0.8368988037109375,1.4442214965820312,218.02,27.0
0.850411593914032,1.540999412536621,218.96,28.0
1.3038172721862793,0.12733709812164307,216.06,29.0
0.8953778743743896,1.1264870166778564,219.08,29.0
1.4393917322158813,0.1899363100528717,216.87,28.0
0.9088906049728394,1.2232650518417358,219.83,28.0
1.213196873664856,0.13559630513191223,215.96,28.0
1.348568320274353,0.12325846403837204,216.91,29.0
1.2477235794067383,0.13244952261447906,216.91,29.0
1.3830950260162354,0.12011167407035828,218.04,28.0
0.6188526749610901,0.23646537959575653,219.05,29.0
0.6777570843696594,0.07575885951519012,219.87,29.0
0.632365345954895,0.3332434296607971,219.95,27.0
0.6909986734390259,0.07243746519088745,220.87,28.0
3.218487024307251,2.7323544025421143,241.78,14.0
3.3227524757385254,2.7387783527374268,243.79,14.0
1.141198754310608,2.9721128940582275,246.13,14.0
1.1233346462249756,2.987553119659424,246.96,14.0
2.8361403942108154,0.8748446702957153,243.08,14.0
0.8202779293060303,1.4976776838302612,247.37,14.0
2.9401347637176514,0.7811689972877502,244.12,14.0
0.8337906002998352,1.5944557189941406,248.2,14.0
1.880620002746582,2.88472056388855,256.94,11.0
1.984885573387146,2.8911445140838623,259.39,11.0
1.4976301193237305,0.7896977663040161,261.01,12.0
1.601895809173584,0.7961215972900391,260.88,12.0
1.141198754310608,2.9721128940582275,264.18,11.0
0.8202779293060303,1.4976776838302612,265.38,11.0
1.1233346462249756,2.987553119659424,264.64,11.0
0.8337906002998352,1.5944557189941406,266.32,11.0
2.8589725494384766,1.0771952867507935,255.44,12.0
2.9629669189453125,0.9835197925567627,257.17,12.0
0.7042799592018127,1.6324323415756226,261.84,12.0
0.7177926898002625,1.729210376739502,263.31,12.0
1.5207483768463135,1.0976357460021973,257.71,12.0
0.7042799592018127,1.6324323415756226,264.18,12.0
1.625014066696167,1.1040596961975098,259.5,12.0
0.7177926898002625,1.729210376739502,264.74,12.0
2.4793994426727295,0.2437640130519867,257.68,12.0
2.5833938121795654,0.15008841454982758,259.37,12.0
1.2557530403137207,0.131717711687088,260.82,12.0
1.3911244869232178,0.11937986314296722,261.53,12.0
0.48623380064964294,0.42467641830444336,262.48,12.0
0.48623380064964294,0.42467641830444336,265.65,12.0
0.4997465908527374,0.5214545130729675,264.29,12.0
0.4997465908527374,0.5214545130729675,266.19,12.0
3.021239757537842,1.8276548385620117,256.06,12.0
3.125505208969116,1.8340786695480347,258.16,12.0
1.096803069114685,2.3876991271972656,263.13,12.0
1.1103159189224243,2.4844772815704346,263.58,12.0
2.6397135257720947,0.2730051279067993,259.38,12.0
0.8787570595741272,1.1799432039260864,263.75,12.0
2.7437078952789307,0.17932945489883423,260.41,12.0
0.8922697305679321,1.2767213582992554,264.51,12.0
2.662545680999756,0.47535595297813416,257.04,12.0
2.766540050506592,0.38168036937713623,259.38,12.0
2.430610418319702,0.02464047074317932,260.77,12.0
2.565981864929199,0.012302622199058533,261.43,12.0
0.7627590894699097,1.3146981000900269,263.58,12.0
0.5447188019752502,0.1091289073228836,263.78,12.0
0.7762717604637146,1.4114761352539062,264.04,12.0
0.5582256317138672,0.2037201225757599,265.69,12.0
1.683372974395752,1.9800209999084473,258.9,12.0
1.7876386642456055,1.9864447116851807,261.08,12.0
1.096803069114685,2.3876991271972656,265.4,12.0
1.1103159189224243,2.4844772815704346,266.03,12.0
1.3467246294021606,0.25313711166381836,259.69,12.0
0.7627590894699097,1.3146981000900269,266.12,12.0
1.4823672771453857,0.34089869260787964,262.01,12.0
0.7762717604637146,1.4114761352539062,267.17,12.0
1.3997901678085327,0.14268726110458374,261.9,12.0
1.5354329347610474,0.23044893145561218,263.04,12.0
1.2902796268463135,0.12857094407081604,263.19,12.0
1.4256511926651,0.11623308062553406,263.57,12.0
0.8787570595741272,1.1799432039260864,266.39,12.0
0.5447188019752502,0.1091289073228836,267.07,12.0
0.8922697305679321,1.2767213582992554,266.54,12.0
0.5582256317138672,0.2037201225757599,267.43,12.0
3.229307174682617,2.707242488861084,228.3,29.0
3.3335728645324707,2.7136662006378174,232.62,28.0
0.44501015543937683,3.13077712059021,232.18,28.0
0.4271458685398102,3.146217107772827,236.21,28.0
2.8474009037017822,1.012202501296997,230.24,28.0
0.07251866161823273,1.5226576328277588,233.33,28.0
2.951395273208618,0.9185270071029663,234.1,28.0
0.08603142946958542,1.6194356679916382,237.13,28.0
1.8914406299591064,2.8596084117889404,230.47,29.0
1.9957060813903809,2.866032123565674,234.7,28.0
1.5084506273269653,0.7645853757858276,232.03,28.0
1.6127160787582397,0.7710092067718506,235.73,28.0
0.44501015543937683,3.13077712059021,234.05,28.0
0.07251866161823273,1.5226576328277588,235.12,28.0
0.4271458685398102,3.146217107772827,237.9,28.0
0.08603142946958542,1.6194356679916382,238.75,28.0
3.032060384750366,1.8025424480438232,231.22,29.0
3.1363258361816406,1.8089663982391357,235.51,28.0
0.34904390573501587,2.4126791954040527,234.01,28.0
0.36255669593811035,2.5094573497772217,237.89,27.0
1.6941936016082764,1.9549086093902588,233.12,29.0
0.34904390573501587,2.4126791954040527,235.7,28.0
1.7984590530395508,1.9613325595855713,237.51,28.0
0.36255669593811035,2.5094573497772217,239.59,27.0
2.6509740352630615,0.41036316752433777,231.89,28.0
2.7549684047698975,0.31668758392333984,235.85,28.0
1.359415054321289,0.1222698837518692,233.79,28.0
1.4947866201400757,0.10993203520774841,237.47,28.0
0.13099774718284607,1.204923152923584,234.95,28.0
0.13099774718284607,1.204923152923584,236.59,28.0
0.14451050758361816,1.301701307296753,238.82,28.0
0.14451053738594055,1.301701307296753,240.35,28.0
3.2851216793060303,2.8914859294891357,243.93,16.0
3.389387369155884,2.8979098796844482,249.66,16.0
0.32523003220558167,3.352269411087036,246.39,15.0
0.307365745306015,3.3677098751068115,250.88,15.0
2.9027955532073975,1.0416053533554077,243.81,16.0
0.0013763108290731907,1.6954485177993774,247.63,15.0
3.0067899227142334,0.947929859161377,248.4,16.0
0.0016474295407533646,1.7955479621887207,252.21,15.0
3.0878748893737793,1.9867863655090332,245.79,16.0
3.1921403408050537,1.9932103157043457,251.91,16.0
2.706368923187256,0.43976593017578125,245.56,16.0
2.810363292694092,0.34609031677246094,250.26,15.0
0.2164251059293747,2.6008903980255127,248.07,15.0
0.0005560163408517838,1.3925881385803223,249.3,15.0
0.2299378365278244,2.6976683139801025,252.75,15.0
0.011891674250364304,1.4899123907089233,253.98,15.0
1.94725501537323,3.0438520908355713,246.38,16.0
2.051520586013794,3.050276041030884,252.13,15.0
0.32523003220558167,3.352269411087036,248.78,15.0
0.307365745306015,3.3677098751068115,253.39,15.0
1.7500078678131104,2.1391522884368896,248.6,16.0
0.2164251059293747,2.6008903980255127,250.44,15.0
1.8542734384536743,2.145576238632202,254.27,16.0
0.2299378365278244,2.6976683139801025,255.17,15.0
1.5642650127410889,0.948829174041748,246.09,15.0
1.6685305833816528,0.9552531242370605,250.57,16.0
1.4020158052444458,0.13485318422317505,248.06,15.0
1.5376583337783813,0.2226148545742035,252.52,15.0
0.0013763108290731907,1.6954485177993774,250.04,15.0
0.0005560163408517838,1.3925881385803223,251.57,15.0
0.0016474295407533646,1.7955479621887207,254.59,15.0
0.011891674250364304,1.4899123907089233,256.22,15.0
2.8702328205108643,1.2145534753799438,230.79,29.0
2.9742276668548584,1.120877742767334,235.21,28.0
0.0012429074849933386,1.6461946964263916,233.55,28.0
0.0015140259638428688,1.7462941408157349,237.33,28.0
2.4906601905822754,0.38112202286720276,231.44,29.0
0.0,0.38460320234298706,234.24,28.0
2.5946543216705322,0.28744643926620483,235.31,27.0
0.0,0.4847027063369751,238.2,28.0
1.531569004058838,1.0725237131118774,232.49,28.0
1.6358344554901123,1.0789473056793213,237.06,28.0
1.2154431343078613,0.13539157807826996,233.12,28.0
1.350814700126648,0.12305372953414917,236.98,28.0
0.0012429074849933386,1.6461946964263916,235.23,27.0
0.0,0.38460320234298706,235.95,27.0
0.0015140259638428688,1.7462941408157349,239.04,28.0
0.0,0.4847027063369751,239.96,28.0
2.9256279468536377,1.243956208229065,245.21,16.0
3.0296223163604736,1.1502805948257446,251.09,15.0
0.0016622929833829403,1.8010356426239014,247.37,15.0
0.0019334112294018269,1.9011350870132446,252.04,15.0
1.5873832702636719,1.2567672729492188,247.79,15.0
0.0016622929833829403,1.8010356426239014,249.68,15.0
1.6916487216949463,1.2631912231445312,253.82,16.0
0.0019334112294018269,1.9011350870132446,254.39,15.0
2.5460550785064697,0.410524845123291,244.85,15.0
2.6500494480133057,0.3168492317199707,249.56,15.0
1.2579994201660156,0.13151296973228455,247.01,15.0
1.3933709859848022,0.11917512118816376,252.04,15.0
0.0,0.5394442677497864,249.09,15.0
0.0,0.5394442677497864,251.25,15.0
0.0,0.6395437121391296,253.54,15.0
0.0,0.6395437121391296,255.64,15.0
2.6738064289093018,0.6127139329910278,232.22,28.0
2.7778007984161377,0.5190383791923523,236.64,28.0
0.014999819919466972,1.3396780490875244,234.77,27.0
0.028512585908174515,1.4364560842514038,238.74,28.0
2.3903002738952637,0.02831435203552246,232.64,29.0
0.0,0.24640010297298431,235.57,28.0
2.525672197341919,0.01597648859024048,236.58,28.0
0.0,0.24640010297298431,239.5,28.0
2.729201078414917,0.6421167850494385,246.94,16.0
2.833195447921753,0.5484412312507629,252.89,16.0
2.432856798171997,0.02443571388721466,246.5,15.0
2.5682284832000732,0.012097880244255066,251.03,15.0
0.000841998727992177,1.4981755018234253,249.05,15.0
0.0,0.24640010297298431,250.23,15.0
0.0011131172068417072,1.5982749462127686,253.74,15.0
0.0,0.3366834819316864,255.12,15.0
1.3344106674194336,0.20061558485031128,234.05,28.0
1.4416173696517944,0.182102233171463,238.56,28.0
0.014999819919466972,1.3396780490875244,236.38,27.0
0.028512585908174515,1.4364560842514038,240.43,28.0
1.3901362419128418,0.35206764936447144,249.62,16.0
0.000841998727992177,1.4981755018234253,251.31,15.0
1.4944018125534058,0.35849156975746155,255.42,15.0
0.0011131172068417072,1.5982749462127686,256.23,15.0
1.249969720840454,0.1322447955608368,234.45,28.0
1.3853412866592407,0.1199069619178772,238.27,28.0
1.2925260066986084,0.12836620211601257,248.74,16.0
1.427897572517395,0.11602835357189178,253.47,15.0
0.0,0.24640010297298431,237.35,28.0
0.0,0.24640010297298431,252.62,15.0
0.0,0.24640010297298431,241.23,28.0
0.0,0.33668339252471924,257.33,15.0
3.269001007080078,2.8996825218200684,230.74,29.0
3.3732664585113525,2.9061062335968018,232.0,28.0
1.3868426084518433,3.0907161235809326,233.45,29.0
1.3689783811569214,3.10615611076355,234.27,28.0
2.8865654468536377,1.0092512369155884,231.0,29.0
1.0141206979751587,1.481999397277832,233.66,28.0
2.9905598163604736,0.9155758023262024,232.05,27.0
1.027633547782898,1.5787774324417114,234.87,28.0
1.9694359302520752,3.0424411296844482,232.22,29.0
2.0869431495666504,3.045543909072876,233.54,28.0
1.5481444597244263,0.9570255279541016,232.65,27.0
1.6524100303649902,0.9634493589401245,233.85,27.0
1.3868426084518433,3.0907161235809326,235.16,28.0
1.0141206979751587,1.481999397277832,236.06,29.0
1.3689783811569214,3.10615611076355,236.36,28.0
1.027633547782898,1.5787774324417114,237.1,28.0
3.071753978729248,1.9949824810028076,231.62,28.0
3.1760194301605225,2.00140643119812,232.64,28.0
1.290645956993103,2.372020959854126,233.43,28.0
1.3041588068008423,2.468799114227295,234.42,28.0
1.8314881324768066,2.1228675842285156,233.0,28.0
1.290645956993103,2.372020959854126,234.87,28.0
1.9489952325820923,2.125969886779785,234.22,28.0
1.3041588068008423,2.468799114227295,235.85,28.0
2.690138578414917,0.4074118733406067,231.63,27.0
2.794132947921753,0.31373628973960876,232.59,28.0
1.3985036611557007,0.17573368549346924,232.99,27.0
1.5341463088989258,0.2634952664375305,234.25,28.0
1.0725997686386108,1.1642650365829468,235.07,28.0
1.0725997686386108,1.1642650365829468,236.53,29.0
1.08611261844635,1.2610430717468262,236.17,28.0
1.08611261844635,1.2610429525375366,237.7,28.0
2.909397602081299,1.2116023302078247,231.32,29.0
3.013395071029663,1.1190214157104492,232.47,28.0
0.8981228470802307,1.616754174232483,233.23,28.0
0.9116356372833252,1.7135322093963623,234.38,28.0
2.5298244953155518,0.37817084789276123,231.76,29.0
0.6800767183303833,0.4089980721473694,234.61,28.0
2.6338188648223877,0.2844952344894409,232.98,28.0
0.6935893893241882,0.5057761669158936,235.91,28.0
2.7129709720611572,0.6097628474235535,233.0,29.0
2.816965341567993,0.5160872340202332,234.06,28.0
2.429234504699707,0.02476586401462555,233.15,29.0
2.564605951309204,0.01242801547050476,234.13,28.0
0.9566019177436829,1.299019694328308,234.92,28.0
0.7385558485984802,0.09126374125480652,235.79,28.0
0.9701146483421326,1.395797848701477,235.96,28.0
0.7520685195922852,0.1880417764186859,236.74,28.0
1.5712628364562988,1.2649637460708618,233.42,28.0
1.6755284070968628,1.2713875770568848,234.47,29.0
0.8981228470802307,1.616754174232483,235.37,28.0
0.9116356372833252,1.7135322093963623,236.43,28.0
1.3740156888961792,0.3602639436721802,234.56,28.0
0.9566019177436829,1.299019694328308,236.35,28.0
1.4810808897018433,0.37394511699676514,235.78,28.0
0.9701146483421326,1.395797848701477,237.41,28.0
1.2543773651123047,0.13184309005737305,233.43,29.0
1.3897488117218018,0.11950524151325226,234.75,28.0
1.2889039516448975,0.12869632244110107,234.65,29.0
1.4242753982543945,0.11635847389698029,235.79,28.0
0.6800767183303833,0.4089980721473694,236.31,28.0
0.7385558485984802,0.09126374125480652,237.23,28.0
0.6935893893241882,0.5057761669158936,237.36,28.0
0.7520685195922852,0.1880417913198471,238.23,28.0
3.3356356620788574,3.0588138103485107,246.0,28.0
3.43990159034729,3.0652377605438232,249.99,28.0
0.5708737969398499,3.470872402191162,248.69,28.0
0.5530094504356384,3.4863128662109375,252.18,28.0
2.9532206058502197,1.1760121583938599,246.81,28.0
0.13374270498752594,1.6951904296875,249.5,28.0
3.0572152137756348,1.0823365449905396,250.24,28.0
0.14725548028945923,1.7919683456420898,252.84,28.0
1.9977693557739258,3.2111799716949463,247.69,28.0
2.1020348072052,3.217603921890259,251.74,28.0
1.6147794723510742,1.1161569356918335,248.34,28.0
1.7190449237823486,1.122580885887146,251.71,28.0
0.5708737969398499,3.470872402191162,250.05,28.0
0.13374270498752594,1.6951904296875,250.87,28.0
0.5530094504356384,3.4863128662109375,253.51,28.0
0.14725548028945923,1.7919683456420898,254.34,28.0
2.97605299949646,1.3783631324768066,247.8,28.0
3.080047369003296,1.2846872806549072,251.85,28.0
0.017744796350598335,1.8299452066421509,249.58,28.0
0.03125756233930588,1.9267232418060303,252.99,28.0
1.6378974914550781,1.4240952730178833,249.44,28.0
0.017744796350598335,1.8299452066421509,251.01,28.0
1.7421629428863525,1.4305189847946167,253.49,28.0
0.03125756233930588,1.9267232418060303,254.47,28.0
2.596480131149292,0.5449316501617432,247.61,28.0
2.700474500656128,0.45125603675842285,251.32,28.0
1.257084608078003,0.13283322751522064,249.41,28.0
1.3919951915740967,0.11930051445960999,252.81,28.0
0.0,0.5723652243614197,250.28,28.0
0.0,0.5723652243614197,251.79,28.0
0.0,0.6724646687507629,254.42,28.0
0.0,0.6724646687507629,255.21,28.0
3.1383891105651855,2.154114007949829,247.99,28.0
3.24265456199646,2.1605379581451416,251.93,28.0
0.4102679491043091,2.585211992263794,249.72,28.0
0.42378073930740356,2.681990146636963,253.12,28.0
2.756793975830078,0.5741727948188782,248.06,28.0
0.19222180545330048,1.3774559497833252,250.34,28.0
2.860788583755493,0.4804971516132355,251.43,28.0
0.20573458075523376,1.4742339849472046,254.07,28.0
2.7796263694763184,0.7765236496925354,249.04,28.0
2.8836207389831543,0.6828480958938599,252.82,28.0
2.431480884552002,0.024561122059822083,248.9,28.0
2.5668528079986572,0.0122232586145401,252.28,28.0
0.07622385770082474,1.512210726737976,250.53,28.0
0.0,0.26950493454933167,251.36,28.0
0.08973661065101624,1.6089887619018555,254.12,28.0
0.0,0.36960434913635254,255.01,28.0
1.8005223274230957,2.3064801692962646,250.07,28.0
1.9047877788543701,2.3129043579101562,253.74,28.0
0.4102679491043091,2.585211992263794,251.16,28.0
0.42378073930740356,2.681990146636963,254.5,28.0
1.440650463104248,0.5193955302238464,250.6,28.0
0.07622385770082474,1.512210726737976,251.98,28.0
1.544916033744812,0.5258193612098694,254.42,28.0
0.08973661065101624,1.6089887619018555,255.32,28.0
1.4175323247909546,0.21145735681056976,249.46,28.0
1.5363719463348389,0.2556611895561218,252.87,28.0
1.291150450706482,0.1284915655851364,250.48,28.0
1.426521897315979,0.11615373194217682,253.57,28.0
0.19222180545330048,1.3774559497833252,251.81,28.0
0.0,0.26950493454933167,252.77,28.0
0.20573458075523376,1.4742339849472046,255.43,28.0
0.0,0.36960434913635254,256.25,28.0
3.3248157501220703,3.08392596244812,244.92,16.0
3.4290812015533447,3.0903499126434326,247.47,16.0
1.2670624256134033,3.312208414077759,248.02,16.0
1.2491981983184814,3.327648878097534,248.9,16.0
2.941960096359253,1.038654088973999,245.5,17.0
0.8815019726753235,1.6702104806900024,249.05,16.0
3.046091079711914,0.9953271746635437,246.32,16.0
0.8950147032737732,1.7669885158538818,250.16,16.0
1.9869486093521118,3.2362921237945557,247.25,16.0
2.091214179992676,3.242716073989868,249.79,16.0
1.6039589643478394,1.141269326210022,247.43,17.0
1.7082245349884033,1.1476932764053345,248.43,17.0
1.2670624256134033,3.312208414077759,250.12,16.0
0.8815019726753235,1.6702104806900024,251.24,16.0
1.2491981983184814,3.327648878097534,251.24,16.0
0.8950147032737732,1.7669885158538818,252.27,16.0
3.127568483352661,2.1792263984680176,246.61,18.0
3.2318339347839355,2.185650110244751,249.25,18.0
1.1580270528793335,2.560232162475586,249.01,18.0
1.1715400218963623,2.657010316848755,250.24,18.0
1.7897017002105713,2.331592559814453,248.71,18.0
1.1580270528793335,2.560232162475586,251.02,18.0
1.8939672708511353,2.3380165100097656,251.3,18.0
1.1715400218963623,2.657010316848755,252.09,18.0
2.7455337047576904,0.43681469559669495,246.65,18.0
2.8495280742645264,0.34313905239105225,247.87,18.0
1.441479206085205,0.32669609785079956,248.65,18.0
1.5771218538284302,0.41445767879486084,249.83,18.0
0.9399811029434204,1.3524761199951172,249.83,18.0
0.9399811029434204,1.3524761199951172,251.91,18.0
0.9534937739372253,1.4492541551589966,251.15,18.0
0.9534937739372253,1.4492541551589966,253.15,18.0
3.3914501667022705,3.2430579662323,258.56,18.0
3.495715856552124,3.249481439590454,264.6,18.0
0.4510936439037323,3.6923649311065674,260.33,19.0
0.43322932720184326,3.7078051567077637,264.99,19.0
3.008615732192993,1.2054150104522705,258.02,19.0
0.0018848627805709839,1.88321053981781,261.44,19.0
3.1127257347106934,1.1544585227966309,262.74,19.0
0.014636671170592308,1.9801794290542603,266.1,19.0
3.1942031383514404,2.338357925415039,260.5,19.0
3.298468828201294,2.3447818756103516,266.45,18.0
2.8121891021728516,0.6035755276679993,259.76,19.0
2.9161837100982666,0.509899914264679,264.47,20.0
0.27861931920051575,2.775938034057617,261.85,19.0
0.05960294231772423,1.5656670331954956,262.95,19.0
0.2911618649959564,2.8702011108398438,266.52,19.0
0.07311570644378662,1.662445068359375,267.85,19.0
2.0535836219787598,3.395423650741577,261.09,18.0
2.157849073410034,3.4018476009368896,267.04,18.0
0.4510936439037323,3.6923649311065674,262.66,19.0
0.43322932720184326,3.7078051567077637,267.28,19.0
1.8563364744186401,2.4907240867614746,262.68,19.0
0.27861931920051575,2.775938034057617,264.16,19.0
1.960602045059204,2.497147798538208,268.8,18.0
0.2911618649959564,2.8702011108398438,268.58,19.0
1.6705936193466187,1.300400972366333,260.17,19.0
1.7748593091964722,1.306824803352356,264.93,19.0
1.4733467102050781,0.395701140165329,261.68,19.0
1.5793476104736328,0.4066236615180969,266.21,20.0
0.0018848627805709839,1.88321053981781,263.72,19.0
0.05960294231772423,1.5656670331954956,264.93,19.0
0.014636671170592308,1.9801794290542603,268.42,19.0
0.07311572879552841,1.662445068359375,269.52,19.0
2.9649436473846436,1.2968413829803467,245.79,18.0
3.069209098815918,1.3032652139663696,248.19,17.0
0.765504002571106,1.8049651384353638,248.42,18.0
0.7790167331695557,1.9017431735992432,249.49,18.0
2.585219621658325,0.4075736403465271,246.01,19.0
0.5474579334259033,0.5972091555595398,249.53,18.0
2.689213991165161,0.31389808654785156,247.26,18.0
0.560970664024353,0.693987250328064,250.6,18.0
1.6270769834518433,1.4492075443267822,247.67,18.0
1.7313426733016968,1.4556312561035156,250.37,17.0
1.2969335317611694,0.12796449661254883,248.03,19.0
1.4323052167892456,0.11562663316726685,249.3,19.0
0.765504002571106,1.8049651384353638,250.45,18.0
0.5474579334259033,0.5972091555595398,251.52,18.0
0.7790167331695557,1.9017431735992432,251.25,18.0
0.560970664024353,0.693987250328064,252.5,18.0
3.031578540802002,1.4559729099273682,260.17,18.0
3.1358439922332764,1.4623967409133911,266.11,18.0
0.002170844469219446,1.988797664642334,261.69,19.0
0.00244196318089962,2.0888969898223877,266.48,19.0
1.6937118768692017,1.6083390712738037,262.22,18.0
0.002170844469219446,1.988797664642334,263.79,19.0
1.797977328300476,1.614762783050537,268.41,18.0
0.00244196318089962,2.0888969898223877,268.38,19.0
2.6518752574920654,0.574334442615509,259.26,19.0
2.7558696269989014,0.4806588888168335,264.17,20.0
1.3124794960021973,0.1622360646724701,261.36,19.0
1.4345513582229614,0.11542192101478577,266.09,19.0
0.0,0.7272062301635742,262.6,19.0
0.0,0.7272062301635742,264.6,19.0
0.0,0.8273057341575623,267.32,19.0
0.0,0.8273057341575623,269.38,19.0
2.7683658599853516,0.6391656398773193,247.13,18.0
2.8723599910736084,0.545490026473999,249.74,17.0
0.8239831328392029,1.487230896949768,249.6,18.0
0.8374958038330078,1.5840089321136475,250.61,18.0
2.4717910289764404,0.02088722586631775,247.31,18.0
0.6059369444847107,0.27947479486465454,250.75,18.0
2.6071624755859375,0.008549392223358154,248.58,18.0
0.6194496750831604,0.3762528896331787,251.8,18.0
2.8350210189819336,0.805926501750946,261.57,19.0
2.9390153884887695,0.7122507691383362,267.59,18.0
2.4740371704101562,0.02068251371383667,260.69,19.0
2.6094088554382324,0.008344665169715881,265.42,19.0
0.0013505504466593266,1.685937523841858,262.94,19.0
0.0,0.4243459105491638,263.82,19.0
0.0016216691583395004,1.7860369682312012,267.51,19.0
0.0,0.5244454145431519,268.55,19.0
1.4298299551010132,0.5445078611373901,249.34,18.0
1.5340956449508667,0.5509316921234131,251.79,17.0
0.8239831328392029,1.487230896949768,251.52,18.0
0.8374958038330078,1.5840089321136475,252.68,18.0
1.496464729309082,0.7036393880844116,263.59,19.0
0.0013505504466593266,1.685937523841858,264.74,19.0
1.600730299949646,0.7100632786750793,269.47,18.0
0.0016216691583395004,1.7860369682312012,269.47,19.0
1.3314602375030518,0.12481770664453506,249.36,18.0
1.4668316841125488,0.11247986555099487,250.43,18.0
1.3337066173553467,0.1246129721403122,262.11,19.0
1.4690780639648438,0.1122751384973526,267.17,19.0
0.6059369444847107,0.27947479486465454,252.45,18.0
0.0,0.4243459105491638,265.82,19.0
0.6194496750831604,0.3762528896331787,253.67,18.0
0.0,0.5244454145431519,270.4,19.0
