Col0,Col1,Performance-,Cpu-
0.0,2.6844289302825928,152.73918,2.097821
0.0,2.694638967514038,156.03908,1.598034
0.0,2.8579955101013184,147.44916,1.818094
0.0,2.675945997238159,126.19916,1.302478
0.0,2.688197135925293,122.43356,1.347658
0.0,2.8532238006591797,125.59792,1.823848
0.0,2.491580009460449,121.4958,0.953861
0.0,2.503831148147583,124.5854,1.431842
0.0,2.6998488903045654,124.92472,1.57357
0.0,2.65849232673645,154.80596,1.832602
0.0,2.6687021255493164,156.3613,1.717028
0.0,2.8320586681365967,153.44792,1.916565
0.0,2.6444380283355713,127.65364,1.864011
0.0,2.656689167022705,126.46388,1.620084
0.0,2.827287197113037,121.13962,1.707123
0.0,2.4600720405578613,131.43594,1.406796
0.0,2.472323179244995,124.03382,1.576118
0.0,2.6683409214019775,132.51554,1.393236
0.0,2.4154202938079834,144.89046,1.754854
0.0,2.4276716709136963,157.60522,2.184037
0.0,2.6236889362335205,145.1357,1.450489
0.0,2.3923747539520264,123.74794,1.840236
0.0,2.40462589263916,124.50118,1.7233
0.0,2.6006433963775635,137.18522,1.073235
0.0,2.2080087661743164,123.31718,1.384665
0.0,2.22025990486145,129.99348,1.715657
0.0,2.4162776470184326,123.12918,1.978482
0.0,2.681612491607666,144.10294,2.128679
0.0,2.6938636302948,156.76458,2.3234
0.0,2.8854167461395264,166.58138,1.66438
0.0,2.65856671333313,130.06446,1.49515
0.0,2.6708178520202637,123.9514,1.46569
0.0,2.866835355758667,127.50434,1.874767
0.0,2.474200963973999,127.73696,1.561734
0.0,2.4864518642425537,122.79732,1.744263
0.0,2.682469606399536,124.71252,1.597505
0.0,2.6501047611236572,158.39724,1.997852
0.0,2.662355899810791,146.89084,1.839865
0.0,2.8583734035491943,158.41652,1.503037
0.0,2.627058982849121,134.70682,1.305506
0.0,2.639310121536255,128.24036,1.634234
0.0,2.835327386856079,126.05994,1.457822
0.0,2.442692995071411,127.35552,1.750119
0.0,2.454944133758545,123.98796,1.469696
0.0,2.6509616374969482,121.53854,1.383748
0.0,2.3980414867401123,162.12026,1.898354
0.0,2.410292387008667,161.54806,1.999973
0.0,2.6063098907470703,154.93498,1.824661
0.0,2.374995708465576,126.68666,1.362611
0.0,2.387246608734131,132.82736,1.464663
0.0,2.583264112472534,126.07158,1.741613
0.0,2.190629720687866,128.03164,1.571178
0.0,2.202880620956421,126.58534,1.682616
0.0,2.3988983631134033,123.21752,1.246849
0.0,2.3354012966156006,155.27954,1.842733
0.0,2.3476524353027344,150.15492,2.060039
0.0,2.5436699390411377,151.12408,1.907998
0.0,2.3123557567596436,121.65688,1.333871
0.0,2.3246066570281982,125.14584,1.431587
0.0,2.5206243991851807,130.5549,1.531994
0.0,2.1279897689819336,123.03776,1.16818
0.0,2.1402409076690674,127.9971,1.559436
0.0,2.3362584114074707,120.80258,1.194001
0.0,2.303893566131592,157.02718,1.99184
0.0,2.3161444664001465,157.59948,1.830451
0.0,2.51216197013855,154.82452,2.294987
0.0,2.2808477878570557,124.88612,1.320295
0.0,2.2930986881256104,122.51534,1.656669
0.0,2.4891164302825928,129.98792,1.444396
0.0,2.0964818000793457,126.42628,1.579648
0.0,2.1087329387664795,126.54116,1.560528
0.0,2.3047502040863037,127.09406,1.381109
0.0,2.0518300533294678,151.09998,2.204678
0.0,2.0640811920166016,150.9635,1.965873
0.0,2.260098695755005,154.80834,1.745686
0.0,2.0287845134735107,130.7902,1.321967
0.0,2.0410354137420654,124.37072,1.721281
0.0,2.237053155899048,128.23782,1.559468
0.0,1.8444184064865112,123.42444,1.377862
0.0,1.8566696643829346,130.41156,1.263372
0.0,2.052686929702759,130.63224,1.52009
0.0,2.3180222511291504,157.41666,1.494255
0.0,2.330273389816284,158.9126,1.959304
0.0,2.5262908935546875,149.68294,1.926974
0.0,2.2949764728546143,132.66998,1.408362
0.0,2.307227373123169,119.60958,1.642139
0.0,2.5032451152801514,122.40158,1.23289
0.0,2.1106107234954834,128.5144,1.551751
0.0,2.122861862182617,125.47892,1.210172
0.0,2.3188791275024414,126.42044,1.582104
0.0,2.2865145206451416,156.3033,1.689799
0.0,2.2987654209136963,160.3014,2.130753
0.0,2.4947829246520996,157.0833,1.425985
0.0,2.2634685039520264,123.3531,1.378146
0.0,2.27571964263916,128.6533,1.348687
0.0,2.4717371463775635,128.07834,1.602019
0.0,2.0791025161743164,127.2561,1.377975
0.0,2.09135365486145,127.03776,1.501572
0.0,2.2873711585998535,127.933,1.438098
0.0,2.0344510078430176,161.1823,2.048742
0.0,2.0467021465301514,156.44024,2.226143
0.0,2.2427196502685547,158.61462,2.098585
0.0,2.0114052295684814,119.71472,1.488606
0.0,2.023656129837036,134.6838,1.646697
0.0,2.2196738719940186,126.18942,2.00295
0.0,1.827039361000061,132.45906,1.564298
0.0,1.8392904996871948,125.4029,1.415624
0.0,2.0353078842163086,132.96178,1.629191
0.0,2.0675833225250244,133.8734,1.629767
0.0,2.079834461212158,130.38654,1.13963
0.0,2.2758519649505615,134.8711,1.557334
0.0,2.0445377826690674,125.8765,1.006087
0.0,2.056788682937622,122.5031,1.363616
0.0,2.2528064250946045,126.95272,1.597676
0.0,1.8601720333099365,121.76812,1.27899
0.0,1.8724229335784912,124.4384,1.628472
0.0,2.0684406757354736,116.54328,1.389615
0.0,2.0360755920410156,141.5357,1.769572
0.0,2.0483267307281494,130.19062,1.466909
0.0,2.2443439960479736,143.47706,1.668514
0.0,2.0130298137664795,118.71272,1.5011
0.0,2.025280714035034,122.11334,1.20315
0.0,2.2212982177734375,130.33546,1.890753
0.0,1.8286640644073486,120.04518,1.573407
0.0,1.8409150838851929,128.82076,1.897337
0.0,2.0369327068328857,123.5542,1.426465
0.0,1.7840123176574707,136.3216,1.946421
0.0,1.7962634563446045,142.59304,1.510988
0.0,1.9922807216644287,127.47296,1.880571
0.0,1.7609665393829346,125.147,1.644293
0.0,1.7732174396514893,129.5978,1.524885
0.0,1.9692351818084717,122.31586,1.886204
0.0,1.5766007900238037,123.74038,1.611203
0.0,1.5888516902923584,122.58516,1.466546
0.0,1.7848691940307617,119.98422,1.701327
0.0,2.050204277038574,144.14208,1.83276
0.0,2.062455415725708,133.04866,1.691575
0.0,2.2584729194641113,143.37686,1.844424
0.0,2.027158498764038,119.4129,1.575699
0.0,2.039409637451172,126.88348,1.261422
0.0,2.235427141189575,128.19488,1.464963
0.0,1.8427928686141968,123.35668,1.580099
0.0,1.855043888092041,121.12112,1.155343
0.0,2.0510613918304443,128.17996,1.764325
0.0,2.0186965465545654,138.82874,1.488569
0.0,2.030947685241699,141.44516,1.625194
0.0,2.2269651889801025,137.57252,1.754225
0.0,1.9956507682800293,121.81652,1.404087
0.0,2.007901906967163,125.32428,1.2336
0.0,2.2039191722869873,121.66166,1.482934
0.0,1.8112850189208984,129.32582,1.646597
0.0,1.8235359191894531,119.49762,1.807068
0.0,2.0195534229278564,124.18236,1.026111
0.0,1.7666332721710205,148.7905,1.703029
0.0,1.7788841724395752,137.68756,1.646818
0.0,1.9749016761779785,136.82162,1.95678
0.0,1.7435873746871948,130.206,1.169775
0.0,1.755838394165039,124.30566,1.682117
0.0,1.9518558979034424,119.65122,1.264763
0.0,1.559221625328064,126.58268,2.009261
0.0,1.5714726448059082,120.55142,1.372268
0.0,1.7674901485443115,127.48132,1.562408
0.0,1.7039932012557983,137.3268,1.834557
0.0,1.7162442207336426,133.35806,1.505042
0.0,1.912261724472046,130.74398,1.530792
0.0,1.6809473037719727,124.93068,1.411595
0.0,1.693198323249817,122.34024,1.390332
0.0,1.8892159461975098,117.1161,1.795213
0.0,1.4965815544128418,122.39848,1.493003
0.0,1.5088326930999756,126.16168,1.702317
0.0,1.704850196838379,122.94006,1.441977
0.0,1.6724853515625,129.6758,1.015333
0.0,1.6847362518310547,138.4986,1.671332
0.0,1.880753755569458,132.15158,1.487781
0.0,1.6494394540786743,127.43578,1.569792
0.0,1.6616904735565186,125.81428,1.697235
0.0,1.8577080965042114,116.6673,1.311471
0.0,1.465073585510254,128.44016,1.548895
0.0,1.4773247241973877,120.16428,1.414445
0.0,1.673342227935791,124.34794,1.569804
0.0,1.4204219579696655,141.05542,1.742446
0.0,1.4326729774475098,133.70762,1.478482
0.0,1.628690481185913,128.97906,2.099344
0.0,1.3973760604858398,132.12074,1.432306
0.0,1.409627079963684,118.49984,1.41949
0.0,1.605644702911377,123.32718,1.27111
0.0,1.213010311126709,123.84286,1.408529
0.0,1.2252614498138428,122.86904,1.680751
0.0,1.421278953552246,122.49424,1.128398
0.0,1.6866140365600586,152.217,1.605086
0.0,1.6988651752471924,145.03374,1.430137
0.0,1.8948825597763062,141.3474,1.519938
0.0,1.6635682582855225,121.5259,1.682117
0.0,1.6758192777633667,122.40266,1.80298
0.0,1.8718369007110596,123.2026,1.333408
0.0,1.4792025089263916,121.89858,1.820294
0.0,1.4914535284042358,117.17612,1.298267
0.0,1.6874710321426392,132.1251,1.388255
0.0,1.6551061868667603,141.39298,1.443126
0.0,1.6673572063446045,137.38848,1.84968
0.0,1.8633747100830078,143.58672,1.35325
0.0,1.6320604085922241,123.13778,1.478042
0.0,1.6443114280700684,129.69056,1.826111
0.0,1.8403290510177612,119.44074,1.372873
0.0,1.4476945400238037,125.4251,1.677186
0.0,1.4599456787109375,127.32126,1.357107
0.0,1.6559631824493408,123.79126,1.448659
0.0,1.4030429124832153,140.65262,1.471644
0.0,1.4152939319610596,142.03192,1.754841
0.0,1.6113113164901733,149.00528,1.614242
0.0,1.3799970149993896,120.3985,1.420064
0.0,1.3922480344772339,127.76354,1.426794
0.0,1.5882656574249268,120.87956,1.590652
0.0,1.1956312656402588,128.1722,1.396306
0.0,1.207882285118103,119.87162,1.253264
0.0,1.4038997888565063,128.42286,1.683331
0.0,1.1482880115509033,134.159,1.62925
0.0,1.160539150238037,134.07314,1.39758
0.0,1.3565566539764404,142.92294,1.488141
0.0,1.1252422332763672,128.05728,1.466917
0.0,1.137493371963501,127.08366,1.591151
0.0,1.3335108757019043,132.8667,1.231662
0.0,0.9408766031265259,121.01138,1.719791
0.0,0.9531276226043701,130.80306,1.503728
0.0,1.1491451263427734,122.68394,1.396448
0.0,1.116780161857605,141.8665,1.548027
0.0,1.1290311813354492,133.94498,1.866964
0.0,1.3250486850738525,130.92508,1.403209
0.0,1.0937342643737793,132.22466,1.197131
0.0,1.105985403060913,133.23082,1.630159
0.0,1.3020029067993164,118.74762,1.446614
0.0,0.9093685150146484,132.97902,1.66641
0.0,0.9216195344924927,122.03872,1.480963
0.0,1.1176371574401855,125.83226,1.49532
0.0,0.8647167682647705,145.7535,1.462866
0.0,0.8769677877426147,136.8618,1.678085
0.0,1.072985291481018,130.15928,1.442969
0.0,0.8416709899902344,123.8099,1.596892
0.0,0.8539220094680786,120.69796,1.716505
0.0,1.0499396324157715,132.61108,1.485803
0.0,0.7041791677474976,121.16048,1.500106
0.0,0.7138172388076782,133.14894,1.423739
0.0,0.8680264949798584,121.19756,1.73453
0.0,1.1309088468551636,144.50336,1.758027
0.0,1.1431598663330078,153.89284,1.881601
0.0,1.3391773700714111,140.5177,1.430121
0.0,1.1078630685806274,129.07092,1.432028
0.0,1.1201140880584717,126.43004,1.277515
0.0,1.316131591796875,126.37066,1.494093
0.0,0.9234973192214966,124.15222,1.387837
0.0,0.9357483386993408,130.82618,1.638218
0.0,1.1317659616470337,128.19848,1.439258
0.0,1.0994009971618652,151.1579,1.520737
0.0,1.1116520166397095,148.08202,1.394788
0.0,1.3076694011688232,151.05694,1.650477
0.0,1.076355218887329,125.81394,1.839141
0.0,1.0886062383651733,132.5364,1.897054
0.0,1.2846237421035767,123.03554,1.522313
0.0,0.8987076282501221,127.2568,0.999933
0.0,0.9083456993103027,128.96538,1.759583
0.0,1.1002578735351562,124.1885,1.421139
0.0,0.8473376035690308,148.80866,1.232522
0.0,0.859588623046875,148.83304,1.620391
0.0,1.0556061267852783,137.99884,1.54027
0.0,0.8242918252944946,132.98276,1.324177
0.0,0.8365428447723389,128.1323,1.498164
0.0,1.0325603485107422,122.30182,1.403352
0.0,0.7135686874389648,133.24688,1.257523
0.0,0.7232067584991455,122.01272,1.943388
0.0,0.8774160146713257,128.86494,1.168381
0.0,0.7846976518630981,139.07924,1.595521
0.0,0.7969487905502319,136.3501,1.238061
0.0,0.9929662942886353,144.74576,1.73227
0.0,0.761651873588562,122.84808,1.807505
0.0,0.7739030122756958,134.19488,1.48222
0.0,0.9699206352233887,123.75996,1.889404
0.0,0.6584879159927368,130.67152,1.731978
0.0,0.6681259870529175,124.62308,1.680199
0.0,0.8223352432250977,126.68664,1.483985
0.0,0.7531896829605103,138.83882,1.074046
0.0,0.765440821647644,137.61756,1.86639
0.0,0.9614584445953369,142.7193,1.286163
0.0,0.7301440238952637,126.9735,1.53017
0.0,0.7423950433731079,124.86756,1.427063
0.0,0.9384125471115112,127.55812,1.531904
0.0,0.635345458984375,127.84854,1.685403
0.0,0.6449835300445557,123.19344,1.412848
0.0,0.7991929054260254,126.48614,1.253172
0.0,0.5793896913528442,135.55848,1.603472
0.0,0.5820026397705078,133.4588,1.408511
0.0,0.7093950510025024,145.82314,1.636433
0.018560349941253662,0.48974499106407166,123.0529,1.590185
0.01744963228702545,0.49235793948173523,124.1402,1.325738
0.0,0.6863492727279663,127.22164,1.503695
0.06395256519317627,0.45020660758018494,124.73216,1.32842
0.06038416922092438,0.4598446786403656,125.74888,1.5224
0.00328981876373291,0.6140539646148682,124.91988,1.463451
0.0,0.7673184871673584,153.34724,1.774068
0.0,0.7795696258544922,145.38846,1.954675
0.0,0.9755871295928955,143.50224,1.983888
0.0,0.7442727088928223,130.18698,1.510569
0.0,0.756523847579956,125.53138,1.692899
0.0,0.9525413513183594,130.16412,1.626869
0.0,0.6678774356842041,125.1743,1.315792
0.0,0.6775153875350952,122.16874,1.566934
0.0,0.8317247629165649,126.69042,1.428141
0.0,0.7358105182647705,148.29248,1.720221
0.0,0.7480616569519043,156.57734,1.729643
0.0,0.9440791606903076,153.00598,1.986938
0.0,0.7127648591995239,122.72676,1.962542
0.0,0.7250158786773682,125.00436,1.464293
0.0,0.9210333824157715,128.36516,1.563304
0.0,0.6447350978851318,127.02076,1.308379
0.0,0.654373049736023,126.52104,1.400822
0.0,0.8085823059082031,129.23546,1.612053
0.0,0.5526210069656372,138.19588,1.426723
0.0,0.5552339553833008,148.77424,1.954623
0.0,0.6920158863067627,141.86936,1.767402
0.029939502477645874,0.46297624707221985,133.82132,1.24546
0.02610260248184204,0.4729524552822113,123.58968,1.719715
0.0,0.6689701080322266,131.60388,1.563443
0.06047616899013519,0.459596186876297,123.58372,1.636371
0.05690780282020569,0.4692341387271881,128.14302,1.542525
0.0,0.6234434843063354,130.5639,1.494999
2.8632771968841553,0.0,75.8466,1.678044
2.8737525939941406,0.0,77.60244,1.67495
3.0413596630096436,0.0,78.72336,1.87872
2.852100372314453,0.0,62.38484,1.863994
2.8625757694244385,0.0,68.59646,1.569654
3.0301828384399414,0.0,60.23758,1.813419
2.613654375076294,0.0,61.98094,1.511192
2.6252405643463135,0.0,62.97342,1.660102
2.810619592666626,0.0,61.84758,1.604656
2.841487407684326,0.0,84.33534,1.706804
2.8519628047943115,0.0,79.64902,1.669167
3.0195693969726562,0.0,73.71034,1.818578
2.830310583114624,0.0,64.62572,1.475431
2.8407862186431885,0.0,61.02256,1.568272
3.008392810821533,0.0,62.47892,1.581144
2.588308334350586,0.0,70.28,1.374048
2.5998945236206055,0.0,63.32776,1.607193
2.785273790359497,0.0,65.4326,1.65053
2.615358591079712,0.0,83.01896,1.553875
2.6294023990631104,0.0,81.96672,1.825311
2.8452508449554443,0.0,72.72898,2.009956
2.6288392543792725,0.0,61.80882,1.639737
2.642883062362671,0.0,59.7906,1.642395
2.8340742588043213,0.0,60.6387,1.534681
2.38554048538208,0.0,61.56876,1.762496
2.3971266746520996,0.0,62.67342,1.522044
2.582505941390991,0.0,59.52882,1.70313
2.881939172744751,0.0,73.65844,1.527346
2.8924148082733154,0.0,76.21606,1.679894
3.0600216388702393,0.0,76.97608,2.039967
2.870762348175049,0.0,61.28034,1.687854
2.881237745285034,0.0,61.89508,1.423163
3.048844575881958,0.0,66.48292,1.711983
2.6209371089935303,0.0,65.02724,1.468128
2.63252329826355,0.0,63.3468,1.555004
2.8179023265838623,0.0,61.96262,1.682841
2.860149383544922,0.0,76.3833,1.545906
2.8706247806549072,0.0,84.21766,1.743171
3.038231611251831,0.0,73.36612,1.610391
2.8489725589752197,0.0,63.12984,1.449233
2.859447956085205,0.0,61.97414,1.658074
3.027054786682129,0.0,61.23984,1.673059
2.5955910682678223,0.0,67.56616,1.560462
2.607177495956421,0.0,59.5797,1.629897
2.7925565242767334,0.0,61.49128,1.498008
2.6374969482421875,0.0,71.6068,1.837903
2.651540756225586,0.0,76.58684,1.75398
2.86391282081604,0.0,68.906,1.586752
2.650977611541748,0.0,65.92006,1.52669
2.6650214195251465,0.0,67.2427,1.438938
2.852735996246338,0.0,63.66458,1.509266
2.3928234577178955,0.0,67.19642,1.614353
2.404409646987915,0.0,61.26298,1.648408
2.5897886753082275,0.0,62.73068,1.57258
2.5136783123016357,0.0,82.58612,1.792526
2.527722120285034,0.0,78.15874,1.945534
2.7524232864379883,0.0,85.37784,1.830019
2.5271589756011963,0.0,58.70572,1.785264
2.541203022003174,0.0,62.1882,1.672015
2.749310255050659,0.0,66.08812,1.538442
2.286184549331665,0.0,65.9521,1.648447
2.2977707386016846,0.0,63.48608,1.606061
2.483149766921997,0.0,63.25352,1.74975
2.4833202362060547,0.0,82.16748,1.743416
2.497364044189453,0.0,76.8341,1.701391
2.7220652103424072,0.0,81.78796,1.982387
2.4968008995056152,0.0,62.07534,1.514707
2.5108449459075928,0.0,66.38948,1.4169
2.727520704269409,0.0,65.60718,1.453671
2.260838508605957,0.0,61.99804,1.670431
2.2724246978759766,0.0,61.58386,1.647083
2.457803964614868,0.0,64.27176,1.804814
2.2404558658599854,0.0,81.21746,1.718152
2.254499673843384,0.0,80.35662,1.75908
2.479200601577759,0.0,84.58386,1.792011
2.253936529159546,0.0,63.64128,1.620656
2.2679803371429443,0.0,65.6012,1.566191
2.4926815032958984,0.0,64.16496,1.644678
2.0580708980560303,0.0,60.11624,1.747968
2.0696568489074707,0.0,60.91276,1.569413
2.2550361156463623,0.0,66.31668,1.476516
2.5358166694641113,0.0,73.80676,1.613482
2.5498604774475098,0.0,77.55748,1.485537
2.774561643600464,0.0,85.36528,1.642217
2.549297571182251,0.0,67.20746,1.522844
2.5633411407470703,0.0,64.51092,1.416166
2.767972469329834,0.0,63.03016,1.62985
2.2934672832489014,0.0,67.62936,1.735534
2.305053472518921,0.0,67.87554,1.46336
2.4904327392578125,0.0,71.07574,1.404967
2.5054585933685303,0.0,76.28194,1.611654
2.5195024013519287,0.0,71.6295,1.818391
2.744203567504883,0.0,77.65294,1.689218
2.518939256668091,0.0,65.7913,1.643881
2.5329830646514893,0.0,63.87594,1.634562
2.746182441711426,0.0,63.9062,1.751149
2.2681212425231934,0.0,63.53994,1.559842
2.279707670211792,0.0,65.72888,1.386949
2.4650866985321045,0.0,64.92884,1.74724
2.262593984603882,0.0,76.19752,1.763254
2.2766377925872803,0.0,77.53552,1.943789
2.5013391971588135,0.0,82.53034,1.803394
2.2760746479034424,0.0,66.30684,1.754474
2.29011869430542,0.0,62.0596,1.555902
2.514819860458374,0.0,67.61356,1.458549
2.0653536319732666,0.0,66.95442,1.474416
2.076939821243286,0.0,65.14762,1.65154
2.2623188495635986,0.0,68.87998,1.521248
2.1809091567993164,0.0,132.32214,2.098229
2.194952964782715,0.0,127.8706,1.371009
2.419654130935669,0.0,139.66136,1.800134
2.194389820098877,0.0,121.23378,1.533649
2.2084336280822754,0.0,123.39188,1.527155
2.4331347942352295,0.0,119.49972,1.533097
1.925245761871338,0.0,130.95498,1.54617
1.9368319511413574,0.0,119.25102,1.424655
2.12221097946167,0.0,121.74636,1.666436
2.1505513191223145,0.0,137.31596,1.129671
2.164594888687134,0.0,143.52402,1.963168
2.389296054840088,0.0,132.12136,1.437626
2.164031744003296,0.0,117.85066,1.430582
2.1780755519866943,0.0,124.61498,1.487116
2.4027767181396484,0.0,128.3507,1.743184
1.8998997211456299,0.0,124.8017,1.557687
1.9114859104156494,0.0,119.76966,1.237812
2.096864938735962,0.0,127.54664,1.337047
1.907686710357666,0.0,126.5307,1.579173
1.9217302799224854,0.0,139.55442,1.493418
2.1464314460754395,0.0,129.50516,1.540379
1.9211673736572266,0.0,125.387,1.555658
1.935210943222046,0.0,116.56724,1.312526
2.159912109375,0.0,130.5035,1.47403
1.6971321105957031,0.0,119.13246,1.437558
1.7087180614471436,0.0,127.77774,1.693651
1.8940973281860352,0.0,133.1577,1.687827
2.203047513961792,0.0,140.77832,1.107218
2.2170913219451904,0.0,133.32166,1.811704
2.4417924880981445,0.0,145.57968,1.327941
2.2165281772613525,0.0,120.93716,1.409198
2.230571985244751,0.0,130.08078,1.391734
2.455272912979126,0.0,132.76238,1.633282
1.9325284957885742,0.0,115.60052,1.286875
1.9441146850585938,0.0,131.51036,1.402135
2.1294937133789062,0.0,118.17178,1.174778
2.172689437866211,0.0,145.09264,1.752392
2.1867332458496094,0.0,137.67414,1.633706
2.4114344120025635,0.0,142.0761,1.478741
2.1861701011657715,0.0,123.64052,1.20278
2.20021390914917,0.0,126.24064,1.651573
2.424915075302124,0.0,126.04182,1.463239
1.9071826934814453,0.0,118.38758,1.809646
1.9187686443328857,0.0,125.23114,1.536134
2.1041479110717773,0.0,128.68764,1.327143
1.9298250675201416,0.0,133.11794,1.945573
1.943868637084961,0.0,140.8152,1.70006
2.168569803237915,0.0,145.185,1.915161
1.9410960674285889,0.0,122.32018,1.236306
1.9562506675720215,0.0,122.13442,1.64572
2.1820504665374756,0.0,124.91508,1.496063
1.7044148445129395,0.0,120.27536,1.664856
1.716001033782959,0.0,132.59998,1.471244
1.9013800621032715,0.0,122.71284,1.599655
1.8060064315795898,0.0,195.08038,1.372822
1.8200502395629883,0.0,191.7285,2.44004
2.0447511672973633,0.0,195.83798,1.484126
1.8140640258789062,0.0,182.71382,2.313821
1.8292186260223389,0.0,182.71246,1.855569
2.058231830596924,0.0,182.29456,2.006323
1.597775936126709,0.0,168.03008,1.506275
1.6093621253967285,0.0,179.71918,1.598958
1.794741153717041,0.0,178.21364,1.88633
1.7756481170654297,0.0,194.55664,1.421179
1.7896919250488281,0.0,193.39354,1.433396
2.0143930912017822,0.0,196.45734,1.913601
1.7801499366760254,0.0,174.82132,1.347916
1.795304298400879,0.0,178.07954,1.508632
2.0278737545013428,0.0,178.05722,1.423925
1.57243013381958,0.0,178.92934,1.821759
1.5840160846710205,0.0,176.87678,1.839747
1.769395112991333,0.0,183.6792,1.494642
1.5724353790283203,0.0,195.8429,1.492303
1.5745279788970947,0.0,194.49294,1.804986
1.771528720855713,0.0,199.92904,1.497038
1.5444350242614746,0.0,177.30792,1.456752
1.5476386547088623,0.0,180.26528,1.213803
1.7664644718170166,0.0,177.74082,1.710252
1.315000057220459,0.0,177.7507,2.060282
1.326979160308838,0.0,180.8247,1.249659
1.5666275024414062,0.0,183.96716,2.081761
1.8281445503234863,0.0,210.72088,1.441201
1.8421885967254639,0.0,208.66318,1.054004
2.066889524459839,0.0,213.5254,1.44888
1.8248233795166016,0.0,184.5632,1.265678
1.839977741241455,0.0,181.82778,1.499571
2.0803701877593994,0.0,180.74118,1.209308
1.6050586700439453,0.0,187.13222,1.903895
1.6166448593139648,0.0,183.83054,1.309875
1.8020238876342773,0.0,184.33572,1.890773
1.7977867126464844,0.0,204.25208,1.396929
1.8118302822113037,0.0,214.24328,1.852899
2.036531448364258,0.0,209.00358,1.644513
1.7909090518951416,0.0,183.53776,1.797585
1.8060636520385742,0.0,177.63588,1.681339
2.048537015914917,0.0,181.8303,1.491422
1.5797128677368164,0.0,183.50686,1.733424
1.591299057006836,0.0,182.79288,1.374979
1.7766780853271484,0.0,178.43548,1.258366
1.544222116470337,0.0,212.80754,1.819322
1.5593767166137695,0.0,210.93856,1.118207
1.7936670780181885,0.0,201.4908,1.606212
1.5195956230163574,0.0,185.6874,1.632747
1.534749984741211,0.0,185.85926,1.338843
1.7772235870361328,0.0,184.10094,2.012904
1.3225839138031006,0.0,182.57834,1.812928
1.3377385139465332,0.0,187.3751,1.244724
1.5739102363586426,0.0,196.03558,1.632986
0.4671681523323059,0.0,66.76542,2.021084
0.47911909222602844,0.0,66.61184,1.758741
0.700711727142334,0.0,65.53812,1.656031
0.47122105956077576,0.0,61.5545,1.613327
0.4831719994544983,0.0,67.94832,1.431208
0.676085352897644,0.0,59.2532,1.54633
0.4381506145000458,0.0,60.05058,1.547121
0.4465331435203552,0.0,62.40172,1.605274
0.5806540846824646,0.0,62.21736,1.67056
0.4419974088668823,0.0,59.71644,1.751162
0.45394837856292725,0.0,61.50246,1.735867
0.6667975187301636,0.0,61.91214,1.821963
0.44605034589767456,0.0,64.0298,1.602599
0.4580012857913971,0.0,59.73318,1.522072
0.6492165327072144,0.0,61.36082,1.64658
0.42154812812805176,0.0,63.11236,1.784867
0.4299306869506836,0.0,63.82168,1.650623
0.564051628112793,0.0,64.05008,1.592737
0.25689440965652466,0.0,64.16582,1.911696
0.25689440965652466,0.0,68.63506,1.845419
0.4437980055809021,0.0,65.29248,1.718231
0.25689440965652466,0.0,60.31724,1.5282
0.25689440965652466,0.0,63.58248,1.783535
0.44785094261169434,0.0,64.41892,1.583718
0.27710795402526855,0.0,57.55776,1.637253
0.2890588939189911,0.0,57.69104,1.564503
0.43123167753219604,0.0,63.8527,1.546799
0.5482372045516968,0.0,72.51996,1.712805
0.5601881742477417,0.0,67.768,1.691378
0.7514034509658813,0.0,73.01804,1.618009
0.552290141582489,0.0,62.45114,1.706501
0.5642410516738892,0.0,67.18814,1.536065
0.7554563283920288,0.0,57.003,1.897585
0.5157433152198792,0.0,61.7266,1.655785
0.524125874042511,0.0,66.88106,1.673736
0.6582467555999756,0.0,65.68756,1.474002
0.523066520690918,0.0,67.9846,1.757667
0.5350174307823181,0.0,70.12018,1.645884
0.7262327075004578,0.0,66.27538,1.855291
0.5271193981170654,0.0,59.8243,1.600729
0.5390703678131104,0.0,64.30116,1.598334
0.73028564453125,0.0,67.14076,1.657408
0.49914079904556274,0.0,59.45774,1.703227
0.5075233578681946,0.0,66.43056,1.37102
0.641644299030304,0.0,61.54488,1.680538
0.3217008709907532,0.0,67.97026,1.761691
0.3336518108844757,0.0,67.20594,1.735302
0.524867057800293,0.0,70.79542,1.744258
0.325753778219223,0.0,69.62692,1.585649
0.33770471811294556,0.0,68.26452,1.447527
0.5289199948310852,0.0,61.48692,1.607188
0.3581770062446594,0.0,65.65044,1.503059
0.37012797594070435,0.0,66.10128,1.592155
0.508824348449707,0.0,58.88278,1.723009
0.25689440965652466,0.0,66.38508,2.048976
0.25689440965652466,0.0,63.2707,1.703746
0.39585232734680176,0.0,66.42318,1.858495
0.25689440965652466,0.0,59.14678,1.756202
0.25689440965652466,0.0,60.37182,1.709559
0.399905264377594,0.0,64.89984,1.557686
0.25689440965652466,0.0,66.31226,1.657051
0.25689440965652466,0.0,62.89136,1.700527
0.4002027213573456,0.0,66.86548,1.480853
0.25689440965652466,0.0,68.76114,1.885237
0.25689440965652466,0.0,71.93534,1.603018
0.37068164348602295,0.0,68.76882,1.754109
0.25689440965652466,0.0,62.39712,1.997773
0.25689440965652466,0.0,65.67968,1.504187
0.3747345507144928,0.0,65.2189,1.388449
0.25689440965652466,0.0,67.391,1.422464
0.25689440965652466,0.0,60.5284,1.493759
0.38360023498535156,0.0,63.00506,1.437403
0.25689440965652466,0.0,64.671,1.753758
0.25689440965652466,0.0,63.5517,1.751359
0.25689440965652466,0.0,65.11014,1.761262
0.25689440965652466,0.0,63.53058,1.512873
0.25689440965652466,0.0,58.41284,1.659385
0.25689440965652466,0.0,60.56744,1.671364
0.25689440965652466,0.0,65.94566,1.526359
0.25689440965652466,0.0,64.82308,1.656722
0.25689440965652466,0.0,61.63208,1.550645
0.27375516295433044,0.0,77.183,1.576383
0.28570613265037537,0.0,73.24244,1.698908
0.476921409368515,0.0,71.27526,1.648991
0.2778080999851227,0.0,64.39756,1.521079
0.2897590696811676,0.0,66.39912,1.467283
0.48097431659698486,0.0,64.10244,1.590119
0.3102313280105591,0.0,71.03118,1.562315
0.322182297706604,0.0,67.27866,1.460646
0.47779542207717896,0.0,62.0616,1.72489
0.25689440965652466,0.0,72.79566,1.59231
0.26053541898727417,0.0,72.34228,1.628638
0.4517506957054138,0.0,67.06784,1.919909
0.25689440965652466,0.0,72.54666,1.453159
0.2645883560180664,0.0,66.2754,1.735728
0.45580363273620605,0.0,70.3974,1.475184
0.2850606143474579,0.0,63.51462,1.806646
0.2970115840435028,0.0,63.37058,1.689943
0.46119293570518494,0.0,64.55818,1.578436
0.25689440965652466,0.0,73.58054,1.756454
0.25689440965652466,0.0,67.47164,1.688054
0.25689440965652466,0.0,65.15092,1.612266
0.25689440965652466,0.0,70.4566,1.587977
0.25689440965652466,0.0,62.80038,1.539108
0.25689440965652466,0.0,69.09474,1.546767
0.25689440965652466,0.0,68.31548,1.577181
0.25689440965652466,0.0,67.31598,1.392042
0.28686121106147766,0.0,71.7009,1.487402
3.35343861579895,0.0,75.8544,1.925332
3.3674824237823486,0.0,80.96556,1.778526
3.5921833515167236,0.0,79.9052,1.648522
3.3669192790985107,0.0,61.54948,1.418211
3.380963087081909,0.0,62.86458,1.809889
3.6056644916534424,0.0,58.88552,1.611652
3.3106958866119385,0.0,62.30206,1.675374
3.322281837463379,0.0,57.77232,1.763885
3.5076611042022705,0.0,60.71928,1.743873
3.323080539703369,0.0,77.44026,1.825017
3.3371245861053467,0.0,75.44806,1.725137
3.5618255138397217,0.0,76.9347,1.779321
3.336561441421509,0.0,61.53418,1.536753
3.350605010986328,0.0,60.98682,1.626948
3.5753064155578613,0.0,63.97494,1.523635
3.2853496074676514,0.0,64.55628,1.443116
3.296935796737671,0.0,59.09386,1.929863
3.4823150634765625,0.0,65.3897,1.541053
3.0802161693573,0.0,74.05852,1.905012
3.0942599773406982,0.0,73.33678,1.881376
3.3189609050750732,0.0,73.32566,1.791358
3.0936968326568604,0.0,57.76866,1.530319
3.107740640640259,0.0,63.116,1.730148
3.332441568374634,0.0,59.0877,1.56885
3.015204668045044,0.0,58.90066,1.66945
3.0303595066070557,0.0,60.14096,1.584772
3.2728328704833984,0.0,60.51112,1.530507
3.3755767345428467,0.0,70.0061,1.635882
3.389620542526245,0.0,72.53932,1.782625
3.6143219470977783,0.0,76.54384,1.903727
3.3890576362609863,0.0,61.9925,1.545043
3.403101682662964,0.0,59.5411,1.909999
3.627802610397339,0.0,59.66418,1.600513
3.317978620529175,0.0,64.23882,1.560819
3.3295648097991943,0.0,64.16854,1.50228
3.514943838119507,0.0,63.81434,1.44281
3.3452188968658447,0.0,75.892,1.725259
3.359262704849243,0.0,76.86476,1.809235
3.583963632583618,0.0,73.5878,1.667866
3.3586995601654053,0.0,65.29732,1.561618
3.3727433681488037,0.0,61.2999,1.539308
3.597444534301758,0.0,57.0357,1.654442
3.292632579803467,0.0,60.18998,1.718658
3.3042187690734863,0.0,62.22112,1.526852
3.489597797393799,0.0,65.8721,1.540702
3.1023542881011963,0.0,75.7137,1.700449
3.1163980960845947,0.0,74.305,1.78646
3.3410990238189697,0.0,78.4292,1.566516
3.115835189819336,0.0,61.33648,1.727309
3.1298787593841553,0.0,64.59998,1.515467
3.3545801639556885,0.0,63.77212,1.485273
3.0259640216827393,0.0,62.80772,1.617343
3.0411183834075928,0.0,58.50764,1.690287
3.2835919857025146,0.0,67.62396,1.55577
2.9785354137420654,0.0,81.27952,1.642251
2.992579698562622,0.0,80.95856,1.74872
3.217280626296997,0.0,79.28466,1.855874
2.992016553878784,0.0,65.45206,1.373608
3.0060603618621826,0.0,63.44972,1.742841
3.2307615280151367,0.0,59.93114,1.683757
2.8989317417144775,0.0,66.7145,1.701512
2.9140865802764893,0.0,64.47814,1.484369
3.156559944152832,0.0,61.3593,1.590684
2.9481778144836426,0.0,82.21762,1.667379
2.962221384048462,0.0,74.62154,1.776428
3.186922788619995,0.0,84.83558,1.6365
2.961658477783203,0.0,64.97624,1.561295
2.9757022857666016,0.0,60.11002,1.565568
3.2004034519195557,0.0,68.01396,1.520951
2.8650176525115967,0.0,60.86454,1.628683
2.8801724910736084,0.0,63.89296,1.613454
3.122645854949951,0.0,68.20818,1.556203
2.7053134441375732,0.0,79.19292,1.643417
2.7193570137023926,0.0,82.16754,1.620885
2.9440581798553467,0.0,76.5226,1.863516
2.718794107437134,0.0,60.47674,1.628909
2.7328379154205322,0.0,63.61324,1.644288
2.9575388431549072,0.0,60.41064,1.858681
2.5937044620513916,0.0,62.55246,1.705371
2.608858823776245,0.0,60.98176,1.663316
2.851332426071167,0.0,63.20732,1.658053
3.00067400932312,0.0,79.09694,1.84261
3.0147178173065186,0.0,79.36434,1.720359
3.2394189834594727,0.0,82.89678,1.552177
3.0141546726226807,0.0,65.15744,1.591509
3.028198480606079,0.0,63.64778,1.410698
3.252899646759033,0.0,64.98928,1.676824
2.909691095352173,0.0,66.88148,1.754942
2.9248456954956055,0.0,62.53318,1.652066
3.1673192977905273,0.0,61.35736,1.819244
2.97031569480896,0.0,77.95192,1.852922
2.9843599796295166,0.0,74.0829,1.897551
3.2090609073638916,0.0,75.75952,1.556799
2.9837968349456787,0.0,68.40764,1.653925
2.997840642929077,0.0,67.9715,1.412018
3.222541570663452,0.0,63.6934,1.870805
2.875777006149292,0.0,59.30456,1.666205
2.8909316062927246,0.0,61.59146,1.576184
3.1334049701690674,0.0,62.1079,1.812544
2.7274515628814697,0.0,77.89244,1.748903
2.741495370864868,0.0,72.62398,1.702435
2.966196298599243,0.0,81.01184,1.676432
2.7409322261810303,0.0,64.97018,1.501437
2.7549760341644287,0.0,61.2997,1.842257
2.979677200317383,0.0,61.47228,1.706902
2.6044633388519287,0.0,66.19658,1.517274
2.6196181774139404,0.0,64.83964,1.521937
2.862091541290283,0.0,67.26862,1.438729
2.645766496658325,0.0,61.02224,1.702419
2.6598103046417236,0.0,62.09794,1.475808
2.8845112323760986,0.0,58.14306,1.667669
2.6592471599578857,0.0,62.24836,1.309406
2.673290967941284,0.0,58.37488,1.439672
2.8979923725128174,0.0,57.46366,1.481897
2.4981088638305664,0.0,60.48508,1.356427
2.513263463973999,0.0,60.43964,1.271543
2.7557365894317627,0.0,59.16556,1.401437
2.615408420562744,0.0,65.27692,1.460937
2.6294524669647217,0.0,59.71142,1.647472
2.8541533946990967,0.0,63.06456,1.651824
2.628889322280884,0.0,57.36648,1.448578
2.6429331302642822,0.0,58.41386,1.511753
2.8676340579986572,0.0,59.37668,1.502772
2.4641947746276855,0.0,62.76702,1.199561
2.479349374771118,0.0,59.96744,1.356983
2.721822738647461,0.0,59.11362,1.390802
2.372544050216675,0.0,61.01346,1.554776
2.3865878582000732,0.0,65.99692,1.488095
2.6112890243530273,0.0,65.5255,1.299824
2.3860247135162354,0.0,58.65604,1.39118
2.400068521499634,0.0,56.88006,1.331115
2.624769687652588,0.0,59.47256,1.444736
2.1928813457489014,0.0,62.75928,1.273052
2.208035707473755,0.0,64.04694,1.303733
2.4505090713500977,0.0,60.06514,1.208581
2.667904853820801,0.0,67.28282,1.472668
2.68194842338562,0.0,65.5835,1.559393
2.906649589538574,0.0,69.38328,1.487801
2.6813855171203613,0.0,63.66606,1.319956
2.6954293251037598,0.0,59.66058,1.325812
2.920130491256714,0.0,60.82088,1.342498
2.5088679790496826,0.0,60.46336,1.414561
2.5240225791931152,0.0,59.61866,1.354097
2.766495943069458,0.0,64.32316,1.290053
2.6375467777252197,0.0,64.90004,1.484875
2.651590585708618,0.0,66.5715,1.484554
2.876291513442993,0.0,64.285,1.439492
2.6510274410247803,0.0,61.97516,1.247643
2.6650712490081787,0.0,65.23672,1.332211
2.889772415161133,0.0,59.81042,1.254684
2.4749538898468018,0.0,63.63872,1.367971
2.4901084899902344,0.0,60.07014,1.423734
2.732581853866577,0.0,62.46328,1.554945
2.3946821689605713,0.0,70.92708,1.562285
2.4087259769439697,0.0,72.3029,1.35451
2.633427381515503,0.0,67.90246,1.466743
2.4006521701812744,0.0,63.24916,1.327217
2.415806770324707,0.0,65.7431,1.534441
2.6469080448150635,0.0,61.01242,1.471288
2.2036404609680176,0.0,60.80256,1.50468
2.218794822692871,0.0,62.63726,1.216988
2.461268186569214,0.0,66.89696,1.385645
2.2708637714385986,0.0,58.9856,1.694267
2.284907579421997,0.0,62.91166,1.643776
2.509608507156372,0.0,62.06858,1.554991
2.273620367050171,0.0,61.02158,1.411715
2.2887749671936035,0.0,65.21644,1.384752
2.5230891704559326,0.0,60.72236,1.522173
2.076608419418335,0.0,60.42356,1.465019
2.0917630195617676,0.0,60.27534,1.336673
2.3342363834381104,0.0,59.44794,1.522216
2.2405056953430176,0.0,66.19002,1.498277
2.254549503326416,0.0,62.16232,1.643232
2.47925066947937,0.0,61.072,1.726561
2.23970627784729,0.0,62.11918,1.339232
2.2548606395721436,0.0,66.13198,1.363668
2.4927313327789307,0.0,59.94766,1.378801
2.042694330215454,0.0,62.78264,1.47623
2.0578489303588867,0.0,60.08222,1.423748
2.3003222942352295,0.0,65.64336,1.312765
1.9930191040039062,0.0,69.26912,1.505381
2.008173704147339,0.0,63.34992,1.551248
2.2363860607147217,0.0,60.84856,1.599015
1.9683926105499268,0.0,65.52552,1.344552
1.9835472106933594,0.0,64.81616,1.299051
2.226020574569702,0.0,60.54748,1.285858
1.77138090133667,0.0,59.98842,1.431877
1.7865352630615234,0.0,59.9573,1.558229
2.029008626937866,0.0,64.49122,1.220719
2.293001890182495,0.0,77.21358,1.491307
2.3070456981658936,0.0,64.09456,1.64461
2.5317466259002686,0.0,67.99004,1.545044
2.284379482269287,0.0,64.12856,1.280877
2.2995340824127197,0.0,64.7858,1.411191
2.5420076847076416,0.0,64.30182,1.431048
2.0873677730560303,0.0,63.66312,1.288336
2.102522134780884,0.0,66.31236,1.47222
2.3449954986572266,0.0,60.8158,1.262369
2.262644052505493,0.0,66.11302,1.744768
2.2766878604888916,0.0,71.888,1.481899
2.5013887882232666,0.0,65.82812,1.567721
2.2504653930664062,0.0,62.48588,1.397253
2.265619993209839,0.0,60.93196,1.347716
2.5080933570861816,0.0,66.17652,1.47941
2.0534534454345703,0.0,68.72824,1.281253
2.068608045578003,0.0,59.9968,1.365632
2.3110814094543457,0.0,65.63716,1.306907
2.0037782192230225,0.0,70.43174,1.461252
2.018932819366455,0.0,68.70078,1.52434
2.258524179458618,0.0,71.66022,1.460566
1.979151725769043,0.0,64.83686,1.293708
1.9943063259124756,0.0,66.32098,1.330688
2.2367799282073975,0.0,58.91148,1.428419
1.7821400165557861,0.0,64.81348,1.284143
1.7972943782806396,0.0,66.59162,1.368432
2.0397679805755615,0.0,59.6571,1.324225
1.233762502670288,0.0,67.06866,1.769089
1.245713233947754,0.0,66.13916,1.951205
1.4369285106658936,0.0,58.62206,1.886453
1.237815260887146,0.0,61.75838,1.526696
1.249766230583191,0.0,59.25988,1.606628
1.440981388092041,0.0,58.3118,1.53144
1.2702386379241943,0.0,64.94572,1.415786
1.2821896076202393,0.0,61.43082,1.595258
1.4734046459197998,0.0,61.214,1.584244
1.2085916996002197,0.0,65.49966,1.71875
1.220542550086975,0.0,61.83992,1.777277
1.4117579460144043,0.0,62.90274,1.798307
1.2126445770263672,0.0,60.54812,1.528208
1.224595546722412,0.0,57.1306,1.701659
1.4158108234405518,0.0,64.29004,1.570353
1.245067834854126,0.0,63.08254,1.5008
1.257018804550171,0.0,66.91638,1.399781
1.4482340812683105,0.0,59.57054,1.718633
1.0072259902954102,0.0,62.19566,1.678297
1.019176959991455,0.0,62.05254,1.730168
1.2103922367095947,0.0,66.92344,1.546782
1.0112788677215576,0.0,64.41914,1.549123
1.0232298374176025,0.0,59.1289,1.474133
1.2144451141357422,0.0,59.57274,1.54881
1.0437021255493164,0.0,61.66848,1.506475
1.0556530952453613,0.0,63.79578,1.44329
1.246868371963501,0.0,56.86404,1.598387
1.314831256866455,0.0,70.83682,1.661267
1.3267822265625,0.0,68.50526,1.702528
1.5179975032806396,0.0,77.2579,1.697971
1.3188843727111816,0.0,60.9395,1.664765
1.3308351039886475,0.0,59.97714,1.777213
1.522050380706787,0.0,64.05842,1.564277
1.3513073921203613,0.0,65.44836,1.621734
1.3632586002349854,0.0,59.95304,1.503445
1.554473638534546,0.0,64.78384,1.572658
1.2896606922149658,0.0,67.53714,1.608574
1.3016116619110107,0.0,67.7269,1.547211
1.4928269386291504,0.0,65.845,1.85362
1.2937135696411133,0.0,63.55902,1.723039
1.3056645393371582,0.0,59.79324,1.938732
1.4968798160552979,0.0,68.14102,1.349145
1.326136827468872,0.0,63.65528,1.762409
1.338087797164917,0.0,60.62338,1.637993
1.5293030738830566,0.0,62.49724,1.595527
1.0882949829101562,0.0,64.89536,1.774282
1.1002459526062012,0.0,70.32512,1.660768
1.2914612293243408,0.0,69.66532,1.605759
1.0923479795455933,0.0,65.14018,1.88854
1.1042988300323486,0.0,64.5457,1.739924
1.2955141067504883,0.0,60.58388,1.653469
1.124771237373352,0.0,62.92092,1.722195
1.1367220878601074,0.0,68.27636,1.648149
1.327937364578247,0.0,55.97176,1.487827
0.9592803120613098,0.0,69.80794,1.703751
0.9712313413619995,0.0,64.74988,1.879224
1.1624464988708496,0.0,68.59372,1.683262
0.963333249092102,0.0,61.17042,1.668921
0.975284218788147,0.0,67.16568,1.471058
1.1664994955062866,0.0,62.96128,1.583859
0.9957565069198608,0.0,61.2544,1.725002
1.0077075958251953,0.0,63.05262,1.650772
1.1989227533340454,0.0,66.25614,1.568428
0.9341096878051758,0.0,65.53782,1.97397
0.9460605978965759,0.0,63.21798,1.891999
1.1372759342193604,0.0,68.7299,1.771288
0.9381625056266785,0.0,67.2632,1.524047
0.9501135349273682,0.0,59.17692,1.848938
1.1413288116455078,0.0,61.25384,1.650216
0.9705857634544373,0.0,60.93332,1.624635
0.982536792755127,0.0,59.04666,1.707262
1.1737520694732666,0.0,65.43214,1.543699
0.7327439785003662,0.0,67.24874,1.724828
0.7446949481964111,0.0,67.85518,1.742327
0.935910165309906,0.0,63.7821,1.990218
0.7367968559265137,0.0,60.43082,1.622854
0.7487478852272034,0.0,65.24072,1.591317
0.9399631023406982,0.0,60.34452,1.65068
0.7692201733589172,0.0,62.47854,1.468925
0.7811711430549622,0.0,66.18486,1.553761
0.972386360168457,0.0,66.4672,1.60485
1.0403494834899902,0.0,68.3669,1.77053
1.052300214767456,0.0,68.18354,1.811248
1.2435156106948853,0.0,69.74142,1.607334
1.0444022417068481,0.0,67.75092,1.789559
1.056353211402893,0.0,64.90548,1.708586
1.2475686073303223,0.0,67.1805,1.584279
1.076825499534607,0.0,64.01602,1.635562
1.0887764692306519,0.0,73.22916,1.470933
1.279991865158081,0.0,62.14976,1.807087
1.0151786804199219,0.0,68.72462,1.68922
1.0271296501159668,0.0,73.30952,1.616814
1.2183449268341064,0.0,72.04282,1.651611
1.0192315578460693,0.0,61.5966,1.676376
1.0311825275421143,0.0,65.23114,1.561895
1.222397804260254,0.0,68.526,1.753643
1.0516548156738281,0.0,63.79806,1.603769
1.063605785369873,0.0,63.28466,1.608371
1.2548210620880127,0.0,65.57728,1.628176
0.8138130307197571,0.0,72.3804,1.801677
0.825764000415802,0.0,71.1382,1.659518
1.0169792175292969,0.0,76.07526,1.689776
0.8178659081459045,0.0,63.8789,1.816007
0.8298168778419495,0.0,61.88074,1.591764
1.0210320949554443,0.0,64.80794,1.7331
0.8502891659736633,0.0,68.89324,1.628043
0.8622401356697083,0.0,66.14376,1.529283
1.0534554719924927,0.0,60.98544,1.741663
