Col0,Col1,Col2,Col3,Col4,A-,B-
4.212688446044922,5.364341735839844,0.0,2.100269079208374,2.464005470275879,210.34,27.0
4.452495574951172,4.639105319976807,0.0,2.433382511138916,2.6992599964141846,201.15,26.0
1.3710349798202515,1.472622275352478,0.0,1.4454524517059326,0.1089891791343689,202.23,26.0
1.616943359375,0.7689988613128662,0.0,1.80917227268219,0.42653006315231323,204.05,26.0
3.9649786949157715,5.185245513916016,0.0,2.0285630226135254,2.510769844055176,199.95,26.0
1.1603906154632568,1.3470473289489746,0.0,1.3805675506591797,0.19222088158130646,203.18,26.0
4.089035511016846,4.53398323059082,0.0,2.283188819885254,2.872664213180542,201.52,26.0
1.2887370586395264,0.7194592952728271,0.0,1.6662746667861938,0.6430284976959229,204.99,26.0
2.6235222816467285,3.0394773483276367,0.0,1.6836063861846924,0.974666953086853,200.66,27.0
2.6831727027893066,2.392392873764038,0.0,1.8248487710952759,1.2168587446212769,202.39,26.0
2.375812530517578,2.8603813648223877,0.0,1.6119005680084229,1.021431565284729,201.9,26.0
2.3179008960723877,2.2893319129943848,0.0,1.6751302480697632,1.3968900442123413,203.64,26.0
1.1603906154632568,1.3470473289489746,0.0,1.3805675506591797,0.19222088158130646,205.13,26.0
1.616943359375,0.7689988613128662,0.0,1.80917227268219,0.42653006315231323,205.99,26.0
1.2887370586395264,0.7194592952728271,0.0,1.6662746667861938,0.6430284976959229,206.9,26.0
3.254401445388794,5.018372058868408,0.0,1.2278691530227661,2.717487335205078,200.38,29.0
2.9593863487243652,4.352685928344727,0.0,0.9703584909439087,2.931840419769287,201.83,29.0
0.2896227240562439,0.9205752611160278,0.0,0.6878747940063477,0.3678445518016815,203.53,29.0
0.05177465081214905,0.4656822681427002,0.0,0.5593985319137573,0.7315477728843689,205.21,29.0
1.7177059650421143,2.686427354812622,0.0,0.8957799673080444,1.2736502885818481,202.06,29.0
0.2896227240562439,0.9205752611160278,0.0,0.6878747940063477,0.3678445518016815,205.36,29.0
1.366857647895813,1.909331202507019,0.0,0.5607729554176331,1.6063809394836426,203.98,29.0
0.05177465081214905,0.4656822681427002,0.0,0.5593985319137573,0.7315477728843689,207.12,29.0
3.0715739727020264,4.629882335662842,0.0,1.2365177869796753,2.8275063037872314,201.47,29.0
2.9396300315856934,4.21283483505249,0.0,1.0570805072784424,3.0699679851531982,203.19,29.0
1.494098424911499,2.36892032623291,0.0,0.8183397054672241,1.3744875192642212,203.19,29.0
1.3383214473724365,1.9543198347091675,0.0,0.6819325685501099,1.7141238451004028,204.96,29.0
0.3317306339740753,0.8730183839797974,0.0,0.7780039310455322,0.442918598651886,204.73,29.0
0.3317306339740753,0.8730183839797974,0.0,0.7780039310455322,0.442918598651886,206.43,29.0
0.06007969379425049,0.4654732346534729,0.0,0.6603721380233765,0.900108814239502,206.35,29.0
0.06007963418960571,0.4654732346534729,0.0,0.6603721380233765,0.900108814239502,208.05,29.0
4.383235931396484,5.576029300689697,0.0,2.168410539627075,2.5451886653900146,199.68,29.0
4.547661781311035,4.878433704376221,0.0,2.411705255508423,2.7573323249816895,201.55,29.0
1.4409689903259277,1.5390270948410034,0.0,1.495078682899475,0.09118322283029556,202.93,29.0
1.6309373378753662,0.84092116355896,0.0,1.7638803720474243,0.3144700229167938,204.69,29.0
4.135526180267334,5.396932601928711,0.0,2.0967049598693848,2.5919532775878906,200.82,29.0
1.2303247451782227,1.4134522676467896,0.0,1.4301940202713013,0.17441493272781372,204.05,29.0
4.204156875610352,4.750602722167969,0.0,2.256277322769165,2.8577115535736084,202.69,29.0
1.3032453060150146,0.7907962799072266,0.0,1.6208478212356567,0.529086709022522,205.95,29.0
3.4467241764068604,5.037560939788818,0.0,1.2831776142120361,2.814020872116089,200.92,29.0
3.051283359527588,4.266319751739502,0.0,0.9626504182815552,3.0257112979888916,202.94,29.0
3.2623534202575684,4.648058891296387,0.0,1.2879629135131836,2.9222466945648193,201.97,29.0
3.0152587890625,4.301234722137451,0.0,1.0640783309936523,3.143090009689331,203.93,29.0
0.2699354887008667,0.6850197315216064,0.0,0.6735389232635498,0.43109917640686035,204.29,29.0
0.32603755593299866,0.5461370348930359,0.0,0.752968966960907,0.45047158002853394,205.47,29.0
0.04074972867965698,0.27527886629104614,0.0,0.5363607406616211,0.7150351405143738,206.23,29.0
0.033405959606170654,0.4247474670410156,0.0,0.6502487659454346,0.8731098175048828,207.23,29.0
2.79407000541687,3.2511649131774902,0.0,1.7517480850219727,1.0558502674102783,201.7,29.0
2.7940151691436768,2.613882303237915,0.0,1.7990597486495972,1.2175662517547607,203.56,29.0
1.4409689903259277,1.5390270948410034,0.0,1.495078682899475,0.09118322283029556,205.09,29.0
1.6309373378753662,0.84092116355896,0.0,1.7638803720474243,0.3144700229167938,206.62,29.0
1.9138250350952148,2.574723720550537,0.0,0.94849693775177,1.380864143371582,202.81,29.0
0.2699354887008667,0.6850197315216064,0.0,0.6735389232635498,0.43109917640686035,206.12,29.0
1.4500138759613037,1.9344863891601562,0.0,0.5642440319061279,1.6822973489761353,204.96,29.0
0.04074972867965698,0.27527886629104614,0.0,0.5363607406616211,0.7150351405143738,207.89,29.0
2.5463600158691406,3.072068452835083,0.0,1.6800422668457031,1.1026147603988647,202.68,29.0
2.4330227375030518,2.505951404571533,0.0,1.6482187509536743,1.3819376230239868,204.51,29.0
1.6828596591949463,2.276263952255249,0.0,0.8600325584411621,1.4342445135116577,203.86,29.0
1.413712978363037,2.0438311100006104,0.0,0.6925257444381714,1.7859559059143066,205.74,29.0
1.2303247451782227,1.4134522676467896,0.0,1.4301940202713013,0.17441493272781372,205.71,29.0
0.32603755593299866,0.5461370348930359,0.0,0.752968966960907,0.45047158002853394,207.1,29.0
1.3032453060150146,0.7907962799072266,0.0,1.6208478212356567,0.529086709022522,207.65,29.0
0.03340592980384827,0.424747496843338,0.0,0.6502488851547241,0.8731098771095276,208.92,29.0
3.977165937423706,5.6286091804504395,0.0,1.8686174154281616,1.981387734413147,207.75,15.0
4.967988014221191,4.2619404792785645,0.0,3.0969271659851074,2.5142338275909424,209.7,15.0
1.429781198501587,2.129957675933838,0.0,1.3493708372116089,0.0,211.39,14.0
2.4285082817077637,0.7282283306121826,0.0,2.604729652404785,0.5216385126113892,213.18,13.0
3.805346727371216,5.316394805908203,0.0,1.911081075668335,2.1009488105773926,208.37,15.0
1.2921278476715088,1.8723281621932983,0.0,1.3952007293701172,0.06620001792907715,212.94,14.0
4.675990104675293,4.0309295654296875,0.0,3.061051607131958,2.749574661254883,210.24,14.0
2.1177568435668945,0.6874699592590332,0.0,2.4884278774261475,0.7517186403274536,214.72,13.0
2.4680025577545166,3.39613676071167,0.0,1.612673044204712,0.5876692533493042,210.71,15.0
3.234123468399048,2.001020908355713,0.0,2.528496742248535,1.1464643478393555,212.52,15.0
2.275106191635132,3.0766594409942627,0.0,1.6031256914138794,0.6604754328727722,211.19,14.0
2.873981237411499,1.9738820791244507,0.0,2.3940610885620117,1.3003522157669067,212.94,14.0
1.429781198501587,2.129957675933838,0.0,1.3493708372116089,0.0,214.25,14.0
1.2921278476715088,1.8723281621932983,0.0,1.3952007293701172,0.06620001792907715,215.85,14.0
2.4285082817077637,0.7282283306121826,0.0,2.604729652404785,0.5216385126113892,215.88,14.0
2.1177568435668945,0.6874699592590332,0.0,2.4884278774261475,0.7517186403274536,217.29,14.0
4.17482852935791,5.517918586730957,0.0,1.9251974821090698,2.0903947353363037,208.99,15.0
5.0824079513549805,4.332885265350342,0.0,3.064497232437134,2.5859668254852295,211.27,15.0
1.523930549621582,1.8750474452972412,0.0,1.3839808702468872,0.0,212.93,14.0
2.4510762691497803,0.6770586967468262,0.0,2.5587358474731445,0.43075650930404663,214.34,14.0
2.66644549369812,3.2867348194122314,0.0,1.6712945699691772,0.6949490308761597,211.59,15.0
1.523930549621582,1.8750474452972412,0.0,1.3839808702468872,0.0,215.31,14.0
3.348851203918457,2.1012940406799316,0.0,2.511805295944214,1.1685553789138794,213.85,15.0
2.4510762691497803,0.6770586967468262,0.0,2.5587358474731445,0.43075650930404663,216.84,14.0
4.00300931930542,5.205704212188721,0.0,1.9676612615585327,2.209955930709839,209.84,14.0
4.791617393493652,4.235268592834473,0.0,3.0342602729797363,2.7358016967773438,211.59,15.0
2.4574501514434814,3.096712827682495,0.0,1.6672109365463257,0.7584584355354309,212.45,15.0
2.995223045349121,2.061910390853882,0.0,2.37046217918396,1.2961457967758179,214.15,15.0
1.3826143741607666,1.6791249513626099,0.0,1.4386816024780273,0.07181988656520844,214.31,14.0
1.3826143741607666,1.6791249513626099,0.0,1.4386816024780273,0.07181988656520844,216.91,14.0
2.137486696243286,0.631804883480072,0.0,2.444244623184204,0.6499736309051514,215.74,14.0
2.137486457824707,0.631804883480072,0.0,2.444244384765625,0.6499736309051514,218.15,14.0
2.9614624977111816,5.46277379989624,0.0,0.8726794719696045,2.2648937702178955,209.58,15.0
2.6145904064178467,4.489258766174316,0.0,0.5089056491851807,2.5276763439178467,211.74,15.0
0.23482362926006317,1.7760701179504395,0.0,0.36067694425582886,0.08624210208654404,213.6,14.0
0.0,1.0445607900619507,0.0,0.2152768224477768,0.5914555788040161,214.89,14.0
2.7977521419525146,5.163957595825195,0.0,0.936357855796814,2.3665056228637695,211.0,14.0
0.23197048902511597,1.6642982959747314,0.0,0.5182533264160156,0.22006165981292725,215.01,14.0
2.559937000274658,4.38364315032959,0.0,0.6925051212310791,2.740739107131958,212.05,15.0
0.0023171603679656982,1.074309229850769,0.0,0.46454906463623047,0.8043777942657471,216.37,14.0
3.159905433654785,5.353372097015381,0.0,0.9313009977340698,2.372173547744751,210.51,15.0
2.7819247245788574,4.3507280349731445,0.0,0.5656135082244873,2.6275200843811035,212.71,15.0
2.996194839477539,5.0545549392700195,0.0,0.9949792623519897,2.473785638809204,211.48,14.0
2.6805124282836914,4.172529220581055,0.0,0.6912740468978882,2.8195602893829346,213.1,15.0
0.28623270988464355,1.5079636573791504,0.0,0.4010375738143921,0.1422528773546219,214.41,14.0
0.22753781080245972,1.30891752243042,0.0,0.5000927448272705,0.23984874784946442,215.73,14.0
0.0,0.6827459335327148,0.0,0.19563326239585876,0.5905530452728271,215.95,14.0
0.0035384297370910645,0.7124943137168884,0.0,0.44490548968315125,0.8034752607345581,217.24,14.0
1.428149700164795,3.1904008388519287,0.0,0.5535529851913452,0.9246317744255066,212.44,15.0
1.0048010349273682,2.2878894805908203,0.0,0.27189624309539795,1.342760443687439,214.38,15.0
0.23482362926006317,1.7760701179504395,0.0,0.36067694425582886,0.08624210208654404,215.94,14.0
0.0,1.0445607900619507,0.0,0.2152768224477768,0.5914555788040161,217.47,14.0
1.6265923976898193,3.0809991359710693,0.0,0.612174391746521,1.0319114923477173,213.41,15.0
0.28623270988464355,1.5079636573791504,0.0,0.4010375738143921,0.1422528773546219,216.92,14.0
1.1729340553283691,2.1428463459014893,0.0,0.3275153934955597,1.4273616075515747,215.37,15.0
0.0,0.6827459335327148,0.0,0.19563326239585876,0.5905530452728271,218.23,14.0
1.2539021968841553,2.9035747051239014,0.0,0.6199948787689209,1.06480073928833,213.0,15.0
1.0166785717010498,2.181804656982422,0.0,0.3785187602043152,1.4661427736282349,214.48,15.0
1.4628815650939941,2.782182455062866,0.0,0.6758526563644409,1.1335235834121704,214.05,15.0
1.1169698238372803,1.9642592668533325,0.0,0.3735271692276001,1.5624364614486694,215.47,14.0
0.23197048902511597,1.6642982959747314,0.0,0.5182533264160156,0.22006165981292725,217.29,14.0
0.22753781080245972,1.30891752243042,0.0,0.5000927448272705,0.23984874784946442,218.32,14.0
0.0023171603679656982,1.074309229850769,0.0,0.46454906463623047,0.8043777942657471,218.62,14.0
0.003538370132446289,0.7124943137168884,0.0,0.44490545988082886,0.8034753799438477,219.64,14.0
4.395265579223633,7.378474235534668,0.0,3.994814157485962,3.1063168048858643,216.4,29.0
4.5594258308410645,6.5094122886657715,0.0,4.283524990081787,3.584442615509033,218.82,29.0
1.480602741241455,3.3184878826141357,0.0,3.3252551555633545,0.7747944593429565,219.28,29.0
1.6596124172210693,2.551191568374634,0.0,3.6482977867126465,1.256898283958435,221.38,29.0
4.128957271575928,7.017519950866699,0.0,3.9144229888916016,3.325446844100952,217.29,29.0
1.2406668663024902,3.1133317947387695,0.0,3.260509967803955,1.0232264995574951,220.4,29.0
4.194154262542725,6.406351566314697,0.0,4.133806228637695,3.7644741535186768,219.39,29.0
1.3314061164855957,2.5016520023345947,0.0,3.5054004192352295,1.4733966588974,222.43,29.0
2.8065178394317627,4.902246952056885,0.0,3.5679616928100586,1.6929689645767212,218.1,29.0
2.7882914543151855,4.264760971069336,0.0,3.675466537475586,2.108668804168701,220.42,29.0
2.5206832885742188,4.751978397369385,0.0,3.5019617080688477,1.8963146209716797,218.89,29.0
2.4230198860168457,4.161700248718262,0.0,3.5257480144500732,2.2887001037597656,221.17,29.0
1.480602741241455,3.3184878826141357,0.0,3.3252551555633545,0.7747944593429565,221.01,29.0
1.2406668663024902,3.1133317947387695,0.0,3.260509967803955,1.0232264995574951,222.09,29.0
1.6596124172210693,2.551191568374634,0.0,3.6482977867126465,1.256898283958435,223.3,29.0
1.3314061164855957,2.5016520023345947,0.0,3.5054004192352295,1.4733966588974,224.07,29.0
3.4572319984436035,7.0857253074646,0.0,3.2286264896392822,3.4775373935699463,217.7,29.0
2.994682788848877,6.368783950805664,0.0,2.822991132736206,3.839055061340332,219.97,29.0
0.2974884510040283,2.901315689086914,0.0,2.5337040424346924,1.1111723184585571,220.39,29.0
0.024621188640594482,2.3916053771972656,0.0,2.4005391597747803,1.5773208141326904,222.52,29.0
1.8598299026489258,4.819984436035156,0.0,2.799712657928467,2.0439751148223877,219.33,29.0
0.2974884510040283,2.901315689086914,0.0,2.5337040424346924,1.1111723184585571,222.19,29.0
1.4185395240783691,3.9757907390594482,0.0,2.4584078788757324,2.4732460975646973,221.73,29.0
0.024621188640594482,2.3916053771972656,0.0,2.4005391597747803,1.5773208141326904,224.18,29.0
3.189251661300659,6.773695945739746,0.0,3.1472418308258057,3.6918296813964844,218.56,29.0
2.974926471710205,6.228933811187744,0.0,2.9097132682800293,3.977182626724243,220.57,29.0
1.5913176536560059,4.520907402038574,0.0,2.718201160430908,2.257023811340332,220.21,29.0
1.3960187435150146,3.9031760692596436,0.0,2.5444717407226562,2.6049163341522217,222.27,29.0
0.3015878200531006,2.8716495037078857,0.0,2.6184327602386475,1.2817089557647705,221.26,29.0
0.3015878200531006,2.8716495037078857,0.0,2.6184327602386475,1.2817089557647705,223.07,29.0
0.04192999005317688,2.3052759170532227,0.0,2.494081974029541,1.751915454864502,223.29,29.0
0.04192996025085449,2.3052759170532227,0.0,2.494081974029541,1.751915454864502,224.95,29.0
4.244537353515625,7.773634433746338,0.0,3.977036952972412,2.7071502208709717,224.49,18.0
5.1038689613342285,6.4163007736206055,0.0,5.096232891082764,3.432490825653076,227.01,18.0
1.5903234481811523,4.196779251098633,0.0,3.3977859020233154,0.6287645101547241,227.4,18.0
2.456813097000122,2.8268675804138184,0.0,4.496470928192139,1.3438913822174072,229.28,18.0
3.9944095611572266,7.486623764038086,0.0,3.9415431022644043,2.941555976867676,224.99,19.0
1.3588764667510986,3.951223134994507,0.0,3.3230953216552734,0.8782802224159241,228.65,19.0
4.760485649108887,6.144677639007568,0.0,4.925510883331299,3.6225852966308594,227.15,19.0
2.1504948139190674,2.6087656021118164,0.0,4.332569599151611,1.5704525709152222,230.54,18.0
3.234463930130005,7.671488285064697,0.0,3.05193829536438,3.006376028060913,226.13,18.0
2.8344600200653076,6.753454685211182,0.0,2.7012040615081787,3.454402446746826,228.65,19.0
3.0268261432647705,7.419210910797119,0.0,3.1235806941986084,3.2669451236724854,226.57,19.0
2.674037456512451,6.549871921539307,0.0,2.7432518005371094,3.643554925918579,228.47,18.0
0.4139951467514038,3.906818151473999,0.0,2.516671895980835,0.8623324036598206,229.07,19.0
0.2791682183742523,3.7240259647369385,0.0,2.553448438644409,1.1136760711669922,230.47,19.0
0.0,3.129706621170044,0.0,2.293073892593384,1.454296350479126,230.79,18.0
0.011865615844726562,3.1240105628967285,0.0,2.4071733951568604,1.6044849157333374,232.12,18.0
2.664987802505493,5.532912254333496,0.0,3.5940141677856445,1.2937012910842896,226.88,18.0
3.336778402328491,4.216098785400391,0.0,4.4589762687683105,1.9576071500778198,229.19,18.0
1.5903234481811523,4.196779251098633,0.0,3.3977859020233154,0.6287645101547241,229.64,19.0
2.456813097000122,2.8268675804138184,0.0,4.496470928192139,1.3438913822174072,231.39,18.0
1.6795363426208496,5.416306018829346,0.0,2.727067708969116,1.725311517715454,228.27,18.0
0.4139951467514038,3.906818151473999,0.0,2.516671895980835,0.8623324036598206,231.25,19.0
1.161081075668335,4.444782733917236,0.0,2.2455453872680664,2.180377960205078,230.77,19.0
0.0,3.129706621170044,0.0,2.293073892593384,1.454296350479126,232.76,18.0
2.396475076675415,5.233834743499756,0.0,3.512502908706665,1.5067498683929443,227.19,19.0
2.9977996349334717,3.954793691635132,0.0,4.300711154937744,2.13716983795166,229.12,19.0
1.4191322326660156,5.130626201629639,0.0,2.6667699813842773,1.9204109907150269,228.86,19.0
1.07410728931427,4.3121185302734375,0.0,2.296165704727173,2.3107664585113525,230.69,18.0
1.3588764667510986,3.951223134994507,0.0,3.3230953216552734,0.8782802224159241,230.94,19.0
0.2791682183742523,3.7240259647369385,0.0,2.553448438644409,1.1136760711669922,232.29,19.0
2.1504948139190674,2.6087656021118164,0.0,4.332569599151611,1.5704525709152222,232.52,18.0
0.011865586042404175,3.1240105628967285,0.0,2.4071731567382812,1.6044849157333374,234.08,18.0
4.591788291931152,7.390114784240723,0.0,4.044752597808838,3.180040121078491,217.09,29.0
4.6745476722717285,6.72603178024292,0.0,4.256613254547119,3.5694899559020996,219.4,29.0
1.5838918685913086,3.2340211868286133,0.0,3.3585891723632812,0.6929426789283752,219.75,29.0
1.6741204261779785,2.622528553009033,0.0,3.6028711795806885,1.1429563760757446,221.78,29.0
4.319460868835449,7.206498622894287,0.0,3.9773306846618652,3.3336052894592285,217.9,29.0
1.3305567502975464,3.15702748298645,0.0,3.3049018383026123,0.9323955774307251,220.86,29.0
4.3092756271362305,6.622971057891846,0.0,4.1068949699401855,3.749521493911743,219.91,29.0
1.345914363861084,2.572988986968994,0.0,3.459973096847534,1.3594547510147095,222.82,29.0
3.0032083988189697,5.032049655914307,0.0,3.625763177871704,1.7052732706069946,218.73,29.0
2.9034135341644287,4.481380462646484,0.0,3.648555040359497,2.0937161445617676,221.06,29.0
2.7128071784973145,4.901534080505371,0.0,3.5652549266815186,1.9082590341567993,219.63,29.0
2.5381417274475098,4.37831974029541,0.0,3.4988367557525635,2.273747682571411,221.62,29.0
1.5838918685913086,3.2340211868286133,0.0,3.3585891723632812,0.6929426789283752,221.44,29.0
1.3305567502975464,3.15702748298645,0.0,3.3049018383026123,0.9323955774307251,222.37,29.0
1.6741204261779785,2.622528553009033,0.0,3.6028711795806885,1.1429563760757446,223.42,29.0
1.345914363861084,2.572988986968994,0.0,3.459973096847534,1.3594547510147095,224.33,29.0
4.445499897003174,7.659188747406006,0.0,4.032751560211182,2.8040831089019775,225.34,18.0
5.239952087402344,6.421656131744385,0.0,5.052798271179199,3.432800531387329,227.75,18.0
1.705784559249878,3.917083501815796,0.0,3.426753044128418,0.5639641284942627,228.26,18.0
2.4968924522399902,2.5748136043548584,0.0,4.435619354248047,1.2559798955917358,230.08,19.0
2.8810627460479736,5.398499488830566,0.0,3.6414966583251953,1.327890396118164,227.73,18.0
1.705784559249878,3.917083501815796,0.0,3.426753044128418,0.5639641284942627,230.57,18.0
3.4782516956329346,4.110616683959961,0.0,4.418680667877197,1.9669580459594727,230.14,18.0
2.4968924522399902,2.5748136043548584,0.0,4.435619354248047,1.2559798955917358,232.14,19.0
4.210484504699707,7.352210521697998,0.0,3.989025831222534,2.9757444858551025,225.8,18.0
4.896736145019531,6.10763692855835,0.0,4.884877681732178,3.6276116371154785,227.53,19.0
2.6125502586364746,5.099422454833984,0.0,3.5599851608276367,1.5409388542175293,227.99,18.0
3.1182610988616943,4.041532516479492,0.0,4.275070667266846,2.134690284729004,229.95,19.0
1.4743375778198242,3.671527624130249,0.0,3.352062463760376,0.8134799003601074,229.56,18.0
1.4743375778198242,3.671527624130249,0.0,3.352062463760376,0.8134799003601074,231.69,18.0
2.1772847175598145,2.483828067779541,0.0,4.282686233520508,1.4736356735229492,231.21,19.0
2.1772844791412354,2.48382830619812,0.0,4.28268575668335,1.4736355543136597,233.28,19.0
3.667966842651367,7.0811920166015625,0.0,3.2748374938964844,3.4992527961730957,218.12,29.0
3.1370480060577393,6.328611373901367,0.0,2.8523175716400146,3.9135329723358154,220.37,29.0
0.3653738796710968,2.636308193206787,0.0,2.562650442123413,1.0913926362991333,220.8,29.0
0.018178999423980713,2.1573684215545654,0.0,2.3737192153930664,1.563879132270813,222.9,29.0
3.4022185802459717,6.714879512786865,0.0,3.193984270095825,3.7187585830688477,219.08,29.0
0.3004854917526245,2.5075323581695557,0.0,2.5928845405578613,1.2807403802871704,221.86,29.0
3.0690977573394775,6.139978885650635,0.0,2.9014084339141846,4.062729835510254,220.98,29.0
0.030829310417175293,2.1155972480773926,0.0,2.47110652923584,1.7353519201278687,223.77,29.0
3.45286226272583,7.539377212524414,0.0,3.1053249835968018,3.040630578994751,226.75,18.0
3.0064380168914795,6.607921600341797,0.0,2.7548458576202393,3.5363779067993164,229.3,18.0
3.2444443702697754,7.285810947418213,0.0,3.1749260425567627,3.302926778793335,227.29,18.0
2.7970101833343506,6.344257831573486,0.0,2.7439794540405273,3.7224643230438232,228.97,19.0
0.48457980155944824,3.614713668823242,0.0,2.549757480621338,0.8470454216003418,229.68,18.0
0.3178918659687042,3.4002208709716797,0.0,2.558997392654419,1.1035598516464233,230.82,18.0
0.0,2.766878843307495,0.0,2.2695672512054443,1.4516007900238037,231.2,19.0
0.011543482542037964,2.7611825466156006,0.0,2.3836662769317627,1.6017893552780151,232.66,19.0
2.0759048461914062,4.685571670532227,0.0,2.8471953868865967,2.0781641006469727,219.87,29.0
1.5136075019836426,3.8650293350219727,0.0,2.4503166675567627,2.560887575149536,222.16,29.0
0.3653738796710968,2.636308193206787,0.0,2.562650442123413,1.0913926362991333,222.56,29.0
0.018178999423980713,2.1573684215545654,0.0,2.3737192153930664,1.563879132270813,224.51,29.0
1.8963913917541504,5.283182144165039,0.0,2.7765908241271973,1.757773518562317,229.21,18.0
0.48457980155944824,3.614713668823242,0.0,2.549757480621338,0.8470454216003418,231.77,18.0
1.3315160274505615,4.29823637008667,0.0,2.2953238487243652,2.2605602741241455,231.33,18.0
0.0,2.766878843307495,0.0,2.2695672512054443,1.4516007900238037,233.28,19.0
1.8073921203613281,4.386494159698486,0.0,2.765683889389038,2.291212558746338,220.82,29.0
1.4819798469543457,3.838724136352539,0.0,2.5468358993530273,2.6910603046417236,222.63,29.0
1.6359872817993164,4.99750280380249,0.0,2.716294050216675,1.9528729915618896,229.55,18.0
1.17439866065979,4.094573020935059,0.0,2.2911741733551025,2.407060146331787,231.16,19.0
0.3004854917526245,2.5075323581695557,0.0,2.5928845405578613,1.2807403802871704,223.52,29.0
0.3178918659687042,3.4002208709716797,0.0,2.558997392654419,1.1035598516464233,232.96,18.0
0.030829310417175293,2.1155972480773926,0.0,2.47110652923584,1.7353519201278687,225.16,29.0
0.011543422937393188,2.7611823081970215,0.0,2.3836662769317627,1.6017893552780151,234.68,19.0
3.9256062507629395,5.099228382110596,0.0,1.4345160722732544,2.099841594696045,219.15,29.0
4.466848373413086,4.2257208824157715,0.0,2.308746099472046,2.6550440788269043,224.43,29.0
1.2196882963180542,1.2318004369735718,0.0,0.8553856611251831,0.0,223.68,29.0
1.7526330947875977,0.44267773628234863,0.0,1.7229868173599243,0.49532443284988403,227.85,29.0
3.743079423904419,4.709801197052002,0.0,1.4526970386505127,2.2610039710998535,221.33,29.0
1.0434316396713257,1.0475947856903076,0.0,0.9230426549911499,0.1512472927570343,224.73,29.0
4.151391983032227,4.066226959228516,0.0,2.1913394927978516,2.8639228343963623,225.62,29.0
1.4755022525787354,0.3643563389778137,0.0,1.6433576345443726,0.750868558883667,229.17,28.0
2.4351003170013428,2.7299396991729736,0.0,1.2752741575241089,0.7378076910972595,221.25,29.0
2.776743173599243,2.101248264312744,0.0,1.9729503393173218,1.2952154874801636,226.5,29.0
2.211379289627075,2.532273769378662,0.0,1.2375552654266357,0.9199284911155701,223.49,29.0
2.42305326461792,1.9166600704193115,0.0,1.7598422765731812,1.459679126739502,227.78,29.0
1.2196882963180542,1.2318004369735718,0.0,0.8553856611251831,0.0,225.5,29.0
1.0434316396713257,1.0475947856903076,0.0,0.9230426549911499,0.1512472927570343,226.57,29.0
1.7526330947875977,0.44267773628234863,0.0,1.7229868173599243,0.49532443284988403,229.79,29.0
1.4755022525787354,0.3643563389778137,0.0,1.6433576345443726,0.750868558883667,230.74,29.0
2.9536075592041016,4.83086633682251,0.0,0.5931365489959717,2.3559858798980713,222.24,29.0
2.7173588275909424,4.333253383636475,0.0,0.5072441101074219,2.6923575401306152,227.39,29.0
0.15079811215400696,0.9287639856338501,0.05470345914363861,0.009263992309570312,0.016993314027786255,225.41,28.0
0.0,0.5353339314460754,0.0,0.13418260216712952,0.5839388370513916,229.68,28.0
1.4433162212371826,2.6784253120422363,0.0,0.4219297766685486,1.0065449476242065,224.34,29.0
0.15079811215400696,0.9287639856338501,0.05470345914363861,0.009263992309570312,0.016993314027786255,227.18,29.0
1.2073321342468262,2.053378105163574,0.0,0.34227466583251953,1.4857884645462036,229.24,28.0
0.0,0.5353339314460754,0.0,0.13418260216712952,0.5839388370513916,231.34,28.0
2.746173143386841,4.468060493469238,0.0,0.5469220876693726,2.559476137161255,223.21,29.0
2.716257333755493,4.127960205078125,0.0,0.6264488697052002,2.8913655281066895,227.44,29.0
1.2613301277160645,2.3628971576690674,0.0,0.4094892740249634,1.231260061264038,225.26,29.0
1.2427347898483276,1.937727928161621,0.0,0.4818647503852844,1.628357172012329,229.31,28.0
0.21505936980247498,0.9243137836456299,0.0,0.21514683961868286,0.2440299689769745,226.58,29.0
0.21505936980247498,0.9243137836456299,0.0,0.21514683961868286,0.2440299689769745,228.34,29.0
0.013524889945983887,0.40737175941467285,0.0,0.25989240407943726,0.7859594225883484,230.65,29.0
0.013524830341339111,0.40737175941467285,0.0,0.25989240407943726,0.7859594821929932,232.2,28.0
4.118138313293457,5.123012065887451,0.0,1.4949681758880615,2.1980700492858887,221.61,29.0
4.583723068237305,4.4479475021362305,0.0,2.2908413410186768,2.6435790061950684,226.7,29.0
1.304978370666504,1.1671035289764404,0.0,0.8974761962890625,0.0,224.53,29.0
1.7688944339752197,0.5196220874786377,0.0,1.686566948890686,0.38487008213996887,228.94,28.0
3.927345037460327,4.908647060394287,0.0,1.5215085744857788,2.299428939819336,222.56,29.0
1.1348648071289062,1.0923035144805908,0.0,0.9712979793548584,0.062209516763687134,225.69,29.0
4.268266677856445,4.288453578948975,0.0,2.1734347343444824,2.8524577617645264,226.65,29.0
1.4910469055175781,0.436373770236969,0.0,1.6005252599716187,0.6381308436393738,229.86,28.0
3.147024393081665,4.833127975463867,0.0,0.6537992358207703,2.456280469894409,223.01,29.0
2.827397108078003,4.253987789154053,0.0,0.5078690052032471,2.76688289642334,227.94,28.0
2.9621009826660156,4.3757829666137695,0.0,0.5978652834892273,2.5915088653564453,223.98,29.0
2.8574554920196533,4.057703971862793,0.0,0.6269028186798096,2.9338579177856445,227.91,29.0
0.14172112941741943,0.5813239812850952,0.0,0.0,0.05510824918746948,226.09,28.0
0.21888241171836853,0.5621877312660217,0.0,0.19344350695610046,0.24137774109840393,227.03,29.0
0.0,0.3067043721675873,0.0,0.11636950075626373,0.5739845037460327,230.31,28.0
0.005198687314987183,0.20454829931259155,0.0,0.24572785198688507,0.7745816111564636,231.19,28.0
2.6142749786376953,2.877446174621582,0.0,1.347041130065918,0.8275408148765564,223.34,29.0
2.893617868423462,2.3234751224517822,0.0,1.9550455808639526,1.2837504148483276,228.28,28.0
1.304978370666504,1.1671035289764404,0.0,0.8974761962890625,0.0,226.13,29.0
1.7688944339752197,0.5196220874786377,0.0,1.686566948890686,0.38487008213996887,230.59,28.0
1.6484313011169434,2.566262722015381,0.0,0.48399949073791504,1.09186851978302,224.88,28.0
0.14172112941741943,0.5813239812850952,0.0,0.0,0.05510824918746948,227.64,29.0
1.3063507080078125,1.9150385856628418,0.0,0.3455692231655121,1.5785014629364014,229.82,28.0
0.0,0.3067043721675873,0.0,0.11636950075626373,0.5739845037460327,231.8,28.0
2.4066739082336426,2.6529629230499268,0.0,1.3101930618286133,0.9386711716651917,224.3,28.0
2.538384199142456,2.137873888015747,0.0,1.7380740642547607,1.4464210271835327,228.56,28.0
1.4468560218811035,2.2013957500457764,0.0,0.4407566487789154,1.2763558626174927,225.77,28.0
1.3330594301223755,1.8417458534240723,0.0,0.495273619890213,1.7198492288589478,230.13,28.0
1.1348648071289062,1.0923035144805908,0.0,0.9712979793548584,0.062209516763687134,227.12,29.0
0.21888241171836853,0.5621877312660217,0.0,0.19344350695610046,0.24137774109840393,228.72,29.0
1.4910469055175781,0.436373770236969,0.0,1.6005252599716187,0.6381308436393738,231.31,28.0
0.005198657512664795,0.20454832911491394,0.0,0.24572782218456268,0.7745816707611084,232.7,28.0
4.1561994552612305,7.190252780914307,0.0,3.5255210399627686,2.9645931720733643,234.87,29.0
4.634041786193848,6.193434238433838,0.0,4.2421674728393555,3.5863149166107178,240.16,29.0
1.3677291870117188,3.2820730209350586,0.0,2.968728542327881,0.7640929818153381,238.78,28.0
1.8403286933898926,2.2645375728607178,0.0,3.633822441101074,1.3611944913864136,242.92,28.0
3.944453477859497,6.859384536743164,0.0,3.579840898513794,3.2468326091766357,236.89,29.0
1.1590981483459473,3.0213522911071777,0.0,2.948415517807007,1.0415304899215698,239.66,28.0
4.294374942779541,5.9254655838012695,0.0,4.097367286682129,3.787351369857788,241.7,29.0
1.5192077159881592,2.1472294330596924,0.0,3.4850778579711914,1.582440972328186,244.5,28.0
2.6244096755981445,4.832920551300049,0.0,3.248631000518799,1.6135814189910889,237.75,29.0
2.888512134552002,3.783874750137329,0.0,3.6390268802642822,2.1315460205078125,242.79,29.0
2.3558971881866455,4.533843040466309,0.0,3.1671195030212402,1.8266302347183228,239.27,29.0
2.523240566253662,3.680814027786255,0.0,3.4893083572387695,2.311577320098877,243.37,29.0
1.3677291870117188,3.2820730209350586,0.0,2.968728542327881,0.7640929818153381,241.02,28.0
1.1590981483459473,3.0213522911071777,0.0,2.948415517807007,1.0415304899215698,241.97,28.0
1.8403286933898926,2.2645375728607178,0.0,3.633822441101074,1.3611944913864136,245.16,28.0
1.5192077159881592,2.1472294330596924,0.0,3.4850778579711914,1.582440972328186,245.94,28.0
4.368477821350098,7.186732769012451,0.0,3.5755953788757324,2.9881017208099365,238.1,28.0
4.7684855461120605,6.241021633148193,0.0,4.204447269439697,3.585068464279175,242.81,28.0
1.4793941974639893,3.133270740509033,0.0,3.0002875328063965,0.6886124014854431,240.22,28.0
1.861922264099121,2.268105983734131,0.0,3.5825483798980713,1.2520004510879517,244.49,28.0
2.8384077548980713,4.749018669128418,0.0,3.295619010925293,1.6429195404052734,239.93,28.0
1.4793941974639893,3.133270740509033,0.0,3.0002875328063965,0.6886124014854431,242.09,28.0
3.003634214401245,4.000494003295898,0.0,3.6121153831481934,2.116593360900879,244.59,28.0
1.861922264099121,2.268105983734131,0.0,3.5825483798980713,1.2520004510879517,246.03,28.0
4.156731605529785,6.855864524841309,0.0,3.6299149990081787,3.270341157913208,238.7,28.0
4.409496784210205,6.14208459854126,0.0,4.070455074310303,3.7723987102508545,242.56,28.0
2.55826473236084,4.530538082122803,0.0,3.225914239883423,1.8516335487365723,240.41,28.0
2.638362169265747,3.897433280944824,0.0,3.4623968601226807,2.2966246604919434,244.26,28.0
1.264282464981079,2.89577054977417,0.0,2.981842041015625,0.9635434150695801,241.33,28.0
1.264282464981079,2.89577054977417,0.0,2.981842041015625,0.9635434150695801,242.86,28.0
1.5337159633636475,2.218566417694092,0.0,3.439650774002075,1.468498945236206,245.22,28.0
1.5337157249450684,2.218566656112671,0.0,3.439650774002075,1.4684990644454956,246.76,28.0
3.158921480178833,6.9553914070129395,0.0,2.619813919067383,3.2624411582946777,238.73,28.0
2.833200693130493,6.214272975921631,0.0,2.3592612743377686,3.6247169971466064,243.52,28.0
0.20557618141174316,2.9639034271240234,0.0,2.0423266887664795,0.9481737017631531,240.98,28.0
0.0,2.412245035171509,0.0,2.04931902885437,1.481136441230774,244.73,28.0
2.944410800933838,6.691758632659912,0.0,2.673475503921509,3.5382237434387207,239.37,28.0
0.27412277460098267,2.9802544116973877,0.0,2.2703843116760254,1.1790450811386108,241.7,28.0
2.8362858295440674,6.100856781005859,0.0,2.581327199935913,3.8576114177703857,243.12,28.0
0.03825095295906067,2.409287452697754,0.0,2.2037405967712402,1.6778331995010376,245.76,28.0
3.3750741481781006,6.857641220092773,0.0,2.6708104610443115,3.294999599456787,239.56,28.0
2.970625638961792,6.160869121551514,0.0,2.3790347576141357,3.693995475769043,244.28,28.0
3.1620290279388428,6.558359146118164,0.0,2.7248213291168213,3.5742053985595703,240.21,28.0
2.973784923553467,6.024997234344482,0.0,2.5766570568084717,3.9019970893859863,243.96,28.0
0.26949864625930786,2.6650550365448,0.0,2.0702097415924072,0.9344169497489929,241.83,28.0
0.27456390857696533,2.61715030670166,0.0,2.248699426651001,1.179869532585144,242.74,28.0
0.0,2.1587488651275635,0.0,2.0265607833862305,1.471434473991394,245.7,28.0
0.03540658950805664,2.0875425338745117,0.0,2.1777775287628174,1.6727954149246216,246.48,28.0
1.6388685703277588,4.753720760345459,0.0,2.385719060897827,1.918109655380249,240.34,28.0
1.3239833116531372,3.9689035415649414,0.0,2.145249128341675,2.3166134357452393,245.2,28.0
0.20557618141174316,2.9639034271240234,0.0,2.0423266887664795,0.9481737017631531,242.43,28.0
0.0,2.412245035171509,0.0,2.04931902885437,1.481136441230774,246.5,28.0
1.8564867973327637,4.620320796966553,0.0,2.4370648860931396,1.9540914297103882,241.23,28.0
0.26949864625930786,2.6650550365448,0.0,2.0702097415924072,0.9344169497489929,243.26,28.0
1.4242382049560547,3.752248525619507,0.0,2.1402487754821777,2.4128215312957764,246.16,28.0
0.0,2.1587488651275635,0.0,2.0265607833862305,1.471434473991394,247.28,28.0
1.4080655574798584,4.479394435882568,0.0,2.3985984325408936,2.1749651432037354,240.98,28.0
1.3039498329162598,3.900398015975952,0.0,2.2378203868865967,2.4427778720855713,244.61,28.0
1.6241405010223389,4.344981670379639,0.0,2.4460811614990234,2.2091541290283203,241.78,28.0
1.403461217880249,3.681563377380371,0.0,2.230787754058838,2.5407984256744385,245.6,28.0
0.27412277460098267,2.9802544116973877,0.0,2.2703843116760254,1.1790450811386108,243.44,28.0
0.27456390857696533,2.61715030670166,0.0,2.248699426651001,1.179869532585144,244.23,28.0
0.03825095295906067,2.409287452697754,0.0,2.2037405967712402,1.6778331995010376,247.17,28.0
0.03540658950805664,2.0875425338745117,0.0,2.1777775287628174,1.6727954149246216,248.02,28.0
3.9104650020599365,5.468443393707275,0.0,1.5463539361953735,1.6945643424987793,230.17,16.0
4.884824752807617,4.166932106018066,0.0,2.8986337184906006,2.4147067070007324,236.24,16.0
1.4653689861297607,2.022942066192627,0.0,0.9895858764648438,0.0,233.67,15.0
2.432743787765503,0.7681697010993958,0.0,2.3728725910186768,0.4731760621070862,238.62,15.0
3.6498568058013916,5.102879524230957,0.0,1.3992983102798462,1.7928924560546875,231.04,15.0
1.2225663661956787,1.7788026332855225,0.0,0.9038704633712769,0.0,235.17,15.0
4.599364757537842,3.852273464202881,0.0,2.781438112258911,2.615699291229248,235.92,15.0
2.1762406826019287,0.4936351478099823,0.0,2.2412831783294678,0.7285846471786499,239.98,15.0
2.2296414375305176,3.3482820987701416,0.0,1.1447257995605469,0.2987484931945801,232.86,16.0
3.1726911067962646,2.043832540512085,0.0,2.465428113937378,1.1134804487228394,238.78,16.0
1.9626827239990234,3.0149052143096924,0.0,1.0270799398422241,0.4440484046936035,233.43,15.0
2.8872311115264893,1.729174256324768,0.0,2.3482325077056885,1.3144729137420654,238.25,15.0
1.4653689861297607,2.022942066192627,0.0,0.9895858764648438,0.0,235.97,15.0
1.2225663661956787,1.7788026332855225,0.0,0.9038704633712769,0.0,237.44,15.0
2.432743787765503,0.7681697010993958,0.0,2.3728725910186768,0.4731760621070862,240.99,15.0
2.1762406826019287,0.4936351478099823,0.0,2.2412831783294678,0.7285846471786499,242.16,15.0
2.650909185409546,5.433591365814209,0.0,0.3105413615703583,1.9511173963546753,232.33,16.0
2.510145902633667,4.528104782104492,0.0,0.3427693843841553,2.4415173530578613,238.25,16.0
0.05533432960510254,1.8311097621917725,0.27523273229599,0.0,0.0,235.35,15.0
0.005168616771697998,1.1706373691558838,0.0,0.02809348702430725,0.505844235420227,240.23,15.0
1.1167242527008057,3.2348527908325195,0.0,0.06978598237037659,0.6510342955589294,234.65,16.0
0.05533432960510254,1.8311097621917725,0.27523273229599,0.0,0.0,237.87,15.0
0.8147735595703125,2.4251532554626465,0.0,0.0,1.139953851699829,240.99,16.0
0.005168616771697998,1.1706373691558838,0.0,0.02809348702430725,0.505844235420227,242.55,15.0
2.4537882804870605,5.076152324676514,0.0,0.2790233790874481,2.125779628753662,232.96,15.0
2.381121873855591,4.371790885925293,0.0,0.3477230668067932,2.6065776348114014,237.69,15.0
0.9061352014541626,2.892740249633789,0.0,0.041800737380981445,0.8749811053276062,235.53,16.0
0.7628558874130249,2.32397198677063,0.0,0.0,1.2914648056030273,240.05,15.0
0.0058518946170806885,1.6680727005004883,0.0864141583442688,0.0,0.038568928837776184,237.04,15.0
0.0058518946170806885,1.6680727005004883,0.0864141583442688,0.0,0.038568928837776184,239.32,15.0
0.0027657747268676758,1.135962724685669,0.0,0.0852939784526825,0.6619254946708679,241.57,15.0
0.0027657747268676758,1.135962724685669,0.0,0.08529391884803772,0.6619255542755127,244.03,15.0
4.101562976837158,7.552453517913818,0.0,3.4940173625946045,2.4996097087860107,244.91,19.0
5.047517776489258,6.198149681091309,0.0,4.7610344886779785,3.280590534210205,251.58,19.0
1.5758092403411865,4.107765197753906,0.0,3.00612211227417,0.5372207164764404,247.5,19.0
2.5266549587249756,2.760524034500122,0.0,4.2740397453308105,1.323013186454773,253.05,19.0
3.8121819496154785,7.316274166107178,0.0,3.458468198776245,2.7524375915527344,245.32,19.0
1.323493480682373,3.9251084327697754,0.0,2.9773943424224854,0.826515793800354,248.97,19.0
4.758136749267578,5.961971759796143,0.0,4.725485801696777,3.533418893814087,250.62,19.0
2.274338722229004,2.577867031097412,0.0,4.245311737060547,1.6123082637786865,253.96,19.0
2.879699468612671,7.50711727142334,0.0,2.301852226257324,2.7599287033081055,246.94,20.0
2.685786485671997,6.523947715759277,0.0,2.17763614654541,3.2499067783355713,253.26,20.0
2.673297643661499,7.256882190704346,0.0,2.3767282962799072,3.0177619457244873,247.27,20.0
2.484333038330078,6.381960391998291,0.0,2.2256267070770264,3.466451644897461,252.14,20.0
0.21125128865242004,3.8965911865234375,0.0,1.7997511625289917,0.6279392242431641,249.57,20.0
0.0849209725856781,3.740579605102539,0.0,1.9069174528121948,0.9211279153823853,250.68,20.0
0.041297346353530884,3.0645499229431152,0.0,1.866454005241394,1.298616886138916,254.26,20.0
0.04308164119720459,3.1217522621154785,0.0,2.0265157222747803,1.4885846376419067,255.47,20.0
2.417029619216919,5.411095142364502,0.0,3.0639395713806152,1.1048504114151,247.08,19.0
3.347982168197632,4.032004356384277,0.0,4.291706085205078,1.9190404415130615,253.64,19.0
1.5758092403411865,4.107765197753906,0.0,3.00612211227417,0.5372207164764404,249.81,19.0
2.5266549587249756,2.760524034500122,0.0,4.2740397453308105,1.323013186454773,255.02,19.0
1.3288993835449219,5.254644870758057,0.0,1.9873126745224,1.483658790588379,249.12,20.0
0.21125128865242004,3.8965911865234375,0.0,1.7997511625289917,0.6279392242431641,251.52,20.0
0.9626145958900452,4.3295063972473145,0.0,1.6671565771102905,1.9313206672668457,255.47,20.0
0.041297346353530884,3.0645499229431152,0.0,1.866454005241394,1.298616886138916,256.45,20.0
2.165537118911743,5.161023139953613,0.0,3.0735361576080322,1.36929452419281,247.72,19.0
3.0620005130767822,3.8061327934265137,0.0,4.265584945678711,2.148449182510376,252.68,19.0
1.12249755859375,5.004409313201904,0.0,2.0621886253356934,1.7414921522140503,249.34,20.0
0.8977806568145752,4.252297878265381,0.0,1.8358134031295776,2.1365554332733154,254.14,20.0
1.323493480682373,3.9251084327697754,0.0,2.9773943424224854,0.826515793800354,251.0,19.0
0.0849209725856781,3.740579605102539,0.0,1.9069174528121948,0.9211279153823853,252.58,20.0
2.274338722229004,2.577867031097412,0.0,4.245311737060547,1.6123082637786865,256.18,19.0
0.04308164119720459,3.1217522621154785,0.0,2.026515483856201,1.4885846376419067,257.51,20.0
4.032955169677734,5.389988422393799,0.0,1.5182586908340454,1.7821544408798218,231.33,16.0
5.024857997894287,4.144709587097168,0.0,2.8665850162506104,2.4200875759124756,237.5,16.0
1.487245798110962,1.7992043495178223,0.0,0.9429755210876465,0.0,234.55,15.0
2.474575996398926,0.5217227935791016,0.0,2.3210272789001465,0.3887521028518677,239.56,15.0
3.7820780277252197,5.013350486755371,0.0,1.3686506748199463,1.8448747396469116,231.91,15.0
1.26418936252594,1.5277615785598755,0.0,0.8468821048736572,0.0,235.97,15.0
4.739978790283203,3.7837026119232178,0.0,2.751849889755249,2.6260738372802734,236.84,15.0
2.2051963806152344,0.3703523874282837,0.0,2.2000651359558105,0.635532021522522,240.83,15.0
2.3564507961273193,3.2698183059692383,0.0,1.1228886842727661,0.38569676876068115,234.25,16.0
3.3159172534942627,1.9439573287963867,0.0,2.4341399669647217,1.1263189315795898,240.62,16.0
2.1812903881073,2.8873887062072754,0.0,1.0856106281280518,0.47999775409698486,235.03,15.0
3.0103681087493896,1.8214499950408936,0.0,2.3335235118865967,1.3138493299484253,239.79,15.0
1.487245798110962,1.7992043495178223,0.0,0.9429755210876465,0.0,237.52,15.0
1.26418936252594,1.5277615785598755,0.0,0.8468821048736572,0.0,239.06,15.0
2.474575996398926,0.5217227935791016,0.0,2.3210272789001465,0.3887521028518677,242.5,15.0
2.2051963806152344,0.3703523874282837,0.0,2.2000651359558105,0.635532021522522,243.78,15.0
4.243799686431885,7.446694374084473,0.0,3.4555444717407227,2.5124804973602295,246.73,20.0
5.18955135345459,6.097336292266846,0.0,4.722513198852539,3.2929866313934326,253.15,19.0
1.6174325942993164,3.856724262237549,0.0,2.949134111404419,0.4511023163795471,249.39,20.0
2.568277597427368,2.5094828605651855,0.0,4.217051029205322,1.2368947267532349,254.34,19.0
2.597666025161743,5.291255950927734,0.0,3.071220636367798,1.1294941902160645,248.89,20.0
1.6174325942993164,3.856724262237549,0.0,2.949134111404419,0.4511023163795471,251.41,20.0
3.4909989833831787,3.927534580230713,0.0,4.255273818969727,1.930184245109558,255.39,19.0
2.568277597427368,2.5094828605651855,0.0,4.217051029205322,1.2368947267532349,256.47,19.0
3.954418420791626,7.21051549911499,0.0,3.4199953079223633,2.7653086185455322,247.08,20.0
4.9003729820251465,5.856212139129639,0.0,4.687012672424316,3.5462894439697266,252.06,20.0
2.383155584335327,5.027623653411865,0.0,3.1248819828033447,1.4052765369415283,249.28,20.0
3.2034738063812256,3.7006497383117676,0.0,4.225289821624756,2.1578001976013184,254.13,20.0
1.3651164770126343,3.6740670204162598,0.0,2.920405626296997,0.7403973340988159,250.49,20.0
1.3651164770126343,3.6740670204162598,0.0,2.920405626296997,0.7403973340988159,252.51,20.0
2.315962076187134,2.3268258571624756,0.0,4.188323497772217,1.526189923286438,255.36,20.0
2.3159615993499756,2.3268256187438965,0.0,4.188323020935059,1.526189923286438,257.54,20.0
2.8495612144470215,5.328783988952637,0.0,0.3743062913417816,2.060091733932495,233.74,16.0
2.653372049331665,4.428229331970215,0.0,0.3114810883998871,2.454355478286743,240.07,16.0
0.1345006823539734,1.5644536018371582,0.15983842313289642,0.0,0.0,236.95,15.0
0.0,0.8410581350326538,0.0,0.0,0.4835250973701477,241.9,15.0
2.672395944595337,4.948635578155518,0.0,0.337554007768631,2.161729097366333,234.34,15.0
0.053702592849731445,1.3242744207382202,0.13628147542476654,0.0,0.0,238.46,15.0
2.454204559326172,4.200916290283203,0.0,0.2616647779941559,2.6355273723602295,239.24,15.0
0.0,0.8063833117485046,0.0,0.0,0.6396064162254333,243.28,15.0
3.098098039627075,7.375006198883057,0.0,2.355239152908325,2.7941834926605225,248.54,20.0
2.828803300857544,6.419478416442871,0.0,2.141204357147217,3.2610504627227783,254.89,19.0
2.8916962146759033,7.124771595001221,0.0,2.4301154613494873,3.0520167350769043,248.81,20.0
2.557206630706787,6.206491947174072,0.0,2.134425401687622,3.4937069416046143,253.65,20.0
0.2988894581794739,3.610481023788452,0.0,1.8347880840301514,0.5941959023475647,251.01,20.0
0.1545007824897766,3.4138941764831543,0.0,1.9027174711227417,0.8690137267112732,252.14,20.0
0.0,2.7303760051727295,0.0,1.7569913864135742,1.274603247642517,255.87,20.0
0.0,2.787578582763672,0.0,1.9170531034469604,1.4645711183547974,256.97,20.0
1.3193955421447754,3.125471353530884,0.0,0.1324966847896576,0.7453007698059082,236.23,16.0
0.9052388668060303,2.2850005626678467,0.0,0.0,1.2099173069000244,242.46,16.0
0.1345006823539734,1.5644536018371582,0.15983842313289642,0.0,0.0,239.51,15.0
0.0,0.8410581350326538,0.0,0.0,0.4835250973701477,244.25,15.0
1.547297716140747,5.122533798217773,0.0,2.0406994819641113,1.5179136991500854,250.73,20.0
0.2988894581794739,3.610481023788452,0.0,1.8347880840301514,0.5941959023475647,253.1,20.0
1.1088931560516357,4.19339656829834,0.0,1.6901763677597046,2.0054166316986084,257.17,19.0
0.0,2.7303760051727295,0.0,1.7569913864135742,1.274603247642517,258.05,20.0
1.1247429847717285,2.765223741531372,0.0,0.1003313660621643,0.9109305143356323,236.89,15.0
0.8916598558425903,2.1197714805603027,0.0,0.0,1.3637365102767944,241.69,15.0
1.3408958911895752,4.872298717498779,0.0,2.1155760288238525,1.7757470607757568,250.86,20.0
1.0228850841522217,4.04249382019043,0.0,1.8345576524734497,2.2107207775115967,255.62,20.0
0.053702592849731445,1.3242744207382202,0.13628147542476654,0.0,0.0,240.54,15.0
0.1545007824897766,3.4138941764831543,0.0,1.9027174711227417,0.8690137267112732,254.24,20.0
0.0,0.8063833117485046,0.0,0.0,0.6396064162254333,245.34,15.0
0.0,2.787578582763672,0.0,1.9170531034469604,1.4645711183547974,258.83,20.0
4.039057731628418,4.878642559051514,0.0,2.0151526927948,2.7498903274536133,212.45,26.0
4.910686016082764,3.9585559368133545,0.0,3.1705143451690674,3.3682234287261963,213.27,26.0
1.1233410835266113,0.8532299399375916,0.0,1.3693534135818481,0.3271622061729431,215.61,26.0
1.809086799621582,0.0,0.0,2.531060218811035,1.1914976835250854,216.64,26.0
3.690916061401367,4.7560882568359375,0.0,1.8609408140182495,2.8672378063201904,213.53,26.0
0.7951347827911377,0.8036903142929077,0.0,1.226455807685852,0.5436607003211975,216.59,26.0
4.545414447784424,3.8554954528808594,0.0,3.0207955837249756,3.5482547283172607,214.33,26.0
1.6953113079071045,0.05446621775627136,0.0,2.5310943126678467,1.3338671922683716,217.4,26.0
2.2850534915924072,2.614497661590576,0.0,1.4026010036468506,1.2114323377609253,214.37,26.0
3.139551877975464,1.7139047384262085,0.0,2.562455654144287,1.8924492597579956,215.13,27.0
1.9197816848754883,2.511436939239502,0.0,1.252882480621338,1.3914636373519897,215.29,26.0
2.774279832839966,1.6108437776565552,0.0,2.4127371311187744,2.0724806785583496,216.22,26.0
1.1233410835266113,0.8532299399375916,0.0,1.3693534135818481,0.3271622061729431,217.55,26.0
0.7951347827911377,0.8036903142929077,0.0,1.226455807685852,0.5436607003211975,218.43,26.0
1.809086799621582,0.0,0.0,2.531060218811035,1.1914976835250854,218.4,26.0
1.6953113079071045,0.05446621775627136,0.0,2.5310943126678467,1.3338671922683716,219.5,26.0
3.1006064414978027,4.354036331176758,0.0,1.0833085775375366,3.022697687149048,213.48,28.0
3.027930736541748,4.109762191772461,0.0,1.2299156188964844,3.5596096515655518,214.28,29.0
0.08954688906669617,0.40533962845802307,0.0,0.661350667476654,0.7231262922286987,216.72,29.0
0.05319496989250183,0.20897234976291656,0.0,0.8710620403289795,1.239448070526123,217.68,28.0
1.4878814220428467,2.0475575923919678,0.0,0.6731181144714355,1.6981769800186157,215.19,29.0
0.08954688906669617,0.40533962845802307,0.0,0.661350667476654,0.7231262922286987,218.3,29.0
1.239549994468689,1.8757365942001343,0.0,0.6038952469825745,2.2015299797058105,216.23,28.0
0.05319496989250183,0.20897234976291656,0.0,0.8710620403289795,1.239448070526123,219.31,28.0
3.0589253902435303,4.423887252807617,0.0,1.188124179840088,3.1461334228515625,214.65,28.0
2.9167590141296387,4.246561527252197,0.0,1.2689869403839111,3.6403136253356934,215.48,28.0
1.45158052444458,2.1569020748138428,0.0,0.8013999462127686,1.801835536956787,216.27,29.0
1.1283782720565796,2.0125350952148438,0.0,0.6429663896560669,2.282233953475952,217.07,29.0
0.08220303058624268,0.5548082590103149,0.0,0.7752388119697571,0.8812010884284973,217.65,28.0
0.08220303058624268,0.5548082590103149,0.0,0.7752388119697571,0.8812010884284973,219.37,29.0
0.0,0.38794875144958496,0.0,0.8989918231964111,1.3718167543411255,218.59,28.0
0.0,0.3879487216472626,0.0,0.8989919424057007,1.3718167543411255,220.08,28.0
4.134223937988281,5.117971420288086,0.0,1.993475317955017,2.807962656021118,212.92,29.0
5.0258073806762695,4.175175666809082,0.0,3.1436026096343994,3.3532707691192627,213.86,29.0
1.122016191482544,0.9425845146179199,0.0,1.3280794620513916,0.2711588740348816,215.99,27.0
1.777174949645996,0.0,0.0,2.4858877658843994,1.1252760887145996,217.06,28.0
3.8060379028320312,4.972707271575928,0.0,1.834029197692871,2.852285146713257,214.0,28.0
0.8096430897712708,0.8750273585319519,0.0,1.181028962135315,0.42971885204315186,217.19,27.0
4.660536289215088,4.072114944458008,0.0,2.9938840866088867,3.533302068710327,215.03,29.0
1.5932557582855225,0.04138174653053284,0.0,2.431151866912842,1.2837570905685425,218.07,28.0
3.1596810817718506,4.452517509460449,0.0,1.094063639640808,3.160896062850952,214.24,29.0
3.027269124984741,4.24324893951416,0.0,1.1505298614501953,3.6067616939544678,215.02,28.0
3.1328651905059814,4.528443813323975,0.0,1.1965160369873047,3.218123197555542,215.18,28.0
2.916097402572632,4.38004732131958,0.0,1.189601182937622,3.6874659061431885,216.3,28.0
0.06287318468093872,0.3646138906478882,0.0,0.6512273550033569,0.6961272954940796,217.4,28.0
0.05552935600280762,0.5140825510025024,0.0,0.76511549949646,0.8542020916938782,218.4,28.0
0.0,0.19717691838741302,0.0,0.7731611132621765,1.1876111030578613,218.5,28.0
0.0,0.37486422061920166,0.0,0.7990496158599854,1.321706771850586,219.31,28.0
2.3805770874023438,2.853419303894043,0.0,1.380829930305481,1.2681964635849,214.89,29.0
3.238656759262085,1.9258928298950195,0.0,2.5356318950653076,1.8939622640609741,215.85,28.0
1.122016191482544,0.9425845146179199,0.0,1.3280794620513916,0.2711588740348816,218.02,27.0
1.777174949645996,0.0,0.0,2.4858877658843994,1.1252760887145996,218.96,28.0
1.562495470046997,2.1535236835479736,0.0,0.6835790872573853,1.76882803440094,216.06,29.0
0.06287318468093872,0.3646138906478882,0.0,0.6512273550033569,0.6961272954940796,219.08,29.0
1.2388885021209717,2.009223461151123,0.0,0.5245095491409302,2.2486822605133057,216.87,28.0
0.0,0.19717691838741302,0.0,0.7731611132621765,1.1876111030578613,219.83,28.0
2.0962047576904297,2.705577850341797,0.0,1.2990131378173828,1.3953053951263428,215.96,28.0
2.88940167427063,1.827463150024414,0.0,2.3858256340026855,2.057528018951416,216.91,29.0
1.5263009071350098,2.2627477645874023,0.0,0.8118331432342529,1.8720989227294922,216.91,29.0
1.2003003358840942,2.1194067001342773,0.0,0.6500657796859741,2.35163950920105,218.04,28.0
0.8096430897712708,0.8750273585319519,0.0,1.181028962135315,0.42971885204315186,219.05,29.0
0.05552935600280762,0.5140825510025024,0.0,0.76511549949646,0.8542020916938782,219.87,29.0
1.5932557582855225,0.04138174653053284,0.0,2.431151866912842,1.2837570905685425,219.95,27.0
0.0,0.37486425042152405,0.0,0.7990497350692749,1.3217068910598755,220.87,28.0
4.6200056076049805,4.359367370605469,0.0,2.7831320762634277,2.6459293365478516,241.78,14.0
5.470878601074219,3.3981688022613525,0.0,3.8771560192108154,3.3066728115081787,243.79,14.0
1.9575822353363037,0.6942383646965027,0.0,2.1927499771118164,0.4480491280555725,246.13,14.0
2.677111864089966,0.0,0.0,3.3182010650634766,1.2939658164978027,246.96,14.0
4.27837610244751,4.240754127502441,0.0,2.6389238834381104,2.7453277111053467,243.08,14.0
1.6287617683410645,0.6596380472183228,0.0,2.049705982208252,0.6631128787994385,247.37,14.0
5.113715171813965,3.3085055351257324,0.0,3.748652219772339,3.4687552452087402,244.12,14.0
2.3973758220672607,0.0,0.0,3.2035319805145264,1.4583686590194702,248.2,14.0
2.833291530609131,2.1004345417022705,0.0,2.089489459991455,1.168806791305542,256.94,11.0
3.6691925525665283,1.1070188283920288,0.0,3.1934709548950195,1.9005478620529175,259.39,11.0
2.4754505157470703,2.075632095336914,0.0,1.9597798585891724,1.3167970180511475,261.01,12.0
3.311833620071411,1.0130517482757568,0.0,3.0601484775543213,2.0610430240631104,260.88,12.0
1.9575822353363037,0.6942383646965027,0.0,2.1927499771118164,0.4480491280555725,264.18,11.0
1.6287617683410645,0.6596380472183228,0.0,2.049705982208252,0.6631128787994385,265.38,11.0
2.677111864089966,0.0,0.0,3.3182010650634766,1.2939658164978027,264.64,11.0
2.3973758220672607,0.0,0.0,3.2035319805145264,1.4583686590194702,266.32,11.0
4.715951919555664,4.599985122680664,0.0,2.763495922088623,2.7022745609283447,255.44,12.0
5.586780548095703,3.616076946258545,0.0,3.852285623550415,3.2899932861328125,257.17,12.0
1.9538135528564453,0.7863740921020508,0.0,2.1521172523498535,0.4009888172149658,261.84,12.0
2.645979881286621,0.0,0.0,3.27506947517395,1.2260172367095947,263.31,12.0
2.9315576553344727,2.2846310138702393,0.0,2.070405960083008,1.2305704355239868,257.71,12.0
1.9538135528564453,0.7863740921020508,0.0,2.1521172523498535,0.4009888172149658,264.18,12.0
3.785304307937622,1.329521656036377,0.0,3.173743724822998,1.885562777519226,259.5,12.0
2.645979881286621,0.0,0.0,3.27506947517395,1.2260172367095947,264.74,12.0
4.393497943878174,4.457373142242432,0.0,2.6120121479034424,2.730375289916992,257.68,12.0
5.229617118835449,3.526413917541504,0.0,3.7237813472747803,3.452075481414795,259.37,12.0
2.5964362621307373,2.169883966445923,0.0,1.9361201524734497,1.3119930028915405,260.82,12.0
3.4277355670928955,1.2309603691101074,0.0,3.035278558731079,2.0443637371063232,261.53,12.0
1.6438841819763184,0.7160358428955078,0.0,2.004425525665283,0.5506057739257812,262.48,12.0
1.6438841819763184,0.7160358428955078,0.0,2.004425525665283,0.5506057739257812,265.65,12.0
2.3570427894592285,0.0,0.0,3.1532156467437744,1.392533779144287,264.29,12.0
2.3570425510406494,0.0,0.0,3.1532154083251953,1.3925336599349976,266.19,12.0
2.7869980335235596,4.364274501800537,0.0,0.8191816806793213,2.782559633255005,256.06,12.0
3.3992817401885986,3.5186684131622314,0.0,1.7093549966812134,3.566769599914551,258.16,12.0
0.03955909609794617,0.8326903581619263,0.0,0.4702652096748352,0.6899018287658691,263.13,12.0
0.6820200681686401,0.0,0.0,1.3870902061462402,1.4965707063674927,263.58,12.0
2.751962423324585,4.298976898193359,0.0,0.9265519380569458,2.9172677993774414,259.38,12.0
0.0622122585773468,0.826994001865387,0.0,0.5843642950057983,0.840090274810791,263.75,12.0
3.3090336322784424,3.4553403854370117,0.0,1.73115873336792,3.661494493484497,260.41,12.0
0.6154898405075073,0.028974011540412903,0.0,1.4239075183868408,1.6143971681594849,264.51,12.0
2.8706581592559814,4.23383903503418,0.0,0.8233271837234497,2.9449338912963867,257.04,12.0
3.418907642364502,3.4598703384399414,0.0,1.61464524269104,3.6279313564300537,259.38,12.0
2.8729586601257324,4.087418079376221,0.0,0.9214468002319336,2.992276668548584,260.77,12.0
3.3083717823028564,3.588827133178711,0.0,1.6517728567123413,3.708646774291992,261.43,12.0
0.03923696279525757,0.4698624610900879,0.0,0.4467582106590271,0.6872062683105469,263.58,12.0
0.058540403842926025,0.4962056279182434,0.0,0.5636218190193176,0.8351500630378723,263.78,12.0
0.5909751653671265,0.0,0.0,1.2807464599609375,1.4515889883041382,264.04,12.0
0.5168689489364624,0.0,0.0,1.3266386985778809,1.5687602758407593,265.69,12.0
1.1718990802764893,2.122018337249756,0.0,0.3721577227115631,1.4651498794555664,258.9,12.0
1.6274409294128418,1.2851125001907349,0.0,1.141065239906311,2.234734058380127,261.08,12.0
0.03955909609794617,0.8326903581619263,0.0,0.4702652096748352,0.6899018287658691,265.4,12.0
0.6820200681686401,0.0,0.0,1.3870902061462402,1.4965707063674927,266.03,12.0
1.2696408033370972,1.907374620437622,0.0,0.36783498525619507,1.570774793624878,259.69,12.0
0.03923696279525757,0.4698624610900879,0.0,0.4467582106590271,0.6872062683105469,266.12,12.0
1.6343660354614258,1.2882897853851318,0.0,1.065371036529541,2.2957866191864014,262.01,12.0
0.5909751653671265,0.0,0.0,1.2807464599609375,1.4515889883041382,267.17,12.0
1.157486915588379,2.062800645828247,0.0,0.47943586111068726,1.5788713693618774,261.9,12.0
1.51352858543396,1.3945913314819336,0.0,1.1034414768218994,2.286774158477783,263.04,12.0
1.247215986251831,1.9462817907333374,0.0,0.4831610918045044,1.668087124824524,263.19,12.0
1.5182068347930908,1.398198127746582,0.0,1.0253275632858276,2.3463995456695557,263.57,12.0
0.0622122585773468,0.826994001865387,0.0,0.5843642950057983,0.840090274810791,266.39,12.0
0.058540403842926025,0.4962056279182434,0.0,0.5636218190193176,0.8351500630378723,267.07,12.0
0.6154898405075073,0.028974011540412903,0.0,1.4239075183868408,1.6143971681594849,266.54,12.0
0.5168689489364624,0.0,0.0,1.3266386985778809,1.5687602758407593,267.43,12.0
4.1575398445129395,4.40309476852417,0.0,2.0020203590393066,2.7192418575286865,228.3,29.0
5.016859531402588,3.6082935333251953,0.0,3.2803144454956055,3.439277410507202,232.62,28.0
1.3111426830291748,0.4988073706626892,0.0,1.34903085231781,0.4362064003944397,232.18,28.0
2.0738725662231445,0.0,0.0,2.581780433654785,1.2479292154312134,236.21,28.0
3.7911367416381836,4.27520227432251,0.0,1.824501395225525,2.8901147842407227,230.24,28.0
0.982936441898346,0.44926777482032776,0.0,1.206133246421814,0.6527048349380493,233.33,28.0
4.647400856018066,3.413355588912964,0.0,3.0277349948883057,3.5854222774505615,234.1,28.0
1.9742958545684814,0.0,0.0,2.5237233638763428,1.3628313541412354,237.13,28.0
2.3895530700683594,2.227504014968872,0.0,1.4712786674499512,1.2689391374588013,230.47,29.0
3.2488725185394287,1.4327030181884766,0.0,2.749572992324829,1.9889744520187378,234.7,28.0
2.0200939178466797,2.0325655937194824,0.0,1.2186988592147827,1.4150840044021606,232.03,28.0
2.8794138431549072,1.2377649545669556,0.0,2.49699330329895,2.1351194381713867,235.73,28.0
1.3111426830291748,0.4988073706626892,0.0,1.34903085231781,0.4362064003944397,234.05,28.0
0.982936441898346,0.44926777482032776,0.0,1.206133246421814,0.6527048349380493,235.12,28.0
2.0738725662231445,0.0,0.0,2.581780433654785,1.2479292154312134,237.9,28.0
1.9742958545684814,0.0,0.0,2.5237233638763428,1.3628313541412354,238.75,28.0
2.9712018966674805,4.304351806640625,0.0,0.8000372648239136,2.891150951385498,231.22,29.0
3.2177581787109375,3.842561721801758,0.0,1.3943777084350586,3.5960843563079834,235.51,28.0
0.09831508994102478,0.3650791049003601,0.0,0.387030690908432,0.6699464917182922,234.01,28.0
0.3275587856769562,0.0014309734106063843,0.0,0.9768502712249756,1.3374513387680054,237.89,27.0
1.4121463298797607,1.930648684501648,0.0,0.5018185973167419,1.6366326808929443,233.12,29.0
0.09831508994102478,0.3650791049003601,0.0,0.387030690908432,0.6699464917182922,235.7,28.0
1.4325246810913086,1.6775968074798584,0.0,0.8456743955612183,2.2634763717651367,237.51,28.0
0.3275587856769562,0.0014309734106063843,0.0,0.9768502712249756,1.3374513387680054,239.59,27.0
2.945948362350464,4.090566635131836,0.0,0.8646881580352783,3.057542085647583,231.89,28.0
3.1023993492126465,3.8874831199645996,0.0,1.3305877447128296,3.642902135848999,235.85,28.0
1.381000280380249,1.865712285041809,0.0,0.5190286636352539,1.7118805646896362,233.79,28.0
1.3171658515930176,1.722517967224121,0.0,0.7818843126296997,2.3102939128875732,237.47,28.0
0.1071118712425232,0.3322862386703491,0.0,0.4651305675506592,0.8322688341140747,234.95,28.0
0.1071118712425232,0.3322862386703491,0.0,0.4651305675506592,0.8322688341140747,236.59,28.0
0.24926555156707764,0.09987364709377289,0.0,0.9198812246322632,1.4207359552383423,238.82,28.0
0.2492656111717224,0.0998736023902893,0.0,0.9198813438415527,1.4207361936569214,240.35,28.0
4.623915195465088,4.076082229614258,0.0,2.62903094291687,2.542982816696167,243.93,16.0
5.53151798248291,3.0947763919830322,0.0,3.962026596069336,3.388028860092163,249.66,16.0
2.082944631576538,0.4864386320114136,0.0,2.097097873687744,0.5041079521179199,246.39,15.0
2.9349756240844727,0.0,0.0,3.440640926361084,1.405554175376892,250.88,15.0
4.335350513458252,3.75482177734375,0.0,2.517014265060425,2.7459919452667236,243.81,16.0
1.8121566772460938,0.4123980402946472,0.0,2.028333902359009,0.761863648891449,247.63,15.0
5.209464073181152,2.939027786254883,0.0,3.829024314880371,3.5618748664855957,248.4,16.0
2.668843984603882,0.0,0.0,3.2381815910339355,1.5329363346099854,252.21,15.0
2.482020854949951,4.40536642074585,0.0,0.31470999121665955,2.602437734603882,245.79,16.0
3.4735422134399414,3.518083095550537,0.0,1.757932424545288,3.5096185207366943,251.91,16.0
2.4862632751464844,4.28070592880249,0.0,0.4544709324836731,2.7770395278930664,245.56,16.0
3.4344937801361084,3.4196712970733643,0.0,1.808411955833435,3.630213737487793,250.26,15.0
0.0,0.9772734642028809,0.0,0.0034419000148773193,0.5510587096214294,248.07,15.0
0.0,0.915144681930542,0.0,0.14985285699367523,0.7300945520401001,249.3,15.0
0.8751320242881775,0.060867875814437866,0.0,1.4726203680038452,1.5357662439346313,252.75,15.0
0.8727291822433472,0.026193082332611084,0.0,1.5298206806182861,1.691847562789917,253.98,15.0
2.9142420291900635,1.8931467533111572,0.0,2.196411371231079,1.2475028038024902,246.38,16.0
3.7720797061920166,0.8941760063171387,0.0,3.4492030143737793,2.0514378547668457,252.13,15.0
2.082944631576538,0.4864386320114136,0.0,2.097097873687744,0.5041079521179199,248.78,15.0
2.9349756240844727,0.0,0.0,3.440640926361084,1.405554175376892,253.39,15.0
1.0114896297454834,2.3017778396606445,0.0,0.13962136209011078,1.3358691930770874,248.6,16.0
0.0,0.9772734642028809,0.0,0.0034419000148773193,0.5510587096214294,250.44,15.0
1.775329351425171,1.4461958408355713,0.0,1.3873097896575928,2.2590057849884033,254.27,16.0
0.8751320242881775,0.060867875814437866,0.0,1.4726203680038452,1.5357662439346313,255.17,15.0
2.5651185512542725,1.7766057252883911,0.0,1.997979760169983,1.3860758543014526,246.09,15.0
3.408996343612671,0.7547938823699951,0.0,3.217425584793091,2.1755850315093994,250.57,16.0
1.0181676149368286,2.1778221130371094,0.0,0.27936887741088867,1.5079668760299683,248.06,15.0
1.698643684387207,1.3335716724395752,0.0,1.3445299863815308,2.3353848457336426,252.52,15.0
1.8121566772460938,0.4123980402946472,0.0,2.028333902359009,0.761863648891449,250.04,15.0
0.0,0.915144681930542,0.0,0.14985285699367523,0.7300945520401001,251.57,15.0
2.668843984603882,0.0,0.0,3.2381815910339355,1.5329363346099854,254.59,15.0
0.8727291822433472,0.026193052530288696,0.0,1.5298206806182861,1.691847562789917,256.22,15.0
4.2719597816467285,4.6253461837768555,0.0,1.980491280555725,2.7093212604522705,230.79,29.0
5.132190704345703,3.8295068740844727,0.0,3.2585465908050537,3.4260194301605225,235.21,28.0
1.325650930404663,0.5701443552970886,0.0,1.3036038875579834,0.32226449251174927,233.55,28.0
2.0421700477600098,0.0,0.0,2.5417518615722656,1.183402180671692,237.33,28.0
3.9062585830688477,4.4918212890625,0.0,1.7975897789001465,2.875162363052368,231.44,29.0
0.9974446296691895,0.5206048488616943,0.0,1.1607062816619873,0.5387630462646484,234.24,28.0
4.762731552124023,3.6345691680908203,0.0,3.0059664249420166,3.572164297103882,235.31,27.0
1.8722405433654785,0.0,0.0,2.423781156539917,1.3127213716506958,238.2,28.0
2.5048842430114746,2.4487175941467285,0.0,1.4495105743408203,1.255681037902832,232.49,28.0
3.364203691482544,1.653916835784912,0.0,2.7278051376342773,1.975716471672058,237.06,28.0
2.135425090789795,2.253779172897339,0.0,1.1969308853149414,1.4018259048461914,233.12,28.0
2.9947450160980225,1.458978533744812,0.0,2.4752252101898193,2.121861457824707,236.98,28.0
1.325650930404663,0.5701443552970886,0.0,1.3036038875579834,0.32226449251174927,235.23,27.0
0.9974446296691895,0.5206048488616943,0.0,1.1607062816619873,0.5387630462646484,235.95,27.0
2.0421700477600098,0.0,0.0,2.5417518615722656,1.183402180671692,239.04,28.0
1.8722405433654785,0.0,0.0,2.423781156539917,1.3127213716506958,239.96,28.0
4.7573018074035645,4.120852470397949,0.0,2.5982956886291504,2.554860830307007,245.21,16.0
5.649172782897949,3.3182921409606934,0.0,3.9461634159088135,3.3748366832733154,251.09,15.0
2.1106364727020264,0.42949891090393066,0.0,2.0563290119171143,0.40282249450683594,247.37,15.0
2.9047374725341797,0.0,0.0,3.4043662548065186,1.3400951623916626,252.04,15.0
3.0384180545806885,1.9754825830459595,0.0,2.180844783782959,1.2475756406784058,247.79,15.0
2.1106364727020264,0.42949891090393066,0.0,2.0563290119171143,0.40282249450683594,249.68,15.0
3.8881912231445312,1.1166787147521973,0.0,3.429476499557495,2.0364530086517334,253.82,16.0
2.9047374725341797,0.0,0.0,3.4043662548065186,1.3400951623916626,254.39,15.0
4.453309059143066,3.970937728881836,0.0,2.501223564147949,2.7335104942321777,244.85,15.0
5.32557487487793,3.1615304946899414,0.0,3.8092973232269287,3.546889543533325,249.56,15.0
2.686569929122925,1.8692283630371094,0.0,1.9795247316360474,1.3835638761520386,247.01,15.0
3.526840925216675,0.9351378083229065,0.0,3.1981112957000732,2.1646487712860107,252.04,15.0
1.831686019897461,0.361613392829895,0.0,1.9841029644012451,0.6596499681472778,249.09,15.0
1.831686019897461,0.361613392829895,0.0,1.9841029644012451,0.6596499681472778,251.25,15.0
2.6116130352020264,0.0,0.0,3.1796514987945557,1.4727251529693604,253.54,15.0
2.6116127967834473,0.0,0.0,3.1796512603759766,1.4727251529693604,255.64,15.0
3.0839850902557373,4.226943016052246,0.0,0.8026925325393677,2.9619295597076416,232.22,28.0
3.217305898666382,3.980642795562744,0.0,1.320135474205017,3.6449313163757324,236.64,28.0
0.08887618780136108,0.16610245406627655,0.0,0.36800023913383484,0.6560507416725159,234.77,27.0
0.22649312019348145,0.0,0.0,0.8840926885604858,1.287308692932129,238.74,28.0
3.0693740844726562,4.179221153259277,0.0,0.8702954053878784,3.0838661193847656,232.64,29.0
0.08043816685676575,0.29156050086021423,0.0,0.45500725507736206,0.8052698373794556,235.57,28.0
3.101947069168091,4.025564193725586,0.0,1.256345510482788,3.691748857498169,236.58,28.0
0.14819982647895813,0.0926724523305893,0.0,0.8271237015724182,1.370593547821045,239.5,28.0
2.6304852962493896,4.206850051879883,0.0,0.31847071647644043,2.654498815536499,246.94,16.0
3.4948649406433105,3.4636659622192383,0.0,1.6708569526672363,3.5738155841827393,252.89,16.0
2.6347274780273438,4.082190036773682,0.0,0.4582316279411316,2.8291003704071045,246.5,15.0
3.458160638809204,3.308234214782715,0.0,1.7218947410583496,3.6998867988586426,251.03,15.0
0.0,0.6200529336929321,0.0,0.0,0.5518505573272705,249.05,15.0
0.0,0.5579240322113037,0.0,0.1353527307510376,0.7308863997459412,250.23,15.0
0.8001380562782288,0.0,0.0,1.3680527210235596,1.5110104084014893,253.74,15.0
0.789114236831665,0.0,0.0,1.4334770441055298,1.6630526781082153,255.12,15.0
1.4968883991241455,1.9472308158874512,0.0,0.5092970132827759,1.7151660919189453,234.05,28.0
1.432072639465332,1.8156778812408447,0.0,0.7714321613311768,2.3123230934143066,238.56,28.0
0.08887618780136108,0.16610245406627655,0.0,0.36800023913383484,0.6560507416725159,236.38,27.0
0.22649312019348145,0.0,0.0,0.8840926885604858,1.287308692932129,240.43,28.0
1.1135339736938477,2.0898399353027344,0.0,0.1436365842819214,1.43565034866333,249.62,16.0
0.0,0.6200529336929321,0.0,0.0,0.5518505573272705,251.31,15.0
1.8019919395446777,1.2618985176086426,0.0,1.3015060424804688,2.3356759548187256,255.42,15.0
0.8001380562782288,0.0,0.0,1.3680527210235596,1.5110104084014893,256.23,15.0
1.4564006328582764,1.9646981954574585,0.0,0.5347175598144531,1.784938097000122,234.45,28.0
1.316713809967041,1.8605992794036865,0.0,0.7076421976089478,2.359140634536743,238.27,28.0
1.1489365100860596,1.9741894006729126,0.0,0.2832266092300415,1.578218936920166,248.74,16.0
1.7068865299224854,1.3096824884414673,0.0,1.2687908411026,2.3989531993865967,253.47,15.0
0.08043816685676575,0.29156050086021423,0.0,0.45500725507736206,0.8052698373794556,237.35,28.0
0.0,0.5579240322113037,0.0,0.1353527307510376,0.7308863997459412,252.62,15.0
0.14819982647895813,0.0926724523305893,0.0,0.8271237015724182,1.370593547821045,241.23,28.0
0.7891143560409546,0.0,0.0,1.4334771633148193,1.6630525588989258,257.33,15.0
4.161306858062744,6.731517314910889,0.0,3.8612773418426514,3.5790162086486816,230.74,29.0
5.015804767608643,5.830924034118652,0.0,5.02113151550293,4.260033130645752,232.0,28.0
1.1660101413726807,2.635422706604004,0.0,3.2084789276123047,1.1575303077697754,233.45,29.0
1.8482656478881836,1.6906733512878418,0.0,4.370204448699951,2.025453805923462,234.27,28.0
3.796035051345825,6.6284565925598145,0.0,3.7115588188171387,3.759047746658325,231.0,29.0
0.837803840637207,2.5858829021453857,0.0,3.0655813217163086,1.3740288019180298,233.66,28.0
4.650533199310303,5.727863788604736,0.0,4.871413230895996,4.440064430236816,232.05,27.0
1.6578738689422607,1.758098840713501,0.0,4.3104143142700195,2.1854217052459717,234.87,28.0
2.3901724815368652,4.486865997314453,0.0,3.25321888923645,2.1032423973083496,232.22,29.0
3.2446706295013428,3.586272954940796,0.0,4.4130730628967285,2.784259080886841,233.54,28.0
2.0456809997558594,4.376185417175293,0.0,3.128261089324951,2.289644956588745,232.65,27.0
2.879398822784424,3.4832122325897217,0.0,4.263354778289795,2.9642906188964844,233.85,27.0
1.1660101413726807,2.635422706604004,0.0,3.2084789276123047,1.1575303077697754,235.16,28.0
0.837803840637207,2.5858829021453857,0.0,3.0655813217163086,1.3740288019180298,236.06,29.0
1.8482656478881836,1.6906733512878418,0.0,4.370204448699951,2.025453805923462,236.36,28.0
1.6578738689422607,1.758098840713501,0.0,4.3104143142700195,2.1854217052459717,237.1,28.0
3.1359028816223145,6.3701348304748535,0.0,2.935941457748413,3.9299123287200928,231.62,28.0
3.0676958560943604,5.927945613861084,0.0,3.059326648712158,4.439948558807373,232.64,28.0
0.0703580379486084,2.255082368850708,0.0,2.4959182739257812,1.574236512184143,233.43,28.0
0.017000645399093628,1.9146586656570435,0.0,2.653634786605835,2.0882508754730225,234.42,28.0
1.5606560707092285,3.9553349018096924,0.0,2.5715715885162354,2.566197395324707,233.0,28.0
0.0703580379486084,2.255082368850708,0.0,2.4959182739257812,1.574236512184143,234.87,28.0
1.2896842956542969,3.7110519409179688,0.0,2.4604341983795166,3.058917284011841,234.22,28.0
0.017000645399093628,1.9146586656570435,0.0,2.653634786605835,2.0882508754730225,235.85,28.0
3.1161460876464844,6.230284214019775,0.0,3.0226635932922363,4.068039894104004,231.63,27.0
2.948415994644165,6.051347255706787,0.0,3.0771830081939697,4.538601875305176,232.59,28.0
1.5256462097167969,3.961376428604126,0.0,2.670881986618042,2.694103717803955,232.99,27.0
1.2105753421783447,3.8360936641693115,0.0,2.5377087593078613,3.1494510173797607,234.25,28.0
0.0796264111995697,2.2456581592559814,0.0,2.596096992492676,1.7434431314468384,235.07,28.0
0.0796264111995697,2.2456581592559814,0.0,2.596096992492676,1.7434431314468384,236.53,29.0
0.0,2.091581344604492,0.0,2.678312301635742,2.2233712673187256,236.17,28.0
0.0,2.091581344604492,0.0,2.6783125400543213,2.2233712673187256,237.7,28.0
4.276428699493408,6.948136806488037,0.0,3.8343660831451416,3.5640640258789062,231.32,29.0
5.130926609039307,6.047544002532959,0.0,4.99422025680542,4.245080471038818,232.47,28.0
1.180518388748169,2.7067596912384033,0.0,3.1630518436431885,1.0435885190963745,233.23,28.0
1.8163537979125977,1.748587727546692,0.0,4.3250322341918945,1.959231972694397,234.38,28.0
3.9111568927764893,6.845076084136963,0.0,3.68464732170105,3.7440950870513916,231.76,29.0
0.8523120880126953,2.6572201251983643,0.0,3.0201544761657715,1.260087013244629,234.61,28.0
4.765655040740967,5.944483280181885,0.0,4.844501495361328,4.425111770629883,232.98,28.0
1.5558183193206787,1.7450144290924072,0.0,4.210472106933594,2.1353113651275635,235.91,28.0
3.230073928833008,6.281180381774902,0.0,2.9276371002197266,4.0154595375061035,233.0,29.0
3.0662543773651123,6.06014347076416,0.0,2.9778993129730225,4.488827705383301,234.06,28.0
3.1927385330200195,6.309468746185303,0.0,3.0288662910461426,4.1418070793151855,233.15,29.0
2.946974277496338,6.183544635772705,0.0,2.995755910873413,4.5874810218811035,234.13,28.0
0.06029653549194336,2.0554637908935547,0.0,2.472085475921631,1.5583693981170654,234.92,28.0
0.052952706813812256,2.204932451248169,0.0,2.5859732627868652,1.7164442539215088,235.79,28.0
0.0,1.9015744924545288,0.0,2.5536928176879883,2.0381410121917725,235.96,28.0
0.0,2.0784969329833984,0.0,2.5783703327178955,2.1732611656188965,236.74,28.0
2.526585578918457,4.695678234100342,0.0,3.251676321029663,2.094817638397217,233.42,28.0
3.340285539627075,3.7972519397735596,0.0,4.386268615722656,2.7893600463867188,234.47,29.0
1.180518388748169,2.7067596912384033,0.0,3.1630518436431885,1.0435885190963745,235.37,28.0
1.8163537979125977,1.748587727546692,0.0,4.3250322341918945,1.959231972694397,236.43,28.0
1.6439955234527588,3.9699857234954834,0.0,2.5722062587738037,2.64448618888855,234.56,28.0
0.06029653549194336,2.0554637908935547,0.0,2.472085475921631,1.5583693981170654,236.35,28.0
1.3215961456298828,3.832594394683838,0.0,2.419860363006592,3.116056203842163,235.78,28.0
0.0,1.9015744924545288,0.0,2.5536928176879883,2.0381410121917725,237.41,28.0
2.2361843585968018,4.565163612365723,0.0,3.1911680698394775,2.2978031635284424,233.43,29.0
2.994520902633667,3.699831247329712,0.0,4.236443042755127,2.949337959289551,234.75,28.0
1.5995862483978271,4.0659332275390625,0.0,2.6792733669281006,2.7660939693450928,234.65,29.0
1.2852952480316162,3.941939353942871,0.0,2.548142194747925,3.219714403152466,235.79,28.0
0.8523120880126953,2.6572201251983643,0.0,3.0201544761657715,1.260087013244629,236.31,28.0
0.052952706813812256,2.204932451248169,0.0,2.5859732627868652,1.7164442539215088,237.23,28.0
1.5558183193206787,1.7450144290924072,0.0,4.210472106933594,2.1353113651275635,237.36,28.0
0.0,2.0784969329833984,0.0,2.5783703327178955,2.1732611656188965,238.23,28.0
4.261527061462402,6.250631809234619,0.0,3.8248376846313477,3.601893663406372,246.0,28.0
5.116025447845459,5.350038051605225,0.0,4.984692096710205,4.282910346984863,249.99,28.0
1.3538117408752441,2.2810001373291016,0.0,3.1881563663482666,1.266574501991272,248.69,28.0
2.1101431846618652,1.3576695919036865,0.0,4.349475860595703,2.058347225189209,252.18,28.0
3.8962554931640625,6.1475701332092285,0.0,3.675119161605835,3.7819247245788574,246.81,28.0
1.0256054401397705,2.2314605712890625,0.0,3.0452587604522705,1.483073115348816,249.5,28.0
4.750753879547119,5.24697732925415,0.0,4.8349738121032715,4.462941646575928,250.24,28.0
1.9368584156036377,1.4424114227294922,0.0,4.303043842315674,2.214385747909546,252.84,28.0
2.4903931617736816,4.005980014801025,0.0,3.2167792320251465,2.126119613647461,247.69,28.0
3.34489107131958,3.10538649559021,0.0,4.376633644104004,2.807136297225952,251.74,28.0
2.1251211166381836,3.902918815612793,0.0,3.067060708999634,2.3061506748199463,248.34,28.0
2.9796197414398193,3.0023257732391357,0.0,4.226914882659912,2.9871675968170166,251.71,28.0
1.3538117408752441,2.2810001373291016,0.0,3.1881563663482666,1.266574501991272,250.05,28.0
1.0256054401397705,2.2314605712890625,0.0,3.0452587604522705,1.483073115348816,250.87,28.0
2.1101431846618652,1.3576695919036865,0.0,4.349475860595703,2.058347225189209,253.51,28.0
1.9368584156036377,1.4424114227294922,0.0,4.303043842315674,2.214385747909546,254.34,28.0
4.376649379730225,6.467250823974609,0.0,3.7979259490966797,3.5869410037994385,247.8,28.0
5.231147289276123,5.566657066345215,0.0,4.957779884338379,4.2679572105407715,251.85,28.0
1.3683199882507324,2.352337121963501,0.0,3.1427295207977295,1.152632713317871,249.58,28.0
2.0782310962677,1.4155843257904053,0.0,4.3043036460876465,1.9921256303787231,252.99,28.0
2.6055147647857666,4.222599029541016,0.0,3.1898677349090576,2.1111669540405273,249.44,28.0
1.3683199882507324,2.352337121963501,0.0,3.1427295207977295,1.152632713317871,251.01,28.0
3.4600131511688232,3.3220062255859375,0.0,4.349722385406494,2.7921838760375977,253.49,28.0
2.0782310962677,1.4155843257904053,0.0,4.3043036460876465,1.9921256303787231,254.47,28.0
4.011377334594727,6.364189624786377,0.0,3.648207664489746,3.766972303390503,247.61,28.0
4.865875720977783,5.463596820831299,0.0,4.8080620765686035,4.447988510131836,251.32,28.0
2.2402429580688477,4.119538307189941,0.0,3.040148973464966,2.291198253631592,249.41,28.0
3.0947415828704834,3.218945026397705,0.0,4.200003147125244,2.972215175628662,252.81,28.0
1.0401136875152588,2.302797555923462,0.0,2.9998319149017334,1.3691312074661255,250.28,28.0
1.0401136875152588,2.302797555923462,0.0,2.9998319149017334,1.3691312074661255,251.79,28.0
1.8348031044006348,1.4293267726898193,0.0,4.203101634979248,2.164275646209717,254.42,28.0
1.8348031044006348,1.4293267726898193,0.0,4.20310115814209,2.164275646209717,255.21,28.0
3.035651683807373,6.256534576416016,0.0,2.630409002304077,3.791008472442627,247.99,28.0
3.2381086349487305,5.686569690704346,0.0,3.053161859512329,4.368679523468018,251.93,28.0
0.07027673721313477,2.2715859413146973,0.0,2.2064337730407715,1.5085582733154297,249.72,28.0
0.28568723797798157,1.69746994972229,0.0,2.6547625064849854,2.11031436920166,253.12,28.0
2.9847350120544434,6.1076741218566895,0.0,2.717301607131958,3.9611690044403076,248.06,28.0
0.08758556842803955,2.1852564811706543,0.0,2.2999765872955322,1.6831527948379517,250.34,28.0
3.139819622039795,5.609195709228516,0.0,3.0536949634552,4.481399059295654,251.43,28.0
0.21377046406269073,1.7758939266204834,0.0,2.6709415912628174,2.2523353099823,254.07,28.0
3.142411708831787,6.171219825744629,0.0,2.622035503387451,3.863614559173584,249.04,28.0
3.2568986415863037,5.625256061553955,0.0,2.95503830909729,4.431116104125977,252.82,28.0
3.1226553916931152,6.031369686126709,0.0,2.708757162094116,4.001741886138916,248.9,28.0
3.1383779048919678,5.741393566131592,0.0,2.9722681045532227,4.530278205871582,252.28,28.0
0.06383457779884338,2.037348747253418,0.0,2.1796135902404785,1.4951165914535522,250.53,28.0
0.07786154747009277,1.982410192489624,0.0,2.275864839553833,1.6675118207931519,251.36,28.0
0.19392991065979004,1.5858865976333618,0.0,2.5463216304779053,2.0671050548553467,254.12,28.0
0.11171519756317139,1.7628093957901,0.0,2.5709993839263916,2.20222544670105,255.01,28.0
1.4647917747497559,3.8498992919921875,0.0,2.246166229248047,2.4293417930603027,250.07,28.0
1.4676756858825684,3.2813494205474854,0.0,2.4124743938446045,3.02250599861145,253.74,28.0
0.07027673721313477,2.2715859413146973,0.0,2.2064337730407715,1.5085582733154297,251.16,28.0
0.28568723797798157,1.69746994972229,0.0,2.6547625064849854,2.11031436920166,254.5,28.0
1.5604393482208252,3.745307207107544,0.0,2.2400684356689453,2.5147879123687744,250.6,28.0
0.06383457779884338,2.037348747253418,0.0,2.1796135902404785,1.4951165914535522,251.98,28.0
1.470099687576294,3.385324716567993,0.0,2.3305423259735107,3.071725606918335,254.42,28.0
0.19392991065979004,1.5858865976333618,0.0,2.5463216304779053,2.0671050548553467,255.32,28.0
1.4497768878936768,3.7896862030029297,0.0,2.351867914199829,2.5443968772888184,249.46,28.0
1.3595893383026123,3.388636827468872,0.0,2.4489991664886475,3.1052775382995605,252.87,28.0
1.5369138717651367,3.716947317123413,0.0,2.353048086166382,2.6309945583343506,250.48,28.0
1.358927845954895,3.5221235752105713,0.0,2.3696136474609375,3.1524298191070557,253.57,28.0
0.08758556842803955,2.1852564811706543,0.0,2.2999765872955322,1.6831527948379517,251.81,28.0
0.07786154747009277,1.982410192489624,0.0,2.275864839553833,1.6675118207931519,252.77,28.0
0.21377046406269073,1.7758939266204834,0.0,2.6709415912628174,2.2523353099823,255.43,28.0
0.11171528697013855,1.7628093957901,0.0,2.5709993839263916,2.2022252082824707,256.25,28.0
4.730092525482178,6.394794940948486,0.0,4.654670715332031,3.4445927143096924,244.92,16.0
5.601119041442871,5.312044143676758,0.0,5.793499946594238,4.142873764038086,247.47,16.0
1.991431474685669,2.5731775760650635,0.0,4.038261890411377,1.2711089849472046,248.02,16.0
2.730048894882202,1.5454285144805908,0.0,5.193340301513672,2.0974674224853516,248.9,16.0
4.383495330810547,6.113122463226318,0.0,4.489541530609131,3.6371376514434814,245.5,17.0
1.6684415340423584,2.5145390033721924,0.0,3.8881194591522217,1.486498475074768,249.05,16.0
5.237993240356445,5.212529182434082,0.0,5.649395942687988,4.318154335021973,246.32,16.0
2.433002471923828,1.5048987865447998,0.0,5.050271987915039,2.281932830810547,250.16,16.0
2.9618611335754395,4.091991424560547,0.0,4.0052080154418945,1.9898755550384521,247.25,16.0
3.7992372512817383,3.0165905952453613,0.0,5.104996681213379,2.7351620197296143,249.79,16.0
2.6027019023895264,4.062215328216553,0.0,3.8754115104675293,2.1460156440734863,247.43,17.0
3.441757917404175,2.9346115589141846,0.0,4.97641658782959,2.8965060710906982,248.43,17.0
1.991431474685669,2.5731775760650635,0.0,4.038261890411377,1.2711089849472046,250.12,16.0
1.6684415340423584,2.5145390033721924,0.0,3.8881194591522217,1.486498475074768,251.24,16.0
2.730048894882202,1.5454285144805908,0.0,5.193340301513672,2.0974674224853516,251.24,16.0
2.433002471923828,1.5048987865447998,0.0,5.050271987915039,2.281932830810547,252.27,16.0
2.8567147254943848,6.506850719451904,0.0,2.746337890625,3.6240813732147217,246.61,18.0
3.4248392581939697,5.589056491851807,0.0,3.5861763954162598,4.407687664031982,249.25,18.0
0.03453797101974487,2.872828722000122,0.0,2.376420259475708,1.4730833768844604,249.01,18.0
0.642248272895813,1.9221895933151245,0.0,3.2517340183258057,2.2693216800689697,250.24,18.0
1.2293280363082886,4.252331733703613,0.0,2.289804458618164,2.3097734451293945,248.71,18.0
0.03453797101974487,2.872828722000122,0.0,2.376420259475708,1.4730833768844604,251.02,18.0
1.6470153331756592,3.362516403198242,0.0,2.9436285495758057,3.044440507888794,251.3,18.0
0.642248272895813,1.9221895933151245,0.0,3.2517340183258057,2.2693216800689697,252.09,18.0
2.8128812313079834,6.430299758911133,0.0,2.84417986869812,3.758303165435791,246.65,18.0
3.337393283843994,5.512602806091309,0.0,3.604681968688965,4.50274658203125,247.87,18.0
1.2149155139923096,4.193114280700684,0.0,2.397082805633545,2.423494577407837,248.65,18.0
1.5577318668365479,3.3307526111602783,0.0,2.9616963863372803,3.135207414627075,249.83,18.0
0.05719110369682312,2.8671326637268066,0.0,2.4905190467834473,1.6232718229293823,249.83,18.0
0.05719110369682312,2.8671326637268066,0.0,2.4905190467834473,1.6232718229293823,251.91,18.0
0.5900304317474365,1.943947196006775,0.0,3.2766225337982178,2.3965554237365723,251.15,18.0
0.5900305509567261,1.9439470767974854,0.0,3.2766225337982178,2.3965556621551514,253.15,18.0
4.798927307128906,6.161955833435059,0.0,4.6240434646606445,3.4426724910736084,258.56,18.0
5.678652763366699,4.932312965393066,0.0,5.740241527557373,4.180327892303467,264.6,18.0
2.1498360633850098,2.5649631023406982,0.0,4.037513256072998,1.3531138896942139,260.33,19.0
2.9902594089508057,1.2283655405044556,0.0,5.17398738861084,2.129244089126587,264.99,19.0
4.4614105224609375,5.894183158874512,0.0,4.4680070877075195,3.6395819187164307,258.02,19.0
1.8435182571411133,2.3468611240386963,0.0,3.87361216545105,1.5796750783920288,261.44,19.0
5.3338494300842285,4.724431991577148,0.0,5.601538181304932,4.350692272186279,262.74,19.0
2.694627046585083,1.1780450344085693,0.0,5.029482841491699,2.3142356872558594,266.1,19.0
2.6207456588745117,6.417075157165527,0.0,2.250185489654541,3.4782817363739014,260.5,19.0
3.5695149898529053,5.425558090209961,0.0,3.5335500240325928,4.340325355529785,266.45,18.0
2.6291751861572266,6.384292125701904,0.0,2.492807626724243,3.686769723892212,259.76,19.0
3.4890735149383545,5.399597644805908,0.0,3.5737497806549072,4.441363334655762,264.47,20.0
0.0,2.964602470397949,0.0,2.002234935760498,1.3936879634857178,261.85,19.0
0.04237633943557739,2.9737558364868164,0.0,2.172966718673706,1.5701595544815063,262.95,19.0
0.8815093040466309,1.9356474876403809,0.0,3.2369191646575928,2.2941057682037354,266.52,19.0
0.8292915225028992,1.9574052095413208,0.0,3.2618072032928467,2.421339750289917,267.85,19.0
3.0223581790924072,3.9402503967285156,0.0,3.961324453353882,2.008572816848755,261.09,18.0
3.8871729373931885,2.5662729740142822,0.0,5.041071891784668,2.7763240337371826,267.04,18.0
2.1498360633850098,2.5649631023406982,0.0,4.037513256072998,1.3531138896942139,262.66,19.0
2.9902594089508057,1.2283655405044556,0.0,5.17398738861084,2.129244089126587,267.28,19.0
1.1269323825836182,4.232491493225098,0.0,1.9561353921890259,2.1704940795898438,262.68,19.0
0.0,2.964602470397949,0.0,2.002234935760498,1.3936879634857178,264.16,19.0
1.7986950874328613,3.2495107650756836,0.0,2.912696599960327,2.983057737350464,268.8,18.0
0.8815093040466309,1.9356474876403809,0.0,3.2369191646575928,2.2941057682037354,268.58,19.0
2.6870834827423096,3.6820242404937744,0.0,3.811816930770874,2.180717706680298,260.17,19.0
3.527245283126831,2.5438451766967773,0.0,4.911910057067871,2.9319493770599365,264.93,19.0
1.0872855186462402,4.165977954864502,0.0,2.063551902770996,2.3101565837860107,261.68,19.0
1.709411859512329,3.2177469730377197,0.0,2.9307644367218018,3.073824405670166,266.21,20.0
1.8435182571411133,2.3468611240386963,0.0,3.87361216545105,1.5796750783920288,263.72,19.0
0.04237633943557739,2.9737558364868164,0.0,2.172966718673706,1.5701595544815063,264.93,19.0
2.694627046585083,1.1780450344085693,0.0,5.029482841491699,2.3142356872558594,268.42,19.0
0.8292915225028992,1.9574050903320312,0.0,3.2618072032928467,2.421339750289917,269.52,19.0
4.863888740539551,6.432802677154541,0.0,4.6123480796813965,3.4421536922454834,245.79,18.0
5.7170209884643555,5.529952526092529,0.0,5.76862907409668,4.126194000244141,248.19,17.0
2.0147595405578613,2.5477681159973145,0.0,3.9864487648010254,1.164475440979004,248.42,18.0
2.698136568069458,1.6033432483673096,0.0,5.148168087005615,2.031245708465576,249.49,18.0
4.498616695404053,6.329741477966309,0.0,4.462629795074463,3.622184991836548,246.01,19.0
1.6865532398223877,2.4982285499572754,0.0,3.84355092048645,1.3809739351272583,249.53,18.0
5.353115081787109,5.429148197174072,0.0,5.62248420715332,4.303201675415039,247.26,18.0
2.401090621948242,1.5628135204315186,0.0,5.005099296569824,2.2157113552093506,250.6,18.0
3.0838401317596436,4.173422813415527,0.0,3.9809682369232178,1.9861118793487549,247.67,18.0
3.9151391983032227,3.234498977661133,0.0,5.08012580871582,2.718482494354248,250.37,17.0
2.7239437103271484,4.150243759155273,0.0,3.8518130779266357,2.1418092250823975,248.03,19.0
3.557976007461548,3.1448357105255127,0.0,4.951622009277344,2.8805649280548096,249.3,19.0
2.0147595405578613,2.5477681159973145,0.0,3.9864487648010254,1.164475440979004,250.45,18.0
1.6865532398223877,2.4982285499572754,0.0,3.84355092048645,1.3809739351272583,251.52,18.0
2.698136568069458,1.6033432483673096,0.0,5.148168087005615,2.031245708465576,251.25,18.0
2.401090621948242,1.5628135204315186,0.0,5.005099296569824,2.2157113552093506,252.5,18.0
4.9363532066345215,6.17320442199707,0.0,4.58442497253418,3.4443063735961914,260.17,18.0
5.806914806365967,5.032003879547119,0.0,5.705171585083008,4.17193078994751,266.11,18.0
2.18982195854187,2.315194845199585,0.0,3.9766390323638916,1.2649829387664795,261.69,19.0
2.9600141048431396,1.2703394889831543,0.0,5.127439498901367,2.0641393661499023,266.48,19.0
3.1638317108154297,3.8347678184509277,0.0,3.9210293292999268,2.017923593521118,262.22,18.0
2.18982195854187,2.315194845199585,0.0,3.9766390323638916,1.2649829387664795,263.79,19.0
4.005033016204834,2.7365505695343018,0.0,5.016668319702148,2.764218807220459,268.41,18.0
2.9600141048431396,1.2703394889831543,0.0,5.127439498901367,2.0641393661499023,268.38,19.0
4.598837375640869,5.848855495452881,0.0,4.426190376281738,3.645062208175659,259.26,19.0
5.449751853942871,4.94234037399292,0.0,5.576667308807373,4.334012985229492,264.17,20.0
2.8094308376312256,3.7594776153564453,0.0,3.7873055934906006,2.1772522926330566,261.36,19.0
3.6478700637817383,2.6468865871429443,0.0,4.888164520263672,2.9263010025024414,266.09,19.0
1.8716845512390137,2.2087559700012207,0.0,3.82259202003479,1.4837805032730103,262.6,19.0
1.8716845512390137,2.2087559700012207,0.0,3.82259202003479,1.4837805032730103,264.6,19.0
2.6629679203033447,1.2298099994659424,0.0,4.984371185302734,2.2486050128936768,267.32,19.0
2.6629679203033447,1.2298098802566528,0.0,4.984370708465576,2.2486047744750977,269.38,19.0
3.0271496772766113,6.36030387878418,0.0,2.7961161136627197,3.70426344871521,247.13,18.0
3.444409132003784,5.529032230377197,0.0,3.4900941848754883,4.4683966636657715,249.74,17.0
0.03421580791473389,2.510000705718994,0.0,2.3529129028320312,1.4703878164291382,249.6,18.0
0.5640839338302612,1.6468505859375,0.0,3.137821912765503,2.237767457962036,250.61,18.0
2.930387496948242,6.217731952667236,0.0,2.8390939235687256,3.836899518966675,247.31,18.0
0.05686897039413452,2.5043046474456787,0.0,2.4670121669769287,1.62057626247406,250.75,18.0
3.3578901290893555,5.4300336837768555,0.0,3.5088202953338623,4.5656208992004395,248.58,18.0
0.504249632358551,1.7051464319229126,0.0,3.1716129779815674,2.3639962673187256,251.8,18.0
2.834242820739746,6.280003070831299,0.0,2.2997453212738037,3.513662815093994,261.57,19.0
3.5931975841522217,5.304053783416748,0.0,3.4419429302215576,4.408829212188721,267.59,18.0
2.7774300575256348,6.181181907653809,0.0,2.491424798965454,3.737136125564575,260.69,19.0
3.513976812362671,5.209845542907715,0.0,3.478937864303589,4.51453161239624,265.42,19.0
0.0,2.602787494659424,0.0,1.9825915098190308,1.3927853107452393,262.94,19.0
0.042054176330566406,2.6109280586242676,0.0,2.1494598388671875,1.567463994026184,263.82,19.0
0.8058055639266968,1.6004605293273926,0.0,3.1235928535461426,2.268299102783203,267.51,19.0
0.7535877227783203,1.622218370437622,0.0,3.148481607437134,2.3955330848693848,268.55,19.0
1.3324114084243774,4.037612438201904,0.0,2.2869932651519775,2.405425786972046,249.34,18.0
1.6719250679016113,3.172611951828003,0.0,2.848818063735962,3.1176230907440186,251.79,17.0
0.03421580791473389,2.510000705718994,0.0,2.3529129028320312,1.4703878164291382,251.52,18.0
0.5640839338302612,1.6468505859375,0.0,3.137821912765503,2.237767457962036,252.68,18.0
1.2272238731384277,4.014946460723877,0.0,1.951143503189087,2.2667877674102783,263.59,19.0
0.0,2.602787494659424,0.0,1.9825915098190308,1.3927853107452393,264.74,19.0
1.8236050605773926,3.0596060752868652,0.0,2.8178863525390625,3.0562403202056885,269.47,18.0
0.8058055639266968,1.6004605293273926,0.0,3.1235928535461426,2.268299102783203,269.47,19.0
1.3152070045471191,3.975569248199463,0.0,2.3920912742614746,2.5197885036468506,249.36,18.0
1.565351963043213,3.3062217235565186,0.0,2.881154775619507,3.1968040466308594,250.43,18.0
1.2128113508224487,3.955728769302368,0.0,2.058422088623047,2.3805091381073,262.11,19.0
1.7343218326568604,3.0278427600860596,0.0,2.835953950881958,3.1470072269439697,267.17,19.0
0.05686897039413452,2.5043046474456787,0.0,2.4670121669769287,1.62057626247406,252.45,18.0
0.042054176330566406,2.6109280586242676,0.0,2.1494598388671875,1.567463994026184,265.82,19.0
0.504249632358551,1.7051464319229126,0.0,3.1716129779815674,2.3639962673187256,253.67,18.0
0.7535877227783203,1.6222184896469116,0.0,3.148481845855713,2.3955330848693848,270.4,19.0
