ArnrMaxFrames,Threads,constantBitrate,goodQuality,Performance-,Energy-,Cpu-
0,1,0,0,8190.6,355.2,29.555556
0,2,0,0,6502.4,274.6,38.810952
0,3,0,0,5856.2,284.0,41.778
0,4,0,0,5661.0,273.0,42.725333
0,1,0,0,8250.6,339.0,30.599444
0,2,0,0,6592.6,287.6,38.687143
0,3,0,0,5863.0,283.6,45.326667
0,4,0,0,5409.0,272.4,42.23
0,1,0,0,8265.8,331.6,29.898333
0,2,0,0,6649.2,271.8,38.860476
0,3,0,0,5948.8,313.8,44.006762
0,4,0,0,5656.6,299.0,45.346
5,1,0,0,8290.2,336.4,30.040278
5,2,0,0,6439.6,274.2,39.874286
5,3,0,0,5871.6,315.2,45.263334
5,4,0,0,5569.0,275.0,46.604
5,1,0,0,8330.8,336.2,31.014722
5,2,0,0,6501.4,314.2,38.538571
5,3,0,0,5848.2,316.8,42.215333
5,4,0,0,5589.2,248.8,47.823333
5,1,0,0,8219.8,363.2,27.4425
5,2,0,0,6419.0,311.0,37.072857
5,3,0,0,6111.4,299.6,45.149047
5,4,0,0,5640.0,286.6,43.708
15,1,0,0,8216.8,321.2,30.175278
15,2,0,0,6447.8,256.2,40.30381
15,3,0,0,5960.0,320.2,46.035238
15,4,0,0,5626.0,292.2,47.797333
15,1,0,0,8375.4,317.2,30.359167
15,2,0,0,6255.0,260.8,37.885714
15,3,0,0,5969.6,306.8,44.51
15,4,0,0,5690.8,280.6,47.523333
15,1,0,0,8131.0,318.6,28.719722
15,2,0,0,6454.4,266.4,37.897619
15,3,0,0,5781.0,273.8,39.479333
15,4,0,0,5526.6,243.8,42.888
0,1,0,0,8303.8,328.8,28.346667
0,2,0,0,6471.6,304.6,36.636667
0,3,0,0,5881.2,298.6,45.039333
0,4,0,0,5631.2,284.0,48.195333
0,1,0,0,8056.6,339.0,29.971111
0,2,0,0,6504.2,306.4,37.962381
0,3,0,0,5717.2,275.0,43.668667
0,4,0,0,5547.4,286.2,45.610667
0,1,0,0,8258.2,317.8,30.566667
0,2,0,0,6487.8,283.8,40.742857
0,3,0,0,5901.2,319.4,42.352
0,4,0,0,5654.0,297.0,45.735333
5,1,0,0,8351.8,357.8,29.036667
5,2,0,0,6570.0,331.6,39.347143
5,3,0,0,5873.6,269.4,43.264667
5,4,0,0,5521.8,278.0,47.202
5,1,0,0,8223.8,311.4,26.845
5,2,0,0,6454.8,313.2,40.004762
5,3,0,0,5978.4,290.8,43.548
5,4,0,0,5743.0,313.4,44.930667
5,1,0,0,8196.2,330.8,30.2825
5,2,0,0,6210.6,254.2,41.748572
5,3,0,0,5980.0,262.2,46.146667
5,4,0,0,5607.8,285.0,46.586667
15,1,0,0,8323.2,321.2,28.713056
15,2,0,0,6351.8,279.8,40.871905
15,3,0,0,5843.2,280.6,45.53
15,4,0,0,5557.2,227.0,42.243333
15,1,0,0,8366.8,328.8,29.707222
15,2,0,0,6546.8,269.0,37.534762
15,3,0,0,5930.2,270.8,44.463333
15,4,0,0,5407.2,269.4,47.008
15,1,0,0,8211.2,370.8,28.953611
15,2,0,0,6622.4,301.0,40.741429
15,3,0,0,5908.4,274.6,42.752667
15,4,0,0,5628.4,256.4,47.028667
0,1,0,0,8351.8,335.4,32.377778
0,2,0,0,6492.6,278.6,39.638571
0,3,0,0,5806.8,296.6,42.844
0,4,0,0,5440.6,238.6,45.796667
0,1,0,0,8289.8,339.4,32.357778
0,2,0,0,6461.4,259.2,39.661905
0,3,0,0,6042.2,266.2,41.723333
0,4,0,0,5618.0,262.2,47.586667
0,1,0,0,8228.2,302.4,31.030556
0,2,0,0,6313.8,305.4,37.1
0,3,0,0,5748.0,264.0,45.011333
0,4,0,0,5650.0,289.8,47.038667
5,1,0,0,8309.2,325.0,29.184167
5,2,0,0,6560.4,281.8,39.700476
5,3,0,0,5920.0,269.0,43.341524
5,4,0,0,5373.2,229.0,43.954
5,1,0,0,8384.8,346.6,31.936945
5,2,0,0,6498.4,274.0,36.436667
5,3,0,0,5951.6,265.2,45.373333
5,4,0,0,5616.2,250.4,48.594
5,1,0,0,8187.0,333.0,28.559444
5,2,0,0,6337.6,290.4,41.868572
5,3,0,0,5841.2,284.2,45.29
5,4,0,0,5621.0,286.0,46.860667
15,1,0,0,8221.0,333.4,31.066944
15,2,0,0,6510.0,293.8,39.310952
15,3,0,0,6058.2,311.8,41.381048
15,4,0,0,5579.8,282.4,46.61
15,1,0,0,8182.4,338.6,31.606389
15,2,0,0,6422.8,262.2,39.469524
15,3,0,0,6043.2,304.4,46.498571
15,4,0,0,5449.8,275.4,43.312
15,1,0,0,8263.4,321.6,28.495
15,2,0,0,6338.4,267.0,37.818572
15,3,0,0,5988.2,286.8,45.413333
15,4,0,0,5714.6,253.0,46.919333
0,1,0,0,8365.8,310.6,29.953889
0,2,0,0,6389.0,307.4,40.394286
0,3,0,0,5890.0,306.2,45.07
0,4,0,0,5479.4,271.8,46.834
0,1,0,0,8313.8,321.4,30.236944
0,2,0,0,6515.6,272.6,41.429524
0,3,0,0,5801.2,272.8,40.796
0,4,0,0,5435.2,225.8,44.721333
0,1,0,0,8316.0,338.4,30.279167
0,2,0,0,6486.2,302.8,36.623333
0,3,0,0,5961.8,308.8,41.328667
0,4,0,0,5574.4,237.4,46.939333
5,1,0,0,8206.0,319.8,30.44
5,2,0,0,6468.0,288.8,40.266191
5,3,0,0,5871.2,265.4,43.212
5,4,0,0,5639.0,249.6,44.509333
5,1,0,0,8289.8,328.0,29.1225
5,2,0,0,6504.6,274.2,40.478095
5,3,0,0,5973.0,270.2,41.943333
5,4,0,0,5511.0,255.6,47.229333
5,1,0,0,8355.6,339.8,31.0025
5,2,0,0,6401.0,264.2,39.201428
5,3,0,0,5859.8,270.6,42.796667
5,4,0,0,5599.6,243.8,45.528667
15,1,0,0,8308.2,314.4,29.422222
15,2,0,0,6461.8,301.0,39.808095
15,3,0,0,6073.2,280.8,43.535905
15,4,0,0,5853.0,256.8,46.396476
15,1,0,0,8386.6,375.0,29.872222
15,2,0,0,6252.8,281.8,41.7
15,3,0,0,5856.2,296.2,41.673333
15,4,0,0,5593.2,283.2,46.311334
15,1,0,0,8318.8,359.4,30.976389
15,2,0,0,6425.0,281.6,41.871428
15,3,0,0,6109.0,272.4,44.964286
15,4,0,0,5433.4,224.4,43.720667
0,1,0,0,8257.0,330.6,30.163611
0,2,0,0,6462.8,290.4,39.414286
0,3,0,0,5958.0,266.4,43.95
0,4,0,0,5339.2,266.8,46.548
0,1,0,0,8323.2,336.2,31.136667
0,2,0,0,6550.6,279.4,40.808572
0,3,0,0,5851.8,262.0,40.466
0,4,0,0,5636.8,267.6,47.834
0,1,0,0,8336.6,323.6,31.045
0,2,0,0,6448.2,274.2,36.766667
0,3,0,0,6051.0,298.2,44.794762
0,4,0,0,5687.4,300.6,47.83
5,1,0,0,8277.8,338.6,30.048889
5,2,0,0,6430.6,302.2,39.977619
5,3,0,0,5895.2,309.0,43.303333
5,4,0,0,5416.6,247.8,46.854
5,1,0,0,8410.4,356.8,30.613889
5,2,0,0,6473.0,278.2,41.462857
5,3,0,0,5849.8,266.4,45.71
5,4,0,0,5562.2,263.8,46.807333
5,1,0,0,8265.0,330.2,28.741944
5,2,0,0,6475.4,300.0,39.313809
5,3,0,0,6003.8,316.0,41.443333
5,4,0,0,5724.2,264.6,47.314
15,1,0,0,8250.2,325.8,29.846667
15,2,0,0,6409.0,308.0,40.568571
15,3,0,0,5704.6,282.4,42.766
15,4,0,0,5577.8,281.0,48.263333
15,1,0,0,8366.0,339.8,31.476667
15,2,0,0,6692.0,280.6,40.628571
15,3,0,0,5879.2,271.8,46.47
15,4,0,0,5720.8,305.8,46.693333
15,1,0,0,8190.0,341.2,29.9375
15,2,0,0,6406.8,280.0,41.331429
15,3,0,0,5934.2,266.0,44.53
15,4,0,0,5602.0,264.0,44.777333
0,1,0,0,8265.6,315.6,30.977778
0,2,0,0,6519.0,285.6,40.12
0,3,0,0,5822.6,288.0,46.036667
0,4,0,0,5653.0,284.4,47.633333
0,1,0,0,8209.6,337.4,28.258611
0,2,0,0,6547.4,296.6,40.801428
0,3,0,0,5829.6,272.8,43.526667
0,4,0,0,5697.2,250.6,45.745333
0,1,0,0,8211.8,330.6,32.300833
0,2,0,0,6350.4,286.8,40.628571
0,3,0,0,6017.4,274.0,42.345333
0,4,0,0,5700.0,255.6,45.556
5,1,0,0,8104.0,328.0,31.578056
5,2,0,0,6552.2,313.4,37.876667
5,3,0,0,5856.6,312.0,42.472667
5,4,0,0,5649.0,274.0,47.960667
5,1,0,0,8302.2,363.6,29.734167
5,2,0,0,6516.8,312.8,38.304286
5,3,0,0,5841.6,292.8,45.946667
5,4,0,0,5729.2,242.8,43.212667
5,1,0,0,8261.0,319.2,32.600556
5,2,0,0,6479.0,269.8,42.017143
5,3,0,0,5810.8,273.8,46.39
5,4,0,0,5806.2,267.2,46.068
15,1,0,0,8303.4,327.2,29.813056
15,2,0,0,6576.8,296.0,41.417143
15,3,0,0,5778.8,290.4,43.963333
15,4,0,0,5595.0,251.4,44.365333
15,1,0,0,8246.8,345.4,31.817778
15,2,0,0,6393.8,251.6,39.792857
15,3,0,0,5911.6,269.6,44.254
15,4,0,0,5402.0,231.0,44.434667
15,1,0,0,8283.8,334.6,28.4675
15,2,0,0,6677.8,289.4,38.325238
15,3,0,0,5828.4,290.8,46.883333
15,4,0,0,5624.2,298.6,43.936667
0,1,1,0,7938.6,358.0,31.001429
0,2,1,0,6292.0,292.2,39.543809
0,3,1,0,5820.4,298.6,40.771333
0,4,1,0,5665.2,297.2,47.404
0,1,1,0,8001.4,345.6,31.91
0,2,1,0,6408.8,305.8,40.218571
0,3,1,0,5832.2,293.2,45.176666
0,4,1,0,5477.0,266.8,45.200667
0,1,1,0,7964.6,319.8,30.6875
0,2,1,0,6294.4,265.4,41.308095
0,3,1,0,5866.2,266.6,43.903333
0,4,1,0,5394.4,260.2,46.744667
5,1,1,0,7836.2,316.8,27.336072
5,2,1,0,6293.6,272.2,40.908095
5,3,1,0,5866.4,276.0,44.44
5,4,1,0,5640.2,239.4,44.556476
5,1,1,0,7921.0,320.4,31.1475
5,2,1,0,6549.6,273.2,37.663333
5,3,1,0,5735.4,280.2,45.2
5,4,1,0,5420.6,247.2,45.067333
5,1,1,0,8037.8,298.6,30.325
5,2,1,0,6338.2,264.6,39.784286
5,3,1,0,5653.0,284.4,43.242667
5,4,1,0,5491.8,281.4,43.660667
15,1,1,0,7986.2,327.6,31.725675
15,2,1,0,6175.0,276.2,38.703333
15,3,1,0,5510.2,247.6,45.573333
15,4,1,0,5412.6,268.6,44.920667
15,1,1,0,7677.8,317.2,32.65
15,2,1,0,6455.8,285.4,41.911429
15,3,1,0,5718.2,268.2,40.906667
15,4,1,0,5431.0,271.2,45.644667
15,1,1,0,7949.6,322.0,33.3275
15,2,1,0,6370.8,296.2,38.022857
15,3,1,0,5617.8,272.6,44.57
15,4,1,0,5479.0,240.4,48.038
0,1,1,0,7824.4,327.4,30.710357
0,2,1,0,6315.8,259.0,40.540476
0,3,1,0,5563.4,229.0,45.1
0,4,1,0,5412.6,246.0,44.487333
0,1,1,0,7970.6,333.8,31.215
0,2,1,0,6311.6,280.6,40.954286
0,3,1,0,5701.8,257.6,42.260667
0,4,1,0,5372.6,246.8,46.12
0,1,1,0,7998.0,319.2,29.641429
0,2,1,0,6348.0,277.4,37.609524
0,3,1,0,5620.2,241.6,46.796667
0,4,1,0,5459.0,287.6,46.998
5,1,1,0,7855.4,359.6,29.206429
5,2,1,0,6359.2,261.0,40.603809
5,3,1,0,5844.4,310.8,43.628666
5,4,1,0,5418.8,280.4,44.124
5,1,1,0,7859.4,330.2,33.1675
5,2,1,0,6054.4,275.0,38.553333
5,3,1,0,5669.6,288.8,40.261333
5,4,1,0,5443.8,286.0,46.471333
5,1,1,0,7910.0,325.8,32.63
5,2,1,0,6452.6,292.0,37.677619
5,3,1,0,5541.0,255.6,43.870667
5,4,1,0,5218.2,260.2,46.292
15,1,1,0,7974.6,335.6,30.800286
15,2,1,0,6098.2,280.4,42.183333
15,3,1,0,5657.4,267.2,41.885333
15,4,1,0,5289.8,278.6,41.788
15,1,1,0,7813.6,323.8,29.493214
15,2,1,0,6306.2,267.4,38.961429
15,3,1,0,5722.2,249.2,45.11
15,4,1,0,5460.8,243.0,45.544667
15,1,1,0,8003.8,330.4,30.013809
15,2,1,0,6354.2,270.8,41.594286
15,3,1,0,5759.4,246.4,41.214
15,4,1,0,5482.4,233.8,45.003333
0,1,1,0,7874.6,318.6,31.9525
0,2,1,0,6240.6,305.8,39.311905
0,3,1,0,5835.0,300.2,44.348095
0,4,1,0,5499.6,244.8,46.376667
0,1,1,0,8059.8,320.8,32.128889
0,2,1,0,6326.8,272.8,39.731905
0,3,1,0,5773.8,272.6,41.571333
0,4,1,0,5512.2,243.8,44.63
0,1,1,0,7880.2,315.6,31.4725
0,2,1,0,6272.4,261.2,37.712857
0,3,1,0,5685.4,238.2,44.326667
0,4,1,0,5456.0,265.4,48.426667
5,1,1,0,7914.0,325.6,28.896071
5,2,1,0,6284.8,283.4,37.982857
5,3,1,0,5666.4,239.4,44.914667
5,4,1,0,5457.6,227.6,46.306
5,1,1,0,7924.8,336.6,30.6575
5,2,1,0,6246.0,275.6,40.854286
5,3,1,0,5726.0,256.8,40.416
5,4,1,0,5469.6,257.4,45.796
5,1,1,0,7891.6,326.6,32.3975
5,2,1,0,6334.0,275.4,38.244762
5,3,1,0,5609.8,276.8,42.814
5,4,1,0,5251.2,274.6,45.588
15,1,1,0,7957.6,327.0,29.812857
15,2,1,0,6361.0,277.0,40.169048
15,3,1,0,5633.2,254.6,43.336667
15,4,1,0,5739.6,274.8,44.496191
15,1,1,0,7771.4,332.4,31.035357
15,2,1,0,6344.2,260.0,38.462857
15,3,1,0,5736.0,252.6,44.335333
15,4,1,0,5496.0,247.4,47.569333
15,1,1,0,7946.8,328.2,28.546071
15,2,1,0,6360.4,306.8,38.982857
15,3,1,0,5700.4,257.0,47.076667
15,4,1,0,5346.2,266.4,46.701333
0,1,1,0,7807.2,318.6,28.1325
0,2,1,0,6338.6,272.0,38.990476
0,3,1,0,5679.2,248.8,44.039333
0,4,1,0,5224.6,261.0,46.182667
0,1,1,0,7879.8,327.0,32.228333
0,2,1,0,6310.8,268.4,38.078095
0,3,1,0,5710.8,269.6,40.892
0,4,1,0,5385.4,272.6,43.729333
0,1,1,0,7896.0,329.8,31.7125
0,2,1,0,6118.6,284.0,40.674762
0,3,1,0,5451.6,279.4,42.988
0,4,1,0,5465.2,279.0,46.232
5,1,1,0,7926.6,329.0,31.839167
5,2,1,0,6260.4,271.0,37.774762
5,3,1,0,5818.4,295.0,43.121333
5,4,1,0,5499.4,266.0,46.342
5,1,1,0,7832.2,326.4,28.668928
5,2,1,0,6471.2,310.4,37.916667
5,3,1,0,5841.8,273.0,45.676667
5,4,1,0,5538.4,238.8,44.464667
5,1,1,0,7892.8,340.8,29.903214
5,2,1,0,6398.6,267.2,40.605714
5,3,1,0,5618.2,272.0,41.256667
5,4,1,0,5370.8,276.8,46.990667
15,1,1,0,7926.4,317.2,33.0825
15,2,1,0,6189.4,252.8,37.146667
15,3,1,0,5678.6,232.8,44.037333
15,4,1,0,5429.6,240.0,46.174
15,1,1,0,7890.2,332.0,28.929524
15,2,1,0,6281.0,265.0,39.130476
15,3,1,0,5680.0,268.0,41.24
15,4,1,0,5406.8,231.8,44.219333
15,1,1,0,7986.6,315.4,31.081111
15,2,1,0,6237.0,263.6,41.485714
15,3,1,0,5828.6,286.2,41.596286
15,4,1,0,5456.0,287.8,43.242
0,1,1,0,7870.0,320.6,32.3425
0,2,1,0,6418.6,272.0,37.936667
0,3,1,0,5803.2,262.8,41.716
0,4,1,0,5936.2,276.8,46.718571
0,1,1,0,7876.2,356.4,29.987857
0,2,1,0,6292.4,306.6,41.496191
0,3,1,0,5673.2,256.6,44.351333
0,4,1,0,5448.0,229.0,47.203333
0,1,1,0,8047.2,317.8,30.376667
0,2,1,0,6442.6,263.6,40.391429
0,3,1,0,5751.2,289.2,44.62
0,4,1,0,5356.4,275.8,45.042667
5,1,1,0,7842.8,326.0,33.225
5,2,1,0,6140.8,308.0,40.580476
5,3,1,0,5494.0,217.6,41.388
5,4,1,0,5437.4,289.6,45.548667
5,1,1,0,7779.4,333.0,32.1425
5,2,1,0,6313.4,258.6,37.333333
5,3,1,0,5923.4,266.6,41.966667
5,4,1,0,5461.4,282.6,42.310667
5,1,1,0,7883.8,312.2,29.648214
5,2,1,0,6185.4,279.6,40.844762
5,3,1,0,5577.4,282.8,40.282667
5,4,1,0,5206.2,256.6,44.298
15,1,1,0,7878.8,332.2,32.1025
15,2,1,0,6363.2,258.8,40.210476
15,3,1,0,5646.8,252.2,45.02
15,4,1,0,5601.6,239.4,43.584667
15,1,1,0,7900.6,318.6,31.8425
15,2,1,0,6348.8,278.0,40.671429
15,3,1,0,5794.0,247.4,39.560667
15,4,1,0,5239.8,232.0,42.272
15,1,1,0,7877.6,331.0,30.9925
15,2,1,0,6357.0,313.2,38.145714
15,3,1,0,5680.8,281.2,45.430952
15,4,1,0,5345.0,245.8,46.142
0,1,1,0,7865.2,368.6,28.976786
0,2,1,0,6260.8,301.6,38.5
0,3,1,0,5827.0,259.8,42.234667
0,4,1,0,5567.4,276.4,45.448667
0,1,1,0,7879.4,330.8,32.125
0,2,1,0,6257.2,263.6,38.712857
0,3,1,0,5963.8,258.0,42.976191
0,4,1,0,5563.6,270.8,47.643333
0,1,1,0,7974.4,329.6,28.107857
0,2,1,0,6373.6,309.6,38.891905
0,3,1,0,5744.8,250.2,40.267333
0,4,1,0,5415.0,227.6,47.038
5,1,1,0,7983.0,310.6,27.913571
5,2,1,0,6270.4,268.0,41.377619
5,3,1,0,5749.8,292.2,41.844666
5,4,1,0,5385.4,256.2,48.363333
5,1,1,0,7874.2,313.2,31.4825
5,2,1,0,6362.0,276.0,38.366191
5,3,1,0,5716.8,247.6,42.391333
5,4,1,0,5419.8,251.0,47.916667
5,1,1,0,7943.0,321.6,32.185278
5,2,1,0,6376.2,275.0,40.057143
5,3,1,0,5572.2,232.0,44.261333
5,4,1,0,5409.2,279.4,46.554667
15,1,1,0,7877.6,319.8,29.6175
15,2,1,0,6311.8,285.0,41.689524
15,3,1,0,5484.8,252.0,45.8
15,4,1,0,5615.8,241.8,46.513333
15,1,1,0,7857.8,340.2,29.223571
15,2,1,0,6351.0,262.6,38.959048
15,3,1,0,5779.8,262.2,43.707048
15,4,1,0,5429.6,242.2,47.012
15,1,1,0,8081.6,315.8,29.6
15,2,1,0,6412.2,269.2,39.509047
15,3,1,0,5424.0,245.0,43.97
15,4,1,0,5380.2,233.2,42.544
0,1,0,1,44692.2,1609.8,27.048889
0,2,0,1,25137.4,1106.0,47.1632
0,3,0,1,19557.8,1006.4,63.54779
0,4,0,1,16519.6,940.0,79.18
0,1,0,1,45447.8,1641.4,26.704696
0,2,0,1,25476.4,1160.0,47.810277
0,3,0,1,19372.8,1000.0,64.467
0,4,0,1,16250.8,900.8,78.82375
0,1,0,1,44889.2,1622.0,26.714445
0,2,0,1,25623.8,1149.8,47.679815
0,3,0,1,19510.0,986.0,64.237789
0,4,0,1,16378.6,923.8,78.496618
5,1,0,1,44718.8,1653.0,26.545313
5,2,0,1,25460.8,1113.4,48.077139
5,3,0,1,19362.0,1000.8,64.562
5,4,0,1,16462.0,920.6,79.285221
5,1,0,1,45337.0,1684.6,26.191555
5,2,0,1,25516.2,1146.2,47.886185
5,3,0,1,19303.6,978.2,64.607
5,4,0,1,16315.2,916.6,78.980294
5,1,0,1,44417.2,1599.4,26.323353
5,2,0,1,25475.0,1119.2,47.587046
5,3,0,1,19546.2,1041.8,64.339211
5,4,0,1,15788.4,903.0,78.498083
15,1,0,1,44590.2,1599.4,26.873909
15,2,0,1,25516.4,1129.0,47.703662
15,3,0,1,19445.4,1032.6,64.095
15,4,0,1,16442.8,957.6,78.776176
15,1,0,1,45357.2,1632.8,27.033343
15,2,0,1,25469.0,1152.4,47.576615
15,3,0,1,19455.2,1005.8,64.259
15,4,0,1,16238.8,904.6,79.040221
15,1,0,1,44824.6,1592.0,26.113182
15,2,0,1,25501.4,1145.2,48.206923
15,3,0,1,19524.6,1009.2,64.548
15,4,0,1,16236.8,946.0,79.124559
0,1,0,1,44631.8,1611.6,26.658606
0,2,0,1,25492.2,1129.6,47.909077
0,3,0,1,19462.6,1015.8,64.223211
0,4,0,1,16448.0,936.4,79.476397
0,1,0,1,45312.2,1650.4,27.016966
0,2,0,1,25494.2,1125.4,48.120308
0,3,0,1,18914.2,982.0,64.210527
0,4,0,1,16225.8,951.4,79.035368
0,1,0,1,44860.0,1613.0,26.626626
0,2,0,1,25595.2,1146.6,47.675354
0,3,0,1,18992.2,959.6,64.086316
0,4,0,1,15822.2,897.0,78.680667
5,1,0,1,44706.2,1630.4,26.90198
5,2,0,1,25616.8,1158.4,47.733908
5,3,0,1,19434.0,999.0,64.386053
5,4,0,1,15925.6,909.4,78.620917
5,1,0,1,45353.6,1664.0,26.944957
5,2,0,1,25359.4,1113.8,48.091292
5,3,0,1,19369.6,1001.6,64.105789
5,4,0,1,16284.6,947.2,78.851324
5,1,0,1,44962.6,1631.2,26.859833
5,2,0,1,25516.0,1169.6,47.795292
5,3,0,1,19499.8,1016.6,64.392895
5,4,0,1,15704.8,941.0,78.88875
15,1,0,1,44631.0,1630.2,26.639717
15,2,0,1,25135.8,1098.4,47.606062
15,3,0,1,19399.0,1008.8,63.833579
15,4,0,1,16424.8,930.2,79.565441
15,1,0,1,45241.6,1618.4,26.584688
15,2,0,1,25470.2,1139.8,48.173077
15,3,0,1,19259.8,1010.6,64.586842
15,4,0,1,16289.6,923.4,78.982059
15,1,0,1,44976.2,1602.8,27.008
15,2,0,1,25515.2,1136.8,48.100769
15,3,0,1,19604.2,1014.4,64.377
15,4,0,1,16282.2,929.0,79.293162
0,1,0,1,44624.0,1650.6,26.606515
0,2,0,1,25604.8,1132.8,48.080769
0,3,0,1,19465.6,1010.6,64.586
0,4,0,1,16516.2,937.2,78.955956
0,1,0,1,45391.0,1670.0,26.385672
0,2,0,1,25378.0,1150.0,48.223846
0,3,0,1,19330.6,987.2,64.331789
0,4,0,1,16266.8,906.8,79.159338
0,1,0,1,44893.6,1629.8,26.789334
0,2,0,1,25636.8,1149.2,48.123077
0,3,0,1,19599.2,995.2,63.934105
0,4,0,1,16336.0,935.2,78.977868
5,1,0,1,44530.8,1614.8,26.807414
5,2,0,1,25518.0,1177.0,48.202308
5,3,0,1,19499.0,1011.0,64.261158
5,4,0,1,16037.2,928.2,78.89625
5,1,0,1,45385.4,1677.4,26.715782
5,2,0,1,25631.4,1123.4,46.836369
5,3,0,1,19308.2,1003.2,64.319421
5,4,0,1,16242.4,922.2,78.82875
5,1,0,1,44931.2,1618.0,26.889111
5,2,0,1,25534.4,1176.8,48.192831
5,3,0,1,19479.0,1015.4,64.796
5,4,0,1,16296.2,923.2,78.966985
15,1,0,1,44593.0,1616.8,26.53096
15,2,0,1,25585.0,1158.4,48.083754
15,3,0,1,19378.4,1024.4,64.046263
15,4,0,1,16044.8,938.4,78.680833
15,1,0,1,45253.6,1654.6,26.940445
15,2,0,1,25576.0,1146.4,47.062523
15,3,0,1,19351.2,1005.0,64.332
15,4,0,1,16180.8,980.6,79.18125
15,1,0,1,44929.6,1613.4,26.86797
15,2,0,1,25534.0,1134.0,47.872831
15,3,0,1,19606.8,1025.6,64.282263
15,4,0,1,16303.4,948.0,79.167941
0,1,0,1,44732.6,1644.2,26.671828
0,2,0,1,25545.8,1160.0,48.120708
0,3,0,1,19401.0,1014.6,64.325211
0,4,0,1,16404.2,970.6,79.467059
0,1,0,1,45463.6,1645.8,26.294222
0,2,0,1,25573.4,1151.0,47.834862
0,3,0,1,19279.4,997.4,64.396526
0,4,0,1,16209.0,930.8,79.024926
0,1,0,1,44343.2,1588.0,26.32904
0,2,0,1,25539.4,1183.0,47.325385
0,3,0,1,19520.6,983.8,64.100579
0,4,0,1,15904.6,938.8,78.505
5,1,0,1,44657.6,1634.0,26.848879
5,2,0,1,25617.4,1150.4,47.749938
5,3,0,1,19616.2,1038.6,64.016501
5,4,0,1,16454.4,920.4,79.171618
5,1,0,1,45430.0,1660.4,26.51886
5,2,0,1,25416.4,1130.2,47.682308
5,3,0,1,19379.0,986.2,64.075579
5,4,0,1,16280.4,955.8,79.251177
5,1,0,1,44951.4,1689.6,26.31
5,2,0,1,25587.4,1119.2,47.993846
5,3,0,1,19562.2,1013.0,64.198053
5,4,0,1,16293.2,905.6,79.077279
15,1,0,1,44644.4,1673.8,26.158687
15,2,0,1,25575.6,1140.4,47.835908
15,3,0,1,19419.4,1018.8,64.236684
15,4,0,1,16470.4,966.0,79.104044
15,1,0,1,45347.2,1625.6,27.058899
15,2,0,1,25398.4,1160.2,47.830461
15,3,0,1,19297.2,1011.2,64.341421
15,4,0,1,16246.6,934.8,79.136985
15,1,0,1,44905.8,1602.6,26.477253
15,2,0,1,25550.2,1145.6,47.925261
15,3,0,1,19557.6,1005.0,64.081632
15,4,0,1,16441.0,966.0,78.706177
0,1,0,1,44760.4,1614.8,26.240404
0,2,0,1,25557.8,1145.8,48.19
0,3,0,1,19410.0,1024.8,64.388684
0,4,0,1,16378.0,963.2,79.252868
0,1,0,1,45468.6,1674.6,26.561836
0,2,0,1,25035.6,1112.0,47.673323
0,3,0,1,19291.0,980.0,64.164263
0,4,0,1,16370.0,940.8,78.844853
0,1,0,1,44917.4,1646.2,26.563667
0,2,0,1,25538.8,1143.8,47.919938
0,3,0,1,19516.2,987.2,64.347368
0,4,0,1,16356.6,968.0,79.022868
5,1,0,1,44653.4,1593.0,26.767626
5,2,0,1,25026.2,1131.6,47.88
5,3,0,1,19474.6,1025.4,64.319526
5,4,0,1,16529.4,990.4,79.012794
5,1,0,1,44860.0,1633.8,26.606667
5,2,0,1,25368.2,1152.4,48.139723
5,3,0,1,19327.4,1004.2,64.286316
5,4,0,1,15771.2,918.4,78.898833
5,1,0,1,45024.4,1628.2,27.082222
5,2,0,1,25538.2,1160.2,47.230585
5,3,0,1,19495.8,1021.2,64.333842
5,4,0,1,16310.6,927.8,78.864338
15,1,0,1,44650.0,1613.6,26.365848
15,2,0,1,25700.0,1169.6,48.0772
15,3,0,1,19407.2,1038.8,64.475474
15,4,0,1,15977.6,912.6,78.7375
15,1,0,1,45360.6,1660.8,26.704627
15,2,0,1,25454.4,1118.0,47.319754
15,3,0,1,19272.0,1012.6,64.548263
15,4,0,1,16192.0,907.6,78.889265
15,1,0,1,44929.4,1630.4,26.830505
15,2,0,1,25420.2,1128.4,48.241877
15,3,0,1,19553.4,988.8,64.552
15,4,0,1,16228.2,927.2,79.038162
0,1,0,1,44852.6,1625.4,26.264485
0,2,0,1,25531.8,1166.0,48.057262
0,3,0,1,19410.8,1026.0,64.463632
0,4,0,1,16386.4,968.6,79.375
0,1,0,1,44775.6,1649.6,26.396889
0,2,0,1,24868.2,1081.4,47.8304
0,3,0,1,19305.8,990.6,63.781053
0,4,0,1,16240.4,950.8,78.914853
0,1,0,1,44905.2,1628.0,26.639232
0,2,0,1,25564.8,1125.0,47.0384
0,3,0,1,19169.8,987.0,63.499
0,4,0,1,16242.6,944.4,79.387574
5,1,0,1,44692.6,1650.0,26.776545
5,2,0,1,25576.0,1087.4,48.188462
5,3,0,1,19057.2,970.4,64.018316
5,4,0,1,16463.8,935.0,79.397794
5,1,0,1,45373.8,1638.6,26.833778
5,2,0,1,25432.8,1167.0,48.034123
5,3,0,1,19270.6,1041.0,64.157737
5,4,0,1,16353.8,944.6,79.028897
5,1,0,1,44944.4,1607.6,26.678667
5,2,0,1,25529.2,1163.2,47.990123
5,3,0,1,19568.8,1025.4,64.59
5,4,0,1,16249.2,957.0,78.951324
15,1,0,1,44676.0,1655.2,26.465101
15,2,0,1,25660.2,1130.0,48.213846
15,3,0,1,19472.2,1012.4,64.247632
15,4,0,1,16480.8,939.2,79.179118
15,1,0,1,45373.8,1656.0,26.769884
15,2,0,1,25452.4,1133.6,48.346923
15,3,0,1,19390.8,989.8,64.001632
15,4,0,1,16306.8,911.4,79.01375
15,1,0,1,44912.8,1621.4,26.358182
15,2,0,1,25651.4,1196.0,48.178461
15,3,0,1,19466.4,1006.0,64.483895
15,4,0,1,16257.0,925.8,79.025882
0,1,1,1,40154.0,1468.2,26.699269
0,2,1,1,22303.4,1008.8,47.665099
0,3,1,1,17736.0,923.4,63.711438
0,4,1,1,13970.6,820.0,76.254396
0,1,1,1,41675.8,1557.2,26.340488
0,2,1,1,22188.2,997.6,48.102965
0,3,1,1,16878.6,868.4,62.964853
0,4,1,1,13789.4,752.0,76.265275
0,1,1,1,39443.4,1441.6,26.764115
0,2,1,1,22201.4,1032.2,47.798379
0,3,1,1,17121.0,856.4,63.505882
0,4,1,1,14279.6,797.0,76.584952
5,1,1,1,40113.0,1490.4,27.0285
5,2,1,1,22352.4,1002.0,47.717629
5,3,1,1,17816.6,903.0,63.575556
5,4,1,1,14062.8,806.0,76.481429
5,1,1,1,41577.2,1568.8,26.239652
5,2,1,1,22253.6,983.4,47.972095
5,3,1,1,16823.0,850.2,63.189191
5,4,1,1,14236.2,799.4,76.914
5,1,1,1,39452.6,1429.0,26.638308
5,2,1,1,22218.8,1022.0,47.467273
5,3,1,1,16851.8,875.6,63.020662
5,4,1,1,14251.8,787.4,77.064381
15,1,1,1,40251.0,1447.0,26.3715
15,2,1,1,21919.6,999.0,47.840909
15,3,1,1,17664.8,908.8,63.758431
15,4,1,1,14281.2,784.2,76.049619
15,1,1,1,41620.8,1529.8,26.90892
15,2,1,1,22300.4,987.0,47.524861
15,3,1,1,16397.6,807.6,62.541838
15,4,1,1,14162.8,836.6,77.135333
15,1,1,1,39495.2,1455.8,27.016756
15,2,1,1,21907.0,991.2,47.037273
15,3,1,1,17291.4,848.4,63.462288
15,4,1,1,14320.6,811.2,77.280286
0,1,1,1,40182.4,1463.4,26.99
0,2,1,1,22419.4,1016.2,46.938182
0,3,1,1,17887.0,902.8,63.166863
0,4,1,1,14027.2,823.0,76.837143
0,1,1,1,41586.4,1531.4,26.849501
0,2,1,1,22267.0,1008.2,47.842332
0,3,1,1,16886.8,864.8,63.045882
0,4,1,1,14242.6,790.6,76.663905
0,1,1,1,39393.4,1434.8,26.775385
0,2,1,1,22197.0,1014.8,47.973597
0,3,1,1,17298.8,844.0,63.706144
0,4,1,1,14360.8,786.6,76.721524
5,1,1,1,39590.4,1409.8,26.642449
5,2,1,1,22274.8,989.8,47.284546
5,3,1,1,17790.0,920.2,63.832222
5,4,1,1,14052.4,805.8,76.629619
5,1,1,1,41539.4,1501.6,26.822439
5,2,1,1,22247.6,1030.4,47.624782
5,3,1,1,16895.6,849.6,63.327059
5,4,1,1,13762.8,750.6,76.555385
5,1,1,1,39603.0,1439.6,26.503077
5,2,1,1,22276.2,1021.0,47.398024
5,3,1,1,17300.8,858.2,63.614902
5,4,1,1,14260.8,813.2,76.903714
15,1,1,1,40173.8,1466.8,26.814
15,2,1,1,21969.6,988.4,47.056797
15,3,1,1,17200.0,844.4,62.335294
15,4,1,1,13993.8,809.0,76.95
15,1,1,1,41425.2,1474.4,26.948223
15,2,1,1,21813.4,980.6,46.894026
15,3,1,1,16980.4,868.8,63.057868
15,4,1,1,14115.2,792.4,76.948667
15,1,1,1,39437.6,1409.6,27.004756
15,2,1,1,22159.2,1035.0,47.669091
15,3,1,1,17243.0,872.0,63.528954
15,4,1,1,14247.2,813.2,77.152
0,1,1,1,40238.0,1458.4,26.561439
0,2,1,1,22251.0,988.0,47.64249
0,3,1,1,17818.2,911.6,63.477076
0,4,1,1,13981.0,782.4,76.758132
0,1,1,1,41471.2,1495.0,26.322439
0,2,1,1,22385.0,985.4,47.273478
0,3,1,1,16943.6,856.2,63.278824
0,4,1,1,14194.6,790.4,76.275832
0,1,1,1,39465.4,1455.2,26.707295
0,2,1,1,22209.4,1008.4,46.759091
0,3,1,1,17221.6,872.8,63.403529
0,4,1,1,13938.0,841.4,76.205385
5,1,1,1,39678.2,1419.6,26.096282
5,2,1,1,22299.6,1010.8,47.536798
5,3,1,1,17822.8,892.8,63.414771
5,4,1,1,14024.0,841.2,76.779048
5,1,1,1,41562.4,1542.0,26.190244
5,2,1,1,22279.8,1017.6,47.45917
5,3,1,1,16776.2,837.6,63.532941
5,4,1,1,14167.8,822.4,76.920667
5,1,1,1,39457.2,1447.8,26.568385
5,2,1,1,22245.4,997.4,47.333913
5,3,1,1,17282.4,873.0,63.585294
5,4,1,1,14190.2,824.4,76.818952
15,1,1,1,40304.2,1482.0,27.0045
15,2,1,1,22358.4,986.6,47.525376
15,3,1,1,17724.0,908.8,63.994445
15,4,1,1,14168.4,805.8,75.967744
15,1,1,1,41569.8,1522.4,26.339547
15,2,1,1,22270.0,993.8,48.036126
15,3,1,1,16450.8,848.6,62.843897
15,4,1,1,14239.6,801.0,76.425714
15,1,1,1,39414.6,1436.6,27.283013
15,2,1,1,22200.2,1012.0,47.53585
15,3,1,1,17221.2,862.4,63.419215
15,4,1,1,14240.4,797.2,76.655429
0,1,1,1,40353.2,1437.2,26.077
0,2,1,1,22374.8,1009.8,47.492609
0,3,1,1,17814.8,899.4,63.604379
0,4,1,1,14054.4,814.6,76.498571
0,1,1,1,41591.4,1504.8,26.93971
0,2,1,1,22244.6,987.6,47.815217
0,3,1,1,16940.2,872.2,63.164706
0,4,1,1,13682.2,760.0,76.832857
0,1,1,1,39422.4,1471.2,26.844385
0,2,1,1,22198.2,994.4,46.856364
0,3,1,1,16863.2,864.0,62.888823
0,4,1,1,14327.0,794.0,77.357429
5,1,1,1,40194.2,1456.8,26.583038
5,2,1,1,22316.8,967.2,47.610672
5,3,1,1,17762.2,931.8,63.618889
5,4,1,1,14109.4,790.6,76.323143
5,1,1,1,41575.0,1510.0,26.743484
5,2,1,1,22349.8,958.2,47.298142
5,3,1,1,16864.8,863.0,63.582353
5,4,1,1,14251.0,817.0,76.780953
5,1,1,1,39417.2,1477.0,26.6545
5,2,1,1,22206.0,1003.4,47.288182
5,3,1,1,17330.2,869.0,63.044575
5,4,1,1,14278.2,802.4,77.4
15,1,1,1,40244.0,1481.2,26.5375
15,2,1,1,22394.6,1004.8,47.744822
15,3,1,1,17890.8,889.2,63.208889
15,4,1,1,13666.0,736.8,76.602857
15,1,1,1,40959.0,1500.4,26.685366
15,2,1,1,22262.6,1017.0,47.790514
15,3,1,1,16939.6,872.2,63.083464
15,4,1,1,14177.8,799.8,76.944286
15,1,1,1,39435.0,1453.6,26.408205
15,2,1,1,22220.0,1005.6,47.145376
15,3,1,1,17237.8,856.2,63.721699
15,4,1,1,14411.8,846.8,76.558286
0,1,1,1,40094.2,1453.6,26.9415
0,2,1,1,22286.8,1011.2,47.706205
0,3,1,1,17859.2,926.4,63.65
0,4,1,1,14022.6,822.4,76.495714
0,1,1,1,41535.0,1533.6,26.522625
0,2,1,1,22175.8,1016.6,47.567984
0,3,1,1,16907.6,868.0,63.015074
0,4,1,1,14268.8,815.2,76.806952
0,1,1,1,39376.2,1444.4,26.48359
0,2,1,1,22218.8,1003.8,47.930474
0,3,1,1,17245.8,890.8,63.224379
0,4,1,1,14409.4,825.4,76.360857
5,1,1,1,40180.8,1462.0,27.0785
5,2,1,1,22328.8,1003.2,47.514704
5,3,1,1,17716.4,928.8,63.674967
5,4,1,1,14049.6,812.8,76.607143
5,1,1,1,41482.8,1521.8,26.484576
5,2,1,1,22203.2,1030.0,47.8217
5,3,1,1,16783.0,858.4,63.320221
5,4,1,1,14156.4,788.4,76.879714
5,1,1,1,39595.4,1460.4,26.74241
5,2,1,1,22260.6,1004.6,47.909249
5,3,1,1,17294.2,873.0,63.237974
5,4,1,1,13787.8,788.0,76.545714
15,1,1,1,39556.2,1419.2,26.234333
15,2,1,1,22369.4,979.2,46.593162
15,3,1,1,17821.4,909.4,63.693333
15,4,1,1,14160.2,824.8,76.496857
15,1,1,1,41621.6,1520.6,26.307514
15,2,1,1,22307.6,1012.8,47.122016
15,3,1,1,16505.6,829.6,62.032426
15,4,1,1,14113.4,823.2,77.062286
15,1,1,1,39464.8,1449.8,26.841154
15,2,1,1,22313.4,993.4,47.52921
15,3,1,1,17207.2,868.0,63.70281
15,4,1,1,14298.8,790.6,77.121429
0,1,1,1,40221.0,1499.8,27.0455
0,2,1,1,22212.6,996.4,48.016403
0,3,1,1,17687.8,905.2,63.626405
0,4,1,1,14122.6,812.8,76.153809
0,1,1,1,41498.6,1520.6,27.063972
0,2,1,1,22358.8,1003.6,47.840514
0,3,1,1,16907.6,849.6,62.975662
0,4,1,1,14274.6,807.2,76.582762
0,1,1,1,39302.8,1421.6,27.159269
0,2,1,1,22189.4,1032.0,47.329405
0,3,1,1,17290.2,891.0,63.384379
0,4,1,1,14415.6,828.8,76.173238
5,1,1,1,40077.4,1432.2,26.367551
5,2,1,1,22346.4,1003.0,47.225099
5,3,1,1,17766.2,912.0,63.311765
5,4,1,1,14104.4,783.0,76.727143
5,1,1,1,41594.8,1503.2,26.801417
5,2,1,1,22293.0,1004.8,47.434743
5,3,1,1,16876.8,865.4,63.522353
5,4,1,1,14198.6,837.0,77.148095
5,1,1,1,39413.2,1453.2,26.582664
5,2,1,1,22276.8,984.0,47.811779
5,3,1,1,17269.4,888.0,63.257843
5,4,1,1,13846.4,771.0,76.772857
15,1,1,1,40274.2,1470.4,26.518
15,2,1,1,22356.4,994.0,47.593636
15,3,1,1,17239.2,868.4,62.99281
15,4,1,1,14062.0,803.0,76.824667
15,1,1,1,40949.4,1502.8,26.231707
15,2,1,1,22186.0,1005.8,47.609921
15,3,1,1,16896.8,867.2,62.328235
15,4,1,1,14209.6,810.2,76.981333
15,1,1,1,39551.6,1449.2,26.680679
15,2,1,1,22234.6,998.8,47.462727
15,3,1,1,17239.2,873.2,63.229085
15,4,1,1,14228.0,786.4,77.178286
0,1,0,0,60766.2,2213.2,26.563153
0,2,0,0,34056.2,1501.8,48.598574
0,3,0,0,25876.8,1367.8,66.848547
0,4,0,0,21629.2,1248.6,84.093463
0,1,0,0,59478.2,2112.2,26.814638
0,2,0,0,33543.0,1518.6,48.636078
0,3,0,0,26112.6,1389.2,67.14
0,4,0,0,22304.8,1352.0,84.466601
0,1,0,0,60223.0,2169.0,26.512333
0,2,0,0,33605.4,1514.6,48.35533
0,3,0,0,26048.8,1344.0,66.818831
0,4,0,0,22024.2,1311.6,84.234545
5,1,0,0,60805.0,2168.6,26.585126
5,2,0,0,33880.4,1521.8,48.571123
5,3,0,0,25804.8,1359.8,66.796154
5,4,0,0,21692.8,1258.8,84.391818
5,1,0,0,58916.4,2119.8,26.02218
5,2,0,0,33638.2,1518.2,48.262674
5,3,0,0,26149.6,1368.0,67.146012
5,4,0,0,22397.8,1313.2,84.206245
5,1,0,0,59502.6,2152.4,26.099684
5,2,0,0,33594.6,1537.6,48.24754
5,3,0,0,26125.2,1355.8,67.001196
5,4,0,0,21997.6,1311.6,84.313597
15,1,0,0,60852.6,2168.2,26.058825
15,2,0,0,33947.0,1513.8,48.621729
15,3,0,0,25624.0,1355.6,67.036154
15,4,0,0,21675.0,1299.8,84.414199
15,1,0,0,59589.8,2159.0,26.760153
15,2,0,0,33658.2,1505.0,48.50697
15,3,0,0,25572.6,1357.8,66.803231
15,4,0,0,22337.0,1316.6,84.571502
15,1,0,0,60228.6,2205.6,26.627334
15,2,0,0,33512.2,1450.8,48.575276
15,3,0,0,25496.2,1332.4,66.511723
15,4,0,0,22075.2,1335.0,84.273637
0,1,0,0,60000.2,2132.2,25.894017
0,2,0,0,33915.4,1496.8,48.784118
0,3,0,0,25770.8,1378.6,66.832646
0,4,0,0,21664.8,1308.0,84.418398
0,1,0,0,59505.0,2122.0,26.28339
0,2,0,0,33706.2,1554.4,48.782941
0,3,0,0,26115.4,1387.0,67.117692
0,4,0,0,22373.8,1344.0,84.417391
0,1,0,0,60323.2,2153.8,26.501667
0,2,0,0,33628.0,1525.0,48.395597
0,3,0,0,25997.2,1359.4,67.205138
0,4,0,0,22083.6,1304.6,84.027905
5,1,0,0,60723.0,2217.0,26.750809
5,2,0,0,33979.4,1483.4,48.715294
5,3,0,0,25833.4,1354.0,67.034615
5,4,0,0,21663.6,1256.4,84.15013
5,1,0,0,59509.0,2161.4,26.226102
5,2,0,0,33782.0,1517.4,48.512852
5,3,0,0,26142.6,1344.0,66.92
5,4,0,0,22391.8,1325.8,84.427708
5,1,0,0,60130.8,2145.4,26.557
5,2,0,0,33565.8,1543.8,49.02
5,3,0,0,25456.6,1327.6,66.889415
5,4,0,0,21386.0,1263.6,84.263636
15,1,0,0,60135.6,2171.6,26.168334
15,2,0,0,34084.6,1535.8,48.827647
15,3,0,0,25832.6,1371.4,66.888462
15,4,0,0,21667.8,1259.8,84.210952
15,1,0,0,58699.2,2080.4,25.599007
15,2,0,0,33617.6,1506.4,48.98779
15,3,0,0,25523.4,1356.6,66.869231
15,4,0,0,22403.8,1340.6,84.287826
15,1,0,0,60268.4,2124.2,26.684333
15,2,0,0,33580.0,1540.0,48.793939
15,3,0,0,26038.6,1351.2,67.066923
15,4,0,0,22004.4,1321.8,84.195974
0,1,0,0,60721.6,2146.2,26.730432
0,2,0,0,33432.8,1492.8,48.102103
0,3,0,0,25211.0,1299.4,66.564
0,4,0,0,21570.4,1258.2,84.497922
0,1,0,0,59528.0,2149.6,26.736667
0,2,0,0,33745.8,1538.4,48.929412
0,3,0,0,26129.6,1337.4,67.065071
0,4,0,0,22330.4,1313.8,84.381858
0,1,0,0,60238.4,2213.0,26.430274
0,2,0,0,33565.0,1485.8,48.902727
0,3,0,0,26092.4,1357.6,67.17
0,4,0,0,22050.2,1307.2,84.237273
5,1,0,0,60689.2,2204.8,26.410497
5,2,0,0,34011.4,1512.8,48.783743
5,3,0,0,25748.8,1354.6,66.925046
5,4,0,0,21765.8,1284.8,84.257273
5,1,0,0,59289.6,2125.4,26.725763
5,2,0,0,33664.0,1532.0,48.914706
5,3,0,0,26143.2,1346.0,67.03886
5,4,0,0,22307.6,1344.8,84.500672
5,1,0,0,60208.2,2121.4,26.736
5,2,0,0,33560.0,1514.4,48.615276
5,3,0,0,26022.2,1377.4,67.287692
5,4,0,0,22061.8,1335.2,84.245731
15,1,0,0,60726.8,2159.8,26.785831
15,2,0,0,33936.0,1509.2,48.942353
15,3,0,0,25861.2,1405.2,66.651261
15,4,0,0,21652.4,1267.6,84.367532
15,1,0,0,59581.4,2140.0,26.780627
15,2,0,0,33757.6,1509.4,48.515027
15,3,0,0,25500.6,1300.4,66.857446
15,4,0,0,22278.4,1356.0,84.556561
15,1,0,0,60040.6,2161.4,26.636667
15,2,0,0,33617.4,1524.4,48.87
15,3,0,0,26080.4,1348.6,67.133846
15,4,0,0,22004.0,1324.6,84.362727
0,1,0,0,60978.0,2194.2,26.775738
0,2,0,0,33928.8,1542.2,48.7259
0,3,0,0,25804.2,1334.4,67.036923
0,4,0,0,21689.8,1271.4,84.378182
0,1,0,0,59492.6,2160.2,26.700237
0,2,0,0,33595.2,1484.2,48.765009
0,3,0,0,26099.0,1350.0,67.140769
0,4,0,0,22344.2,1309.2,84.642095
0,1,0,0,60369.4,2159.8,26.412667
0,2,0,0,33550.2,1510.8,48.858824
0,3,0,0,26020.8,1355.6,67.015385
0,4,0,0,22092.4,1337.0,83.984901
5,1,0,0,60714.2,2187.0,26.374831
5,2,0,0,33930.4,1522.0,48.594706
5,3,0,0,25881.0,1362.4,66.604616
5,4,0,0,21702.2,1274.4,83.996407
5,1,0,0,59452.8,2125.6,26.814576
5,2,0,0,33700.0,1509.2,48.365134
5,3,0,0,26174.2,1399.4,67.144387
5,4,0,0,22356.2,1348.4,84.267668
5,1,0,0,60188.8,2134.0,26.679333
5,2,0,0,33651.4,1494.0,48.330713
5,3,0,0,26001.6,1385.4,66.926154
5,4,0,0,21974.2,1307.2,84.507273
15,1,0,0,60724.2,2163.8,26.590803
15,2,0,0,34041.0,1519.4,48.803529
15,3,0,0,25116.4,1284.0,66.411692
15,4,0,0,21667.4,1338.0,84.360909
15,1,0,0,59475.4,2142.6,26.591412
15,2,0,0,33612.2,1504.8,48.409144
15,3,0,0,26138.4,1393.2,67.148689
15,4,0,0,22290.2,1322.8,84.368972
15,1,0,0,60262.2,2156.8,26.619667
15,2,0,0,33488.8,1521.6,48.723476
15,3,0,0,26059.6,1372.8,67.190769
15,4,0,0,22064.0,1354.8,84.290736
0,1,0,0,60122.8,2139.0,26.148246
0,2,0,0,34228.6,1516.8,48.57884
0,3,0,0,25743.0,1386.4,67.066154
0,4,0,0,21644.6,1296.4,84.321645
0,1,0,0,59476.8,2149.0,26.496384
0,2,0,0,33522.8,1503.6,48.249661
0,3,0,0,26226.0,1362.0,66.893077
0,4,0,0,22296.8,1329.4,84.134348
0,1,0,0,60323.6,2155.2,26.799994
0,2,0,0,33545.8,1509.6,48.692852
0,3,0,0,26084.6,1348.6,67.05755
0,4,0,0,22056.8,1312.4,84.432727
5,1,0,0,60728.8,2209.0,26.425995
5,2,0,0,33975.8,1548.6,48.839412
5,3,0,0,25860.0,1353.8,66.964615
5,4,0,0,21633.8,1214.8,84.512901
5,1,0,0,59549.2,2191.4,26.340339
5,2,0,0,33623.2,1513.0,48.762353
5,3,0,0,26193.2,1342.0,67.021196
5,4,0,0,22249.8,1292.4,84.468696
5,1,0,0,60338.0,2147.0,26.59
5,2,0,0,33518.8,1543.0,48.723708
5,3,0,0,26063.4,1357.2,67.185384
5,4,0,0,22121.2,1341.8,84.11751
15,1,0,0,60005.0,2109.6,26.070961
15,2,0,0,33375.4,1491.2,48.590677
15,3,0,0,25801.8,1355.2,66.629631
15,4,0,0,21649.4,1289.4,84.309134
15,1,0,0,59565.4,2146.4,26.719717
15,2,0,0,33527.6,1500.0,48.525544
15,3,0,0,26143.4,1377.6,67.252422
15,4,0,0,22311.2,1296.6,84.506443
15,1,0,0,59434.0,2104.4,26.052163
15,2,0,0,33703.8,1551.8,48.815294
15,3,0,0,25940.0,1343.4,66.964369
15,4,0,0,21959.8,1293.8,84.41
0,1,0,0,60704.0,2216.2,26.321361
0,2,0,0,34089.0,1513.2,48.452941
0,3,0,0,25785.8,1368.8,66.831723
0,4,0,0,21094.6,1235.4,83.793333
0,1,0,0,59617.0,2079.0,26.613119
0,2,0,0,33723.0,1592.6,48.358592
0,3,0,0,26069.6,1389.2,67.333077
0,4,0,0,21674.6,1247.6,84.249091
0,1,0,0,60295.2,2196.4,26.379667
0,2,0,0,33756.6,1520.8,48.588824
0,3,0,0,26177.2,1346.0,67.135869
0,4,0,0,21974.8,1286.2,84.38
5,1,0,0,61135.0,2181.8,26.773157
5,2,0,0,33352.4,1504.8,48.260446
5,3,0,0,25133.0,1325.8,66.528862
5,4,0,0,21594.4,1317.8,84.395455
5,1,0,0,59538.6,2110.0,26.694
5,2,0,0,33786.2,1539.2,48.599554
5,3,0,0,26067.0,1344.2,67.085385
5,4,0,0,22340.6,1342.8,84.550949
5,1,0,0,60193.8,2175.0,26.819667
5,2,0,0,33543.2,1497.6,48.850588
5,3,0,0,25968.8,1336.8,67.217265
5,4,0,0,22043.6,1336.8,84.331818
15,1,0,0,60720.8,2164.0,26.604312
15,2,0,0,34053.0,1521.6,48.615791
15,3,0,0,25761.8,1357.8,66.870769
15,4,0,0,21632.2,1317.4,84.076623
15,1,0,0,59638.4,2126.8,26.40274
15,2,0,0,33008.8,1504.2,48.230909
15,3,0,0,26126.2,1374.2,66.989231
15,4,0,0,22286.2,1341.4,84.456442
15,1,0,0,60156.6,2151.2,26.547333
15,2,0,0,33614.8,1529.2,48.611016
15,3,0,0,26113.4,1351.8,67.103077
15,4,0,0,21269.8,1283.4,84.30013
0,1,1,0,53347.0,1900.2,26.274717
0,2,1,0,29112.0,1300.4,48.568276
0,3,1,0,22147.4,1149.0,66.057273
0,4,1,0,18655.6,1092.0,82.482456
0,1,1,0,53605.6,1945.0,26.621901
0,2,1,0,28753.8,1278.6,48.128892
0,3,1,0,22945.2,1194.8,65.901858
0,4,1,0,18111.6,1036.0,81.917778
0,1,1,0,55019.8,1965.4,26.759636
0,2,1,0,29350.2,1338.4,47.832529
0,3,1,0,22122.6,1181.2,65.884545
0,4,1,0,18596.0,1124.6,82.096257
5,1,1,0,53434.6,1927.6,26.840322
5,2,1,0,29100.8,1310.8,48.072444
5,3,1,0,21610.0,1126.0,65.594589
5,4,1,0,18730.6,1106.0,82.5
5,1,1,0,53558.4,1956.4,26.791153
5,2,1,0,28633.0,1307.2,48.33202
5,3,1,0,22270.8,1152.8,65.740198
5,4,1,0,18084.6,1012.2,82.013333
5,1,1,0,55041.2,1969.6,26.589818
5,2,1,0,28743.4,1286.8,48.12335
5,3,1,0,22079.2,1171.6,65.959091
5,4,1,0,18613.4,1093.2,82.285263
15,1,1,0,53365.2,1934.2,26.450189
15,2,1,0,29030.8,1297.6,48.511552
15,3,1,0,22128.0,1159.2,65.864545
15,4,1,0,18109.6,1060.4,82.1631
15,1,1,0,53565.4,1943.6,26.717575
15,2,1,0,28596.0,1277.0,48.475345
15,3,1,0,22948.6,1223.4,66.282371
15,4,1,0,18109.0,1046.6,81.768889
15,1,1,0,55043.2,1983.2,26.972364
15,2,1,0,29250.8,1315.2,48.414873
15,3,1,0,21590.0,1096.0,65.651039
15,4,1,0,18576.6,1079.2,82.552631
0,1,1,0,53532.8,1961.0,26.947037
0,2,1,0,29164.2,1317.0,48.613655
0,3,1,0,22148.4,1160.0,66.218261
0,4,1,0,18779.0,1097.4,82.183918
0,1,1,0,53521.0,1905.4,26.765598
0,2,1,0,28613.4,1315.4,48.278473
0,3,1,0,22895.8,1205.4,66.131897
0,4,1,0,18133.2,1039.0,81.891228
0,1,1,0,55128.4,1986.8,26.575273
0,2,1,0,29284.6,1311.8,48.225747
0,3,1,0,22017.4,1164.0,66.007273
0,4,1,0,18530.2,1090.0,82.202164
5,1,1,0,53525.6,1949.4,26.496772
5,2,1,0,29146.6,1317.6,48.772437
5,3,1,0,21656.0,1155.2,65.622338
5,4,1,0,18700.2,1078.2,82.348129
5,1,1,0,53516.2,1963.2,26.661642
5,2,1,0,28688.8,1280.6,48.360985
5,3,1,0,22900.2,1187.0,66.129644
5,4,1,0,18190.6,1041.2,81.802398
5,1,1,0,55153.4,2006.6,26.52196
5,2,1,0,29327.4,1333.4,48.601586
5,3,1,0,22052.6,1141.0,65.865455
5,4,1,0,18586.4,1090.8,82.303158
15,1,1,0,53398.8,1927.8,26.705276
15,2,1,0,29177.4,1311.4,48.414621
15,3,1,0,22074.8,1168.6,66.136364
15,4,1,0,18710.6,1115.0,82.206783
15,1,1,0,53630.6,1904.8,26.565199
15,2,1,0,28685.2,1309.2,48.504236
15,3,1,0,22849.2,1199.6,66.376522
15,4,1,0,18131.6,1043.8,81.913392
15,1,1,0,55043.6,2015.2,26.448471
15,2,1,0,29375.0,1325.0,48.737724
15,3,1,0,21572.6,1120.8,65.70039
15,4,1,0,18698.2,1094.2,82.094292
0,1,1,0,53479.8,1902.2,26.523173
0,2,1,0,29137.6,1321.8,48.778965
0,3,1,0,22140.6,1186.0,66.049565
0,4,1,0,18674.8,1086.6,82.381287
0,1,1,0,53534.2,1956.6,26.881873
0,2,1,0,28222.2,1253.6,48.17564
0,3,1,0,22801.4,1162.8,66.432174
0,4,1,0,18125.4,1065.2,81.714445
0,1,1,0,54961.8,1967.8,26.722909
0,2,1,0,29323.0,1354.6,48.683862
0,3,1,0,22016.2,1135.8,65.988182
0,4,1,0,18140.6,1024.0,81.53
5,1,1,0,53443.2,1915.8,26.693787
5,2,1,0,29058.6,1314.8,48.70069
5,3,1,0,22236.4,1170.8,65.945534
5,4,1,0,18135.8,1075.6,81.959474
5,1,1,0,53587.8,1963.0,26.607212
5,2,1,0,28627.8,1301.4,48.773793
5,3,1,0,22899.6,1190.8,66.199328
5,4,1,0,18223.6,1051.0,81.549415
5,1,1,0,55039.8,1990.2,26.478087
5,2,1,0,29358.8,1307.0,48.300391
5,3,1,0,22082.0,1164.2,65.974545
5,4,1,0,18565.8,1106.0,81.980468
15,1,1,0,53408.4,1873.8,26.936834
15,2,1,0,29121.0,1321.0,48.270345
15,3,1,0,22067.8,1184.8,66.200909
15,4,1,0,18710.6,1117.4,82.29579
15,1,1,0,53571.0,1909.6,26.67854
15,2,1,0,28561.6,1281.0,48.095813
15,3,1,0,22890.6,1234.2,66.032964
15,4,1,0,18055.6,1039.6,81.944444
15,1,1,0,55068.2,2000.0,26.497401
15,2,1,0,29341.6,1316.2,48.782529
15,3,1,0,22172.6,1157.4,65.980909
15,4,1,0,18622.2,1071.4,82.410526
0,1,1,0,53403.4,1943.4,26.93144
0,2,1,0,29126.8,1306.6,48.475173
0,3,1,0,22171.4,1177.2,65.890039
0,4,1,0,18258.0,1029.8,81.574152
0,1,1,0,53558.0,1944.6,26.7203
0,2,1,0,28712.0,1267.0,48.46367
0,3,1,0,22382.8,1125.4,65.887233
0,4,1,0,18223.6,1074.4,81.825438
0,1,1,0,55043.6,1953.2,26.491145
0,2,1,0,29366.6,1334.0,48.722621
0,3,1,0,22084.6,1172.0,66.187273
0,4,1,0,18635.6,1106.2,82.206433
5,1,1,0,53393.2,1904.2,26.85645
5,2,1,0,29026.6,1314.2,48.835862
5,3,1,0,22187.6,1212.6,66.070435
5,4,1,0,18615.8,1100.6,82.69579
5,1,1,0,53491.4,1949.2,26.906995
5,2,1,0,28655.2,1275.0,48.548177
5,3,1,0,22885.0,1199.2,65.827154
5,4,1,0,17661.4,1044.4,81.583203
5,1,1,0,54939.6,1958.8,26.567946
5,2,1,0,29328.4,1326.4,48.563792
5,3,1,0,22093.4,1168.8,66.136324
5,4,1,0,18608.2,1089.8,82.04807
15,1,1,0,53408.2,1896.8,26.814633
15,2,1,0,28992.4,1315.2,48.433104
15,3,1,0,22016.8,1199.0,66.158182
15,4,1,0,18711.4,1100.8,82.158304
15,1,1,0,53511.4,1921.6,26.674696
15,2,1,0,28503.6,1248.8,48.389335
15,3,1,0,22397.6,1189.4,66.045218
15,4,1,0,18128.0,1061.8,81.873918
15,1,1,0,54987.6,1972.0,26.653455
15,2,1,0,29317.0,1365.4,48.400529
15,3,1,0,21600.6,1106.8,65.667273
15,4,1,0,18585.4,1060.8,82.345673
0,1,1,0,52730.0,1902.4,25.859949
0,2,1,0,29126.2,1326.6,48.589264
0,3,1,0,22178.0,1155.2,66.235573
0,4,1,0,18673.4,1116.0,82.163275
0,1,1,0,53571.0,1970.8,26.600936
0,2,1,0,28670.4,1297.0,48.337315
0,3,1,0,23075.4,1198.8,66.294239
0,4,1,0,18167.4,1046.6,81.894854
0,1,1,0,54955.2,1964.0,26.428976
0,2,1,0,29346.6,1354.0,48.357954
0,3,1,0,22258.6,1130.0,65.732174
0,4,1,0,18603.0,1099.4,82.304211
5,1,1,0,53429.8,1905.2,26.903103
5,2,1,0,29032.0,1302.6,48.426897
5,3,1,0,22136.4,1157.6,65.916266
5,4,1,0,18744.4,1063.4,81.949123
5,1,1,0,53643.4,1956.0,26.130944
5,2,1,0,28611.8,1296.0,48.619828
5,3,1,0,22954.2,1205.6,66.320507
5,4,1,0,18119.2,997.6,82.226374
5,1,1,0,55029.8,1987.6,26.63666
5,2,1,0,29498.0,1338.6,48.572529
5,3,1,0,22099.6,1148.0,66.071542
5,4,1,0,18697.2,1094.6,82.077895
15,1,1,0,53411.2,1901.6,26.626415
15,2,1,0,29094.4,1329.4,48.514483
15,3,1,0,22129.2,1168.4,65.970119
15,4,1,0,18687.8,1090.2,82.302631
15,1,1,0,53475.0,1937.8,26.785556
15,2,1,0,28595.8,1316.0,48.139557
15,3,1,0,22847.8,1186.0,66.032648
15,4,1,0,18104.4,1044.4,81.886144
15,1,1,0,55062.6,1996.6,26.596862
15,2,1,0,29237.4,1313.0,48.336942
15,3,1,0,21562.2,1097.4,65.310303
15,4,1,0,18694.8,1119.2,82.009474
0,1,1,0,52743.6,1863.2,25.817758
0,2,1,0,29031.6,1279.2,48.009655
0,3,1,0,22130.8,1176.4,66.077154
0,4,1,0,18767.4,1097.2,81.984152
0,1,1,0,53435.6,1904.2,26.450566
0,2,1,0,28685.8,1286.2,48.003645
0,3,1,0,22807.2,1204.8,66.352174
0,4,1,0,18277.0,1075.6,81.529825
0,1,1,0,54341.0,1948.4,26.200559
0,2,1,0,28717.8,1266.0,48.047586
0,3,1,0,22128.0,1136.4,66.118538
0,4,1,0,18596.0,1081.6,82.026491
5,1,1,0,53532.8,1993.2,26.919776
5,2,1,0,28990.8,1283.0,48.55931
5,3,1,0,22109.2,1153.2,66.130909
5,4,1,0,18727.2,1086.0,82.072807
5,1,1,0,52895.8,1860.2,26.224151
5,2,1,0,28608.8,1291.8,48.245345
5,3,1,0,22861.4,1207.2,66.304348
5,4,1,0,18183.8,1020.2,81.88193
5,1,1,0,54995.2,1990.4,26.303078
5,2,1,0,29321.0,1337.8,48.393701
5,3,1,0,22099.8,1136.4,65.998696
5,4,1,0,18505.2,1101.2,82.35421
15,1,1,0,53450.6,1921.8,26.699043
15,2,1,0,29272.0,1333.0,48.082989
15,3,1,0,21669.6,1119.4,65.551515
15,4,1,0,18711.2,1087.0,82.327368
15,1,1,0,53528.2,1921.2,26.400377
15,2,1,0,28686.4,1292.6,48.313473
15,3,1,0,22877.0,1193.4,66.272174
15,4,1,0,18152.4,1044.4,81.929006
15,1,1,0,55051.6,1997.6,26.833091
15,2,1,0,29241.8,1305.6,48.532989
15,3,1,0,22084.0,1166.2,65.958261
15,4,1,0,18546.4,1109.6,82.255555
0,1,0,0,8398.6,343.2,31.049444
0,2,0,0,6480.2,303.8,39.035714
0,3,0,0,5966.4,289.2,42.813333
0,4,0,0,5576.2,235.2,44.800667
0,1,0,0,8197.4,337.2,30.3875
0,2,0,0,6514.0,321.0,38.635714
0,3,0,0,5674.2,255.2,37.566667
0,4,0,0,5664.8,267.4,46.354
0,1,0,0,8218.4,358.4,27.86
0,2,0,0,6559.8,300.2,37.05
0,3,0,0,5890.2,298.8,44.78
0,4,0,0,5583.2,268.0,44.812
0,1,0,0,8309.0,363.2,30.182222
0,2,0,0,6408.2,264.8,40.320953
0,3,0,0,5996.8,272.0,41.022476
0,4,0,0,5593.2,231.8,41.348
0,1,0,0,8268.8,352.0,30.004722
0,2,0,0,6516.6,305.4,39.859524
0,3,0,0,5867.8,275.2,44.86
0,4,0,0,5447.0,247.0,46.365333
0,1,0,0,8312.8,322.8,29.065556
0,2,0,0,6561.0,279.0,38.333333
0,3,0,0,6138.6,297.4,44.442381
0,4,0,0,5600.8,282.6,46.354
0,1,0,0,8370.4,358.8,26.8425
0,2,0,0,6412.8,294.8,39.707619
0,3,0,0,5768.2,307.8,39.729333
0,4,0,0,5528.6,235.8,46.611333
0,1,0,0,8346.0,343.2,32.391111
0,2,0,0,6610.6,267.8,40.309524
0,3,0,0,5952.8,286.4,43.012667
0,4,0,0,5407.2,247.4,46.939333
0,1,0,0,8298.4,339.4,28.652778
0,2,0,0,6249.4,268.6,39.214762
0,3,0,0,5816.8,274.0,44.01
0,4,0,0,5491.8,235.4,41.848
5,1,0,0,8273.2,374.2,29.665
5,2,0,0,6485.4,278.8,40.994286
5,3,0,0,5981.8,266.2,41.398667
5,4,0,0,5568.2,237.0,45.54
5,1,0,0,8262.6,344.8,31.010278
5,2,0,0,6557.6,273.2,37.948095
5,3,0,0,5930.0,277.8,41.395333
5,4,0,0,5812.8,268.6,47.583333
5,1,0,0,8211.2,322.2,28.0775
5,2,0,0,6596.0,288.8,41.859524
5,3,0,0,6133.2,296.8,45.445714
5,4,0,0,5481.6,257.4,48.656667
15,1,0,0,8284.4,325.2,29.249167
15,2,0,0,6441.8,280.0,39.06619
15,3,0,0,6020.2,290.8,45.689048
15,4,0,0,5624.6,291.0,43.840667
15,1,0,0,8175.4,329.2,31.3675
15,2,0,0,6557.4,327.6,39.948571
15,3,0,0,5928.8,308.6,44.263333
15,4,0,0,5884.0,309.0,47.776667
15,1,0,0,8248.8,327.8,31.454722
15,2,0,0,6490.2,297.8,39.348572
15,3,0,0,5917.4,265.8,44.768
15,4,0,0,5597.0,245.6,45.166667
0,1,0,0,8227.8,336.0,32.246111
0,2,0,0,6414.8,275.4,39.652857
0,3,0,0,5904.8,273.8,42.706667
0,4,0,0,5644.8,254.0,47.761905
0,1,0,0,8225.2,309.6,29.564444
0,2,0,0,6434.8,265.0,38.093809
0,3,0,0,5784.0,312.6,43.398
0,4,0,0,5491.4,246.6,46.674
0,1,0,0,8266.2,338.2,30.447778
0,2,0,0,6336.6,305.8,37.166191
0,3,0,0,6029.4,282.6,43.599619
0,4,0,0,5606.8,237.0,43.690667
5,1,0,0,8297.6,359.2,30.233889
5,2,0,0,6459.6,314.6,40.831905
5,3,0,0,5872.8,255.6,45.004952
5,4,0,0,5575.4,284.8,45.485333
5,1,0,0,8487.4,337.2,31.313111
5,2,0,0,6411.0,284.6,39.950953
5,3,0,0,5914.6,267.8,43.87
5,4,0,0,5600.4,273.4,45.042
5,1,0,0,8252.8,335.0,30.015278
5,2,0,0,6373.0,301.6,38.687143
5,3,0,0,5995.0,318.4,43.939524
5,4,0,0,5623.6,286.6,47.018667
15,1,0,0,8223.2,337.4,29.032778
15,2,0,0,6586.0,278.2,41.982857
15,3,0,0,5903.8,295.2,44.886667
15,4,0,0,5868.2,303.6,44.818857
15,1,0,0,8227.0,329.4,32.362222
15,2,0,0,6748.0,277.4,39.316071
15,3,0,0,6247.0,274.6,39.48619
15,4,0,0,5580.6,245.4,45.901333
15,1,0,0,8310.0,332.2,27.407222
15,2,0,0,6516.8,287.8,38.056667
15,3,0,0,5936.2,279.2,45.143333
15,4,0,0,5663.8,257.6,43.864667
0,1,0,0,8383.0,337.4,29.519167
0,2,0,0,6400.4,277.0,39.261429
0,3,0,0,5931.2,275.8,45.03
0,4,0,0,5566.2,238.6,46.253333
0,1,0,0,8356.4,330.4,31.508333
0,2,0,0,6408.0,293.0,39.880476
0,3,0,0,5932.0,267.4,44.675047
0,4,0,0,5683.8,243.2,47.306
0,1,0,0,8253.4,330.8,30.039167
0,2,0,0,6369.2,282.4,39.209524
0,3,0,0,5961.4,285.4,45.18
0,4,0,0,5615.4,242.6,46.83
5,1,0,0,8189.8,336.2,31.399167
5,2,0,0,6514.2,287.8,37.641429
5,3,0,0,5824.2,268.2,44.647333
5,4,0,0,5600.0,251.4,46.539333
5,1,0,0,8398.4,340.4,28.217222
5,2,0,0,6496.4,290.4,40.446667
5,3,0,0,5984.0,274.6,42.579333
5,4,0,0,5768.6,260.2,44.866
5,1,0,0,8208.6,327.8,31.685556
5,2,0,0,6489.8,308.0,38.794762
5,3,0,0,5963.8,321.6,43.99
5,4,0,0,5561.6,274.4,48.386667
15,1,0,0,8283.4,332.8,30.724444
15,2,0,0,6568.4,277.4,38.969047
15,3,0,0,5933.6,273.4,41.006953
15,4,0,0,5680.8,251.2,47.665333
15,1,0,0,8289.4,330.4,28.698611
15,2,0,0,6528.0,278.0,41.551429
15,3,0,0,6036.2,267.0,44.439524
15,4,0,0,5658.2,257.6,44.691333
15,1,0,0,8200.0,327.4,30.696389
15,2,0,0,6410.2,274.4,35.12
15,3,0,0,5874.0,273.0,44.743333
15,4,0,0,5753.0,254.0,45.200095
0,1,0,0,8245.0,320.8,32.242222
0,2,0,0,6567.6,290.2,42.211428
0,3,0,0,5882.6,299.4,43.686667
0,4,0,0,5558.0,299.2,44.510667
0,1,0,0,8333.0,340.6,31.8175
0,2,0,0,6498.4,264.0,37.174762
0,3,0,0,5818.4,314.8,43.52
0,4,0,0,5809.8,282.6,48.406
0,1,0,0,8349.2,319.8,30.109444
0,2,0,0,6417.6,253.6,39.093333
0,3,0,0,5878.6,283.8,46.536667
0,4,0,0,5633.8,296.8,45.469333
5,1,0,0,8258.4,342.0,29.982778
5,2,0,0,6557.2,300.6,40.313333
5,3,0,0,5927.0,309.6,45.028571
5,4,0,0,5577.8,253.0,47.836667
5,1,0,0,8399.6,343.6,30.953611
5,2,0,0,6493.4,274.6,40.250476
5,3,0,0,5914.6,267.2,45.606191
5,4,0,0,5630.4,286.0,46.018667
5,1,0,0,8242.4,342.4,30.934722
5,2,0,0,6390.8,272.0,41.371429
5,3,0,0,6073.6,308.8,44.578571
5,4,0,0,5579.0,286.8,45.215333
15,1,0,0,8307.2,341.0,32.362222
15,2,0,0,6683.8,307.8,39.045714
15,3,0,0,5851.2,300.4,42.551333
15,4,0,0,5385.6,260.6,44.516
15,1,0,0,8343.4,352.6,28.71
15,2,0,0,6434.8,300.0,40.149048
15,3,0,0,5768.6,260.8,46.206667
15,4,0,0,5506.0,244.2,43.596667
15,1,0,0,8361.0,337.6,29.160278
15,2,0,0,6442.8,276.4,40.078095
15,3,0,0,5890.6,284.6,46.046667
15,4,0,0,5624.2,274.8,43.548
0,1,0,0,8141.2,346.0,31.626389
0,2,0,0,6429.6,282.8,37.921905
0,3,0,0,5951.8,286.8,44.393334
0,4,0,0,5542.4,276.8,48.193334
0,1,0,0,8341.0,367.4,30.2725
0,2,0,0,6636.6,272.6,38.975714
0,3,0,0,6160.4,257.4,41.438857
0,4,0,0,5477.0,257.0,48.226667
0,1,0,0,8339.6,376.0,29.703333
0,2,0,0,6568.6,282.6,40.856191
0,3,0,0,5938.6,271.4,41.410667
0,4,0,0,5729.6,247.8,47.530667
5,1,0,0,8320.4,325.0,31.5125
5,2,0,0,6511.8,303.8,37.111429
5,3,0,0,5871.2,314.2,43.435333
5,4,0,0,5777.6,261.2,48.86
5,1,0,0,8372.4,332.2,29.228889
5,2,0,0,6452.0,280.8,38.484762
5,3,0,0,6012.6,296.0,46.128571
5,4,0,0,5474.2,238.6,46.209333
5,1,0,0,8216.6,322.8,29.985556
5,2,0,0,6451.2,269.8,40.841429
5,3,0,0,5824.4,276.8,40.884667
5,4,0,0,5575.6,235.0,42.858
15,1,0,0,8309.2,343.0,32.328889
15,2,0,0,6400.8,273.0,40.182381
15,3,0,0,6002.2,291.4,41.293333
15,4,0,0,5521.0,247.6,44.512
15,1,0,0,8376.0,334.2,30.340556
15,2,0,0,6482.0,303.8,41.139048
15,3,0,0,6143.4,263.4,44.498095
15,4,0,0,5828.6,265.4,46.098
15,1,0,0,8281.0,339.2,30.6825
15,2,0,0,6514.2,279.8,36.561429
15,3,0,0,5934.2,274.6,44.153333
15,4,0,0,5672.4,263.4,45.0
0,1,0,0,8406.4,332.8,30.589167
0,2,0,0,6581.6,271.0,39.31619
0,3,0,0,5807.0,271.2,41.016
0,4,0,0,5601.0,254.6,47.912667
0,1,0,0,8237.8,351.6,31.630278
0,2,0,0,6775.2,296.0,38.515714
0,3,0,0,5795.4,282.2,42.733333
0,4,0,0,5784.2,258.2,47.203333
0,1,0,0,8183.4,308.8,30.846111
0,2,0,0,6449.8,289.0,40.39619
0,3,0,0,5924.4,284.2,44.046667
0,4,0,0,5842.8,303.0,45.692381
5,1,0,0,8268.2,324.4,29.148056
5,2,0,0,6310.0,288.6,41.822857
5,3,0,0,5908.2,285.2,45.356667
5,4,0,0,5589.0,288.8,47.087333
5,1,0,0,8233.4,345.6,28.587222
5,2,0,0,6492.4,268.6,36.664286
5,3,0,0,5976.2,262.8,40.209333
5,4,0,0,5626.2,256.4,43.980667
5,1,0,0,8056.0,342.2,30.983333
5,2,0,0,6493.0,274.6,40.923809
5,3,0,0,5857.0,279.4,42.553333
5,4,0,0,5717.8,250.4,45.552667
15,1,0,0,8243.2,324.2,31.1
15,2,0,0,6513.4,267.4,39.364286
15,3,0,0,5865.6,254.0,40.178
15,4,0,0,5559.6,260.2,48.401333
15,1,0,0,8365.8,342.8,31.878056
15,2,0,0,6499.8,266.2,41.368571
15,3,0,0,5921.6,265.6,40.318667
15,4,0,0,5596.0,242.8,49.766667
15,1,0,0,8176.4,325.4,31.477222
15,2,0,0,6348.4,263.8,38.246667
15,3,0,0,5878.0,283.4,45.866667
15,4,0,0,5788.0,298.0,48.532
0,1,1,0,7819.8,356.8,30.621786
0,2,1,0,6234.8,266.6,42.211428
0,3,1,0,5730.4,289.8,43.238667
0,4,1,0,5566.4,292.4,44.015333
0,1,1,0,7882.2,323.2,32.53
0,2,1,0,6237.0,270.6,41.635238
0,3,1,0,5619.6,245.6,45.87
0,4,1,0,5484.8,243.2,46.114667
0,1,1,0,7905.6,344.2,32.255
0,2,1,0,6353.8,254.8,41.046191
0,3,1,0,5787.0,252.2,43.340952
0,4,1,0,5518.6,239.0,39.851333
0,1,1,0,7859.2,333.4,31.285
0,2,1,0,6375.4,295.0,39.233333
0,3,1,0,5719.2,279.8,44.809333
0,4,1,0,5570.0,229.0,43.589333
0,1,1,0,7910.6,316.8,29.9775
0,2,1,0,6318.0,297.8,40.967143
0,3,1,0,5826.6,264.4,43.483333
0,4,1,0,5525.8,242.8,44.006
0,1,1,0,8009.8,323.4,31.788889
0,2,1,0,6479.0,269.0,38.342381
0,3,1,0,5622.4,253.6,43.826667
0,4,1,0,5452.2,247.2,47.628
0,1,1,0,7888.8,316.8,31.68
0,2,1,0,6490.4,271.6,39.531905
0,3,1,0,5492.8,267.0,43.242667
0,4,1,0,5370.0,257.0,43.848667
0,1,1,0,7857.8,336.4,31.4425
0,2,1,0,6331.4,314.6,36.327619
0,3,1,0,5702.6,276.6,44.472
0,4,1,0,5467.2,278.8,48.12
0,1,1,0,7889.2,348.2,31.1675
0,2,1,0,6296.8,263.2,39.938571
0,3,1,0,5680.6,241.4,43.828667
0,4,1,0,5371.0,266.2,46.704
5,1,1,0,7857.0,320.8,30.154286
5,2,1,0,6288.2,293.8,40.968095
5,3,1,0,5782.2,277.4,46.386667
5,4,1,0,5440.4,274.8,43.634
5,1,1,0,7819.2,317.2,30.201786
5,2,1,0,6402.4,277.6,39.998571
5,3,1,0,5694.6,292.0,44.264
5,4,1,0,5386.0,257.0,45.588667
5,1,1,0,7935.4,348.0,30.765
5,2,1,0,6293.2,294.8,36.186667
5,3,1,0,5668.6,266.6,46.116667
5,4,1,0,5566.6,245.8,45.480667
15,1,1,0,7858.0,310.8,29.378929
15,2,1,0,6468.6,282.8,41.022857
15,3,1,0,5729.8,292.4,42.042
15,4,1,0,5503.8,282.4,44.466667
15,1,1,0,7818.0,331.8,33.325
15,2,1,0,6372.6,266.2,35.977143
15,3,1,0,5737.4,247.4,42.954667
15,4,1,0,5267.4,244.8,44.819333
15,1,1,0,8058.6,325.4,28.525
15,2,1,0,6384.6,282.2,37.559524
15,3,1,0,5512.0,225.6,44.186667
15,4,1,0,5420.8,277.6,46.754667
0,1,1,0,8003.0,344.2,30.505
0,2,1,0,6273.6,270.0,38.660952
0,3,1,0,5756.4,251.0,45.781429
0,4,1,0,5417.4,227.8,47.04
0,1,1,0,8101.2,331.6,30.884444
0,2,1,0,6440.4,315.0,37.353809
0,3,1,0,5520.0,238.4,45.280667
0,4,1,0,5441.4,274.8,45.128
0,1,1,0,7975.4,332.6,28.876071
0,2,1,0,6290.6,286.6,41.065238
0,3,1,0,5586.0,266.8,40.06
0,4,1,0,5603.4,272.2,44.49
5,1,1,0,7837.0,312.0,33.055
5,2,1,0,6379.8,260.2,36.55
5,3,1,0,5656.6,265.2,43.258
5,4,1,0,5649.4,271.6,47.074
5,1,1,0,8068.6,322.2,30.041667
5,2,1,0,6167.8,267.6,41.903334
5,3,1,0,5895.2,267.8,44.884286
5,4,1,0,5330.4,229.8,44.830667
5,1,1,0,7929.2,348.8,28.175
5,2,1,0,6474.0,295.4,41.052381
5,3,1,0,5440.0,265.4,41.418
5,4,1,0,5366.6,239.8,44.428
15,1,1,0,7887.8,317.8,31.8025
15,2,1,0,6335.8,244.4,40.825714
15,3,1,0,5722.6,255.2,46.063333
15,4,1,0,5594.6,259.0,46.974
15,1,1,0,7983.8,326.0,29.17
15,2,1,0,6113.6,262.2,41.226191
15,3,1,0,5785.8,256.8,44.592
15,4,1,0,5255.8,227.0,44.786
15,1,1,0,7973.8,302.8,28.678571
15,2,1,0,6302.0,280.4,41.748095
15,3,1,0,5643.6,264.2,43.814667
15,4,1,0,5400.2,237.6,46.700667
0,1,1,0,7909.6,325.4,30.518929
0,2,1,0,6351.2,268.6,41.079048
0,3,1,0,5930.0,267.0,43.244
0,4,1,0,5384.8,233.6,44.358
0,1,1,0,7837.2,319.2,33.055
0,2,1,0,6242.2,270.2,39.995238
0,3,1,0,5868.0,302.8,44.35
0,4,1,0,5396.6,274.2,44.688667
0,1,1,0,7909.4,332.4,31.251071
0,2,1,0,6240.8,254.2,37.07
0,3,1,0,5663.4,248.2,45.184667
0,4,1,0,5376.6,253.4,47.730667
5,1,1,0,7895.6,323.4,29.047857
5,2,1,0,6301.2,289.0,38.937143
5,3,1,0,5538.4,241.0,40.008
5,4,1,0,5436.6,246.2,45.616667
5,1,1,0,7817.4,320.2,31.37
5,2,1,0,6235.0,300.0,39.734762
5,3,1,0,5630.4,234.4,44.596667
5,4,1,0,5443.8,269.4,47.132667
5,1,1,0,7885.4,326.4,31.8475
5,2,1,0,6422.8,290.8,39.653333
5,3,1,0,5808.4,270.0,42.35
5,4,1,0,5436.2,276.6,46.403333
15,1,1,0,7961.0,358.4,28.753929
15,2,1,0,6290.8,279.4,38.574286
15,3,1,0,5742.8,269.6,44.07
15,4,1,0,5618.2,243.8,48.61381
15,1,1,0,7777.4,335.4,27.797143
15,2,1,0,6372.6,259.0,39.316667
15,3,1,0,5652.4,236.6,43.108667
15,4,1,0,5401.6,232.0,46.200667
15,1,1,0,7974.4,320.8,32.105
15,2,1,0,6293.6,274.2,39.924286
15,3,1,0,5684.4,240.6,45.106667
15,4,1,0,5419.6,250.8,46.928
0,1,1,0,8080.6,332.6,29.173056
0,2,1,0,6273.2,259.2,38.035714
0,3,1,0,5589.0,286.4,39.306667
0,4,1,0,5293.4,224.0,45.98
0,1,1,0,7912.2,316.6,29.183929
0,2,1,0,6255.6,282.6,40.268571
0,3,1,0,5843.8,257.4,45.393333
0,4,1,0,5493.0,271.2,45.853333
0,1,1,0,7892.2,352.6,30.283333
0,2,1,0,6261.6,257.8,39.04
0,3,1,0,5583.4,273.8,41.9
0,4,1,0,5456.8,229.2,46.616
5,1,1,0,7921.8,299.6,28.336786
5,2,1,0,6343.6,282.2,41.942857
5,3,1,0,5679.6,301.0,42.930667
5,4,1,0,5466.0,275.4,45.014667
5,1,1,0,7882.0,319.0,31.4075
5,2,1,0,6516.0,263.0,35.387619
5,3,1,0,5806.0,285.2,46.106667
5,4,1,0,5478.8,251.0,48.214
5,1,1,0,7995.8,315.0,31.955
5,2,1,0,6318.2,276.8,40.427619
5,3,1,0,5717.2,283.2,41.796667
5,4,1,0,5314.0,266.8,47.318
15,1,1,0,7845.2,330.6,32.75
15,2,1,0,6260.4,290.6,39.533333
15,3,1,0,5736.4,248.8,42.502667
15,4,1,0,5394.2,231.2,48.064
15,1,1,0,7996.2,329.8,28.99504
15,2,1,0,6368.6,270.2,39.992857
15,3,1,0,5551.0,230.0,44.139333
15,4,1,0,5563.4,294.2,46.098
15,1,1,0,7953.0,319.6,32.3075
15,2,1,0,6530.4,289.4,37.742976
15,3,1,0,5509.2,274.8,41.26
15,4,1,0,5183.8,246.8,44.972
0,1,1,0,7867.6,318.2,30.336071
0,2,1,0,6251.4,285.0,41.015714
0,3,1,0,5935.4,266.6,43.149048
0,4,1,0,5435.8,237.6,48.616667
0,1,1,0,7793.4,324.2,31.921071
0,2,1,0,6450.4,273.0,39.919048
0,3,1,0,5702.2,247.6,46.386667
0,4,1,0,5398.4,282.8,45.021333
0,1,1,0,8046.4,354.6,31.6175
0,2,1,0,6202.4,278.2,41.475714
0,3,1,0,5664.8,262.6,44.46
0,4,1,0,5374.6,273.6,45.465333
5,1,1,0,7981.6,331.0,33.3
5,2,1,0,6237.6,258.8,40.612857
5,3,1,0,5658.4,257.0,43.934666
5,4,1,0,5462.0,253.4,46.795333
5,1,1,0,7838.8,313.6,31.0725
5,2,1,0,6158.0,286.4,40.386191
5,3,1,0,5623.6,243.4,43.615333
5,4,1,0,5537.2,248.4,43.960667
5,1,1,0,8015.8,321.4,31.704167
5,2,1,0,6476.4,294.4,38.57381
5,3,1,0,5635.2,294.6,42.199333
5,4,1,0,5378.6,269.6,47.175333
15,1,1,0,7975.6,320.2,31.115
15,2,1,0,6337.0,277.4,39.763809
15,3,1,0,5791.4,272.6,42.085333
15,4,1,0,5595.0,240.0,47.284667
15,1,1,0,7891.0,320.6,28.341429
15,2,1,0,6532.8,274.2,38.143333
15,3,1,0,5943.8,276.6,43.84
15,4,1,0,5517.2,248.0,44.897333
15,1,1,0,7876.6,320.6,28.7625
15,2,1,0,6427.6,280.6,37.987619
15,3,1,0,5632.2,259.8,42.5
15,4,1,0,5467.4,257.2,47.946667
0,1,1,0,7957.6,330.0,31.125
0,2,1,0,6265.6,259.8,37.623333
0,3,1,0,5755.0,269.2,46.367143
0,4,1,0,5477.2,276.4,46.450667
0,1,1,0,7805.2,364.2,28.743214
0,2,1,0,6300.6,282.8,42.085714
0,3,1,0,5672.4,262.2,44.914
0,4,1,0,5464.6,280.2,46.112
0,1,1,0,7924.2,329.6,31.4275
0,2,1,0,6304.2,276.8,40.039524
0,3,1,0,5657.4,259.6,45.856667
0,4,1,0,5388.2,243.0,47.088667
5,1,1,0,7864.6,328.0,30.990714
5,2,1,0,6362.2,275.4,37.784286
5,3,1,0,5766.2,295.8,47.073333
5,4,1,0,5355.2,236.6,47.779333
5,1,1,0,7826.2,317.0,29.845
5,2,1,0,6412.8,298.6,39.577143
5,3,1,0,5830.6,254.0,44.256666
5,4,1,0,5443.6,240.6,44.210667
5,1,1,0,7859.4,317.2,31.035
5,2,1,0,6324.0,286.2,37.491905
5,3,1,0,5648.4,267.6,44.680667
5,4,1,0,5272.2,253.8,47.524667
15,1,1,0,7881.4,313.8,32.9125
15,2,1,0,6082.0,276.2,40.366667
15,3,1,0,5569.6,240.0,40.648
15,4,1,0,5217.6,242.2,43.492
15,1,1,0,7996.2,304.6,31.19
15,2,1,0,6341.0,310.0,38.443809
15,3,1,0,5804.0,259.8,46.226667
15,4,1,0,5441.8,237.6,45.659333
15,1,1,0,7847.0,319.6,29.440714
15,2,1,0,6370.2,283.0,41.150952
15,3,1,0,5602.0,286.4,43.894667
15,4,1,0,5579.2,285.8,43.791333
0,1,0,1,46475.8,1645.6,26.949242
0,2,0,1,29565.2,1202.4,41.332414
0,3,0,1,24431.4,1118.4,52.3576
0,4,0,1,21447.0,1080.0,59.188225
0,1,0,1,46581.6,1597.8,26.555745
0,2,0,1,29546.0,1238.6,42.734
0,3,0,1,24274.4,1141.8,52.248867
0,4,0,1,21521.8,1044.4,59.429913
0,1,0,1,46593.2,1634.6,26.61864
0,2,0,1,29605.6,1260.0,42.734
0,3,0,1,24169.0,1089.2,51.7912
0,4,0,1,21341.8,1070.2,60.073636
0,1,0,1,46398.6,1623.8,26.382174
0,2,0,1,29464.0,1211.0,42.475333
0,3,0,1,24475.0,1135.4,52.4792
0,4,0,1,21439.6,1020.8,59.185887
0,1,0,1,46895.4,1645.8,26.434006
0,2,0,1,29585.8,1235.8,42.687333
0,3,0,1,24313.6,1087.0,52.0101
0,4,0,1,21562.0,1023.8,59.630692
0,1,0,1,46608.4,1643.2,26.669898
0,2,0,1,29504.2,1246.6,42.308552
0,3,0,1,24136.4,1100.2,51.809233
0,4,0,1,21451.8,1045.4,59.065065
0,1,0,1,46521.2,1626.0,26.56988
0,2,0,1,29734.4,1215.0,42.123609
0,3,0,1,24312.6,1102.4,52.4768
0,4,0,1,21523.0,1040.8,59.559437
0,1,0,1,46650.2,1621.2,26.389306
0,2,0,1,29773.2,1224.8,42.467914
0,3,0,1,24241.6,1104.6,52.036567
0,4,0,1,21532.4,1050.0,59.61987
0,1,0,1,46424.4,1640.4,26.797123
0,2,0,1,29534.2,1266.6,42.376552
0,3,0,1,24258.6,1074.0,51.701833
0,4,0,1,21376.4,1055.4,59.117792
5,1,0,1,46653.0,1643.0,26.345874
5,2,0,1,29504.0,1229.0,42.563333
5,3,0,1,24334.4,1097.4,52.079033
5,4,0,1,21561.0,1073.2,59.185281
5,1,0,1,46002.4,1614.2,26.294783
5,2,0,1,29576.6,1243.0,41.677655
5,3,0,1,24283.2,1118.4,52.1895
5,4,0,1,21604.0,1033.0,59.58697
5,1,0,1,46488.4,1654.2,26.615328
5,2,0,1,29222.2,1226.2,41.553011
5,3,0,1,23712.0,1080.4,50.928551
5,4,0,1,21363.2,1038.0,59.691905
15,1,0,1,46372.8,1642.2,27.01939
15,2,0,1,29570.6,1217.6,41.973264
15,3,0,1,24564.4,1123.2,52.198033
15,4,0,1,21062.4,1032.6,58.571775
15,1,0,1,46558.0,1614.0,26.661711
15,2,0,1,29665.0,1200.4,41.924437
15,3,0,1,24284.6,1170.2,52.295267
15,4,0,1,21455.6,1028.6,59.436407
15,1,0,1,46564.2,1603.6,26.669019
15,2,0,1,29572.8,1235.0,42.424667
15,3,0,1,24221.6,1097.8,52.163167
15,4,0,1,21316.2,1035.2,58.972294
0,1,0,1,46049.0,1622.2,26.207789
0,2,0,1,29408.8,1195.6,41.177242
0,3,0,1,24403.8,1143.2,52.2994
0,4,0,1,21466.4,1019.0,59.608052
0,1,0,1,46677.8,1637.6,26.490472
0,2,0,1,29501.4,1259.2,42.440299
0,3,0,1,24352.2,1098.6,52.102633
0,4,0,1,21542.6,1047.0,60.028182
0,1,0,1,46522.4,1625.6,26.576956
0,2,0,1,29153.6,1236.8,41.78069
0,3,0,1,24174.6,1098.4,51.840533
0,4,0,1,21418.2,1056.4,59.868182
5,1,0,1,46474.6,1638.2,26.741138
5,2,0,1,29462.2,1235.4,41.842161
5,3,0,1,24405.4,1100.8,52.066667
5,4,0,1,21496.0,991.8,58.444762
5,1,0,1,46663.8,1611.0,26.733894
5,2,0,1,29757.8,1256.0,42.107678
5,3,0,1,24266.8,1106.0,52.335933
5,4,0,1,21599.8,1033.4,59.713939
5,1,0,1,46501.4,1619.8,26.725375
5,2,0,1,29455.0,1230.6,42.620667
5,3,0,1,24109.4,1102.8,52.0351
5,4,0,1,21474.0,1040.2,59.391688
15,1,0,1,46561.4,1614.0,26.896383
15,2,0,1,29510.0,1227.0,42.465127
15,3,0,1,24359.2,1124.0,52.113667
15,4,0,1,21576.4,1043.2,59.146234
15,1,0,1,46747.8,1640.2,25.975652
15,2,0,1,29612.0,1222.6,42.591333
15,3,0,1,24363.0,1088.6,52.123633
15,4,0,1,21117.2,1086.0,58.594545
15,1,0,1,46420.6,1656.2,26.99419
15,2,0,1,29621.0,1234.4,41.557517
15,3,0,1,24159.8,1105.4,51.994167
15,4,0,1,21513.0,1033.2,58.253333
0,1,0,1,45962.0,1633.6,25.859604
0,2,0,1,29057.8,1228.4,41.275468
0,3,0,1,24424.6,1153.6,51.8465
0,4,0,1,21323.2,1032.4,59.634502
0,1,0,1,46640.4,1639.8,26.548612
0,2,0,1,29593.8,1232.4,41.954391
0,3,0,1,24275.6,1101.0,51.999067
0,4,0,1,21607.8,1034.8,59.462554
0,1,0,1,46576.0,1629.8,27.160241
0,2,0,1,29585.0,1249.8,42.157057
0,3,0,1,24234.8,1107.8,52.1388
0,4,0,1,21445.2,1053.8,59.170866
5,1,0,1,46527.2,1626.0,26.495652
5,2,0,1,29481.4,1202.8,42.265126
5,3,0,1,24429.8,1110.2,52.0192
5,4,0,1,21358.6,1084.6,59.26987
5,1,0,1,46540.8,1618.4,26.82111
5,2,0,1,29721.0,1249.6,42.495333
5,3,0,1,24038.8,1083.2,51.350167
5,4,0,1,21178.0,1086.0,58.574848
5,1,0,1,46680.8,1641.6,27.002831
5,2,0,1,29569.6,1252.4,42.16308
5,3,0,1,24092.6,1073.0,52.175
5,4,0,1,21377.0,1073.2,59.393636
15,1,0,1,46563.2,1605.8,27.036078
15,2,0,1,29446.0,1227.2,42.254621
15,3,0,1,24429.4,1127.8,52.154467
15,4,0,1,21111.4,1092.4,58.416277
15,1,0,1,46601.6,1632.8,26.869824
15,2,0,1,29612.4,1250.4,42.009632
15,3,0,1,24343.0,1138.2,51.9914
15,4,0,1,21458.8,1055.8,59.265628
15,1,0,1,46666.2,1624.0,27.098224
15,2,0,1,29554.2,1249.6,42.069471
15,3,0,1,24153.6,1067.4,52.084967
15,4,0,1,21392.2,1049.0,59.232814
0,1,0,1,46543.0,1603.4,26.599593
0,2,0,1,29608.8,1250.4,42.276069
0,3,0,1,24399.2,1129.2,51.746667
0,4,0,1,21373.0,1059.6,59.700216
0,1,0,1,46753.8,1603.8,26.448039
0,2,0,1,29649.0,1241.0,42.552
0,3,0,1,24333.8,1131.2,51.979767
0,4,0,1,21651.0,1061.8,58.93303
0,1,0,1,46538.4,1636.2,26.439565
0,2,0,1,29773.4,1247.2,42.518667
0,3,0,1,24150.4,1113.0,51.495978
0,4,0,1,21414.4,1055.2,59.428874
5,1,0,1,46648.8,1639.2,26.926078
5,2,0,1,29555.2,1259.8,42.486184
5,3,0,1,24373.6,1120.6,52.411533
5,4,0,1,21480.6,1060.0,59.122078
5,1,0,1,46698.6,1621.8,26.417299
5,2,0,1,29497.8,1239.8,42.591333
5,3,0,1,24330.0,1158.8,52.256567
5,4,0,1,21527.0,1046.2,59.202987
5,1,0,1,45898.2,1623.8,26.278696
5,2,0,1,29652.2,1238.2,41.659724
5,3,0,1,24153.2,1118.6,52.093533
5,4,0,1,21000.4,994.8,58.676191
15,1,0,1,46389.4,1631.0,26.975652
15,2,0,1,29015.0,1195.8,41.794483
15,3,0,1,24411.4,1134.4,51.7257
15,4,0,1,21399.0,1053.4,59.774805
15,1,0,1,46544.6,1637.8,26.3
15,2,0,1,29657.2,1271.4,41.998092
15,3,0,1,24259.4,1079.2,52.087133
15,4,0,1,21604.4,1073.2,59.592901
15,1,0,1,46571.0,1639.6,26.723839
15,2,0,1,29647.0,1234.8,41.811379
15,3,0,1,24122.2,1116.8,52.1703
15,4,0,1,21354.4,1026.0,59.062554
0,1,0,1,46542.4,1639.8,26.533894
0,2,0,1,29451.4,1234.4,42.601333
0,3,0,1,24333.8,1112.0,52.481133
0,4,0,1,21434.4,1066.0,59.186104
0,1,0,1,46774.6,1605.2,26.282627
0,2,0,1,29203.0,1220.4,41.324138
0,3,0,1,24398.8,1107.4,52.210267
0,4,0,1,21102.2,1043.6,58.971255
0,1,0,1,46512.6,1691.8,27.070398
0,2,0,1,29640.0,1244.0,42.269655
0,3,0,1,24275.0,1070.6,52.0439
0,4,0,1,21410.0,1067.6,59.620433
5,1,0,1,46511.4,1638.0,26.726115
5,2,0,1,29197.0,1234.6,40.950222
5,3,0,1,24362.6,1055.4,52.5184
5,4,0,1,21485.4,1074.4,59.872727
5,1,0,1,46159.6,1615.6,26.541647
5,2,0,1,29595.4,1198.0,42.348437
5,3,0,1,24228.4,1118.8,51.366667
5,4,0,1,21513.4,1010.6,60.044545
5,1,0,1,46523.0,1612.0,26.407882
5,2,0,1,29631.2,1256.0,41.78823
5,3,0,1,24119.8,1113.8,51.715833
5,4,0,1,21458.4,993.6,58.621256
15,1,0,1,46526.4,1651.4,26.922562
15,2,0,1,29520.2,1221.6,42.401724
15,3,0,1,24280.0,1099.6,52.407633
15,4,0,1,21511.2,1032.4,59.412294
15,1,0,1,46664.2,1644.8,26.992294
15,2,0,1,29121.6,1271.2,41.984828
15,3,0,1,24248.0,1116.8,52.508667
15,4,0,1,21549.2,1042.6,59.741385
15,1,0,1,46609.6,1647.0,26.526531
15,2,0,1,29699.2,1242.0,41.801103
15,3,0,1,24135.6,1105.8,52.040833
15,4,0,1,21183.2,1062.6,58.466493
0,1,0,1,46015.2,1597.8,26.201739
0,2,0,1,29574.8,1218.0,41.835747
0,3,0,1,24367.2,1116.4,52.345567
0,4,0,1,21425.8,1039.0,59.882684
0,1,0,1,46578.4,1630.0,26.530832
0,2,0,1,29196.8,1260.0,42.12292
0,3,0,1,24245.4,1104.2,51.896333
0,4,0,1,21636.4,1061.0,59.946364
0,1,0,1,46669.4,1688.4,26.74642
0,2,0,1,29499.6,1206.2,42.592529
0,3,0,1,24158.4,1108.0,52.138733
0,4,0,1,21469.4,1030.4,59.631299
5,1,0,1,46702.4,1675.6,26.187734
5,2,0,1,29437.0,1238.6,42.510713
5,3,0,1,24295.6,1105.8,51.8193
5,4,0,1,21441.4,1075.8,59.271255
5,1,0,1,46555.0,1630.6,26.934089
5,2,0,1,29608.8,1242.2,42.46223
5,3,0,1,24332.2,1091.2,52.304933
5,4,0,1,21047.2,1045.0,58.688571
5,1,0,1,46548.2,1655.2,27.014394
5,2,0,1,29609.0,1219.4,41.870092
5,3,0,1,24420.8,1120.2,52.030333
5,4,0,1,21413.4,1048.8,58.98
15,1,0,1,46553.2,1613.6,26.674799
15,2,0,1,28918.2,1204.2,41.731724
15,3,0,1,24329.8,1096.4,51.8711
15,4,0,1,21442.2,1054.0,60.02
15,1,0,1,46646.4,1641.8,26.456457
15,2,0,1,29103.0,1204.4,41.71931
15,3,0,1,23812.2,1100.0,51.206594
15,4,0,1,21503.2,1054.2,59.334805
15,1,0,1,45907.4,1638.6,26.28885
15,2,0,1,29783.0,1244.6,42.631075
15,3,0,1,24163.6,1069.8,52.148633
15,4,0,1,21504.8,1068.0,59.404546
0,1,1,1,48600.0,1695.6,26.747041
0,2,1,1,29914.8,1243.4,42.052
0,3,1,1,24574.8,1115.4,52.569533
0,4,1,1,21637.8,1088.6,59.34632
0,1,1,1,49172.0,1760.6,26.730384
0,2,1,1,29815.2,1248.4,42.316188
0,3,1,1,24557.6,1101.4,52.6752
0,4,1,1,22090.0,1096.4,60.501699
0,1,1,1,48173.6,1698.8,26.665833
0,2,1,1,29024.0,1215.8,42.191793
0,3,1,1,24724.2,1147.4,52.648
0,4,1,1,21970.6,1066.2,59.357489
0,1,1,1,48632.8,1714.6,26.686012
0,2,1,1,29957.6,1272.4,42.529287
0,3,1,1,24692.2,1127.6,52.5512
0,4,1,1,22078.6,1092.6,60.200301
0,1,1,1,49061.6,1694.6,26.44415
0,2,1,1,29763.4,1238.2,42.53
0,3,1,1,24682.0,1130.4,52.0289
0,4,1,1,22267.0,1122.0,60.396838
0,1,1,1,48156.8,1668.4,26.503023
0,2,1,1,28948.0,1196.4,42.449655
0,3,1,1,24769.2,1191.6,52.364833
0,4,1,1,22082.4,1111.6,59.903636
0,1,1,1,48798.8,1711.2,26.794771
0,2,1,1,29996.0,1222.4,42.717333
0,3,1,1,24772.4,1164.0,52.3952
0,4,1,1,22026.4,1050.8,60.257947
0,1,1,1,49028.8,1752.0,26.131913
0,2,1,1,29702.8,1214.4,42.597333
0,3,1,1,24640.0,1122.2,52.439033
0,4,1,1,22031.6,1055.2,60.599091
0,1,1,1,48138.6,1720.2,26.459308
0,2,1,1,28865.6,1198.8,42.404138
0,3,1,1,24787.6,1136.2,52.664
0,4,1,1,21852.8,1064.8,60.357273
5,1,1,1,48652.0,1696.6,26.771734
5,2,1,1,29989.2,1252.4,42.852
5,3,1,1,24589.4,1147.8,52.7368
5,4,1,1,22077.6,1096.6,60.619565
5,1,1,1,49101.8,1736.0,26.431148
5,2,1,1,29679.8,1233.4,42.616667
5,3,1,1,24503.0,1095.8,52.511233
5,4,1,1,22038.4,1102.6,60.594387
5,1,1,1,48144.4,1730.0,26.717793
5,2,1,1,28945.0,1194.6,42.46069
5,3,1,1,24154.6,1103.8,51.937833
5,4,1,1,22121.0,1091.8,60.207745
15,1,1,1,48611.8,1696.8,26.598894
15,2,1,1,29630.8,1195.6,42.19
15,3,1,1,24653.0,1126.2,52.255133
15,4,1,1,22058.6,1099.4,60.46332
15,1,1,1,49277.8,1747.4,26.637441
15,2,1,1,29356.6,1233.4,41.617793
15,3,1,1,24626.6,1094.6,52.0524
15,4,1,1,22012.4,1101.8,60.557273
15,1,1,1,48284.4,1667.4,26.909141
15,2,1,1,29102.0,1231.8,42.407563
15,3,1,1,24209.8,1080.4,51.8599
15,4,1,1,21834.0,1050.8,60.64
0,1,1,1,47907.6,1651.4,26.476667
0,2,1,1,29710.0,1234.2,41.870667
0,3,1,1,24603.6,1121.0,51.903567
0,4,1,1,22038.4,1126.6,60.001948
0,1,1,1,49049.4,1727.0,27.084898
0,2,1,1,29152.0,1252.0,42.063448
0,3,1,1,24540.8,1132.6,52.262967
0,4,1,1,22018.6,1089.0,60.737668
0,1,1,1,48161.8,1661.2,26.086152
0,2,1,1,29023.6,1182.8,42.302759
0,3,1,1,24689.4,1189.0,52.6768
0,4,1,1,21965.0,1040.0,60.08
5,1,1,1,48645.4,1733.4,26.617874
5,2,1,1,30206.8,1222.2,42.132642
5,3,1,1,24622.6,1129.0,52.391367
5,4,1,1,22068.2,1116.0,60.431818
5,1,1,1,49132.6,1706.4,26.621264
5,2,1,1,29659.0,1228.0,42.591035
5,3,1,1,24618.8,1133.8,52.66
5,4,1,1,22070.2,1119.8,60.407273
5,1,1,1,48158.4,1663.8,26.397686
5,2,1,1,28899.8,1177.6,42.441379
5,3,1,1,24782.0,1184.8,52.68
5,4,1,1,21998.4,1076.6,60.151818
15,1,1,1,48645.0,1719.8,26.645859
15,2,1,1,30121.4,1262.8,42.008
15,3,1,1,24665.2,1132.0,52.404667
15,4,1,1,21690.2,1040.2,59.531082
15,1,1,1,49243.8,1744.2,26.587415
15,2,1,1,29829.2,1210.6,41.748552
15,3,1,1,24650.4,1159.0,52.605567
15,4,1,1,21966.6,1122.0,60.189827
15,1,1,1,48373.8,1713.6,26.817883
15,2,1,1,28865.2,1175.8,42.116798
15,3,1,1,24760.8,1172.8,52.4685
15,4,1,1,21947.0,1063.4,60.321818
0,1,1,1,48686.6,1739.8,25.875
0,2,1,1,29936.4,1242.0,42.737333
0,3,1,1,24509.6,1127.0,52.393867
0,4,1,1,22168.2,1073.4,60.198854
0,1,1,1,49150.0,1735.0,26.851633
0,2,1,1,29802.4,1259.2,42.608
0,3,1,1,24841.2,1105.0,52.3536
0,4,1,1,22068.6,1153.4,60.351818
0,1,1,1,48156.4,1663.0,26.909583
0,2,1,1,29132.8,1208.0,42.435862
0,3,1,1,24311.6,1132.0,51.605067
0,4,1,1,21959.8,1108.6,60.168788
5,1,1,1,48715.2,1701.4,26.927432
5,2,1,1,29607.4,1227.4,42.302667
5,3,1,1,24615.2,1179.4,52.3109
5,4,1,1,22097.6,1095.0,60.281818
5,1,1,1,49132.4,1684.2,26.502041
5,2,1,1,29747.2,1247.0,42.246
5,3,1,1,24605.8,1160.0,52.6384
5,4,1,1,22117.8,1082.2,60.532055
5,1,1,1,48149.4,1671.2,26.78125
5,2,1,1,29049.4,1238.4,42.250345
5,3,1,1,24900.6,1139.8,52.2664
5,4,1,1,21856.0,1113.2,59.748312
15,1,1,1,48824.2,1701.6,26.93994
15,2,1,1,30011.2,1254.6,42.644624
15,3,1,1,24566.2,1125.4,52.3696
15,4,1,1,21705.8,1104.6,59.581731
15,1,1,1,48976.2,1698.4,26.858325
15,2,1,1,29730.4,1207.6,42.011885
15,3,1,1,24535.6,1118.8,52.466233
15,4,1,1,22118.8,1096.2,59.887273
15,1,1,1,48145.2,1664.4,26.73523
15,2,1,1,28876.4,1184.4,42.365517
15,3,1,1,24696.0,1147.2,52.284833
15,4,1,1,22039.6,1065.2,60.040905
0,1,1,1,48680.6,1686.2,27.016352
0,2,1,1,30050.0,1255.4,42.673226
0,3,1,1,24688.4,1158.0,52.5656
0,4,1,1,22067.0,1133.2,60.385771
0,1,1,1,49173.8,1695.0,26.62929
0,2,1,1,29661.0,1254.6,42.653333
0,3,1,1,24668.6,1151.4,52.4504
0,4,1,1,22078.2,1111.2,60.038312
0,1,1,1,48060.8,1638.6,26.173662
0,2,1,1,28850.8,1197.6,42.402069
0,3,1,1,24590.6,1166.4,52.581333
0,4,1,1,21978.4,1074.6,60.397273
5,1,1,1,48806.2,1695.8,26.519992
5,2,1,1,30031.0,1245.6,42.760666
5,3,1,1,24700.2,1115.0,52.3576
5,4,1,1,22121.0,1133.4,60.610949
5,1,1,1,48956.0,1716.0,26.174507
5,2,1,1,29671.2,1249.0,42.624667
5,3,1,1,24673.6,1147.2,52.4704
5,4,1,1,22126.4,1121.0,60.274546
5,1,1,1,48059.4,1680.2,26.505
5,2,1,1,28412.2,1185.2,41.843448
5,3,1,1,24829.8,1131.4,52.4616
5,4,1,1,21547.4,1039.6,59.068615
15,1,1,1,48585.0,1718.0,26.903979
15,2,1,1,30034.6,1261.6,42.536667
15,3,1,1,24631.6,1097.2,52.6512
15,4,1,1,22049.8,1106.2,60.2
15,1,1,1,49150.8,1731.0,26.278197
15,2,1,1,29704.0,1217.4,42.636
15,3,1,1,24632.2,1131.6,52.624
15,4,1,1,21985.0,1069.4,59.979827
15,1,1,1,48074.2,1727.4,26.229743
15,2,1,1,29030.6,1194.4,42.342069
15,3,1,1,24687.6,1137.6,52.8112
15,4,1,1,21903.2,1061.4,60.253636
0,1,1,1,48636.4,1683.4,26.02625
0,2,1,1,30027.0,1283.2,42.520667
0,3,1,1,24621.6,1117.0,52.7288
0,4,1,1,22133.6,1097.8,60.009091
0,1,1,1,49292.6,1736.8,26.742824
0,2,1,1,29692.2,1228.4,42.340782
0,3,1,1,24619.2,1119.0,52.383333
0,4,1,1,22184.4,1088.6,60.306957
0,1,1,1,48260.0,1691.4,26.364397
0,2,1,1,28987.0,1205.6,42.406207
0,3,1,1,24713.0,1174.2,52.6952
0,4,1,1,21628.8,1061.8,58.739177
5,1,1,1,48619.0,1698.0,26.699532
5,2,1,1,29969.2,1266.4,41.835333
5,3,1,1,24619.2,1152.6,52.4752
5,4,1,1,22080.2,1110.2,59.45039
5,1,1,1,49173.8,1754.2,26.933061
5,2,1,1,29772.8,1220.6,41.950874
5,3,1,1,24631.8,1125.0,52.7536
5,4,1,1,22080.4,1086.2,60.165584
5,1,1,1,48104.2,1705.2,26.987083
5,2,1,1,28964.8,1181.0,42.106872
5,3,1,1,24211.2,1112.8,51.8712
5,4,1,1,21968.6,1061.8,60.434546
15,1,1,1,48779.0,1676.4,26.8004
15,2,1,1,29446.6,1206.0,41.90754
15,3,1,1,24659.8,1143.4,51.8257
15,4,1,1,22005.4,1086.2,60.73
15,1,1,1,49252.0,1746.2,26.206603
15,2,1,1,29337.4,1231.6,41.952138
15,3,1,1,24761.4,1138.2,52.3074
15,4,1,1,22186.2,1083.0,60.656759
15,1,1,1,48152.6,1679.6,27.04375
15,2,1,1,29126.4,1222.8,41.866276
15,3,1,1,24686.0,1148.0,52.3667
15,4,1,1,22006.4,1097.8,59.688182
0,1,1,1,48713.2,1701.0,26.46949
0,2,1,1,30053.4,1236.0,42.706774
0,3,1,1,24559.2,1110.8,52.397167
0,4,1,1,21948.4,1053.4,60.367273
0,1,1,1,49217.6,1733.4,26.150365
0,2,1,1,29700.0,1242.4,42.312575
0,3,1,1,24589.8,1096.2,52.6112
0,4,1,1,22046.4,1104.8,60.714901
0,1,1,1,47989.6,1682.4,26.399309
0,2,1,1,28967.2,1213.6,42.341379
0,3,1,1,24712.4,1142.4,52.4305
0,4,1,1,21565.4,1023.0,59.57303
5,1,1,1,48825.2,1681.6,26.807628
5,2,1,1,29744.6,1192.8,41.66377
5,3,1,1,23637.6,1035.8,56.788152
5,4,1,1,22205.8,1100.8,59.453506
5,1,1,1,49118.8,1743.4,26.814039
5,2,1,1,29705.8,1249.6,42.174713
5,3,1,1,24612.4,1095.6,52.5683
5,4,1,1,22072.2,1098.6,60.65253
5,1,1,1,48108.8,1693.2,26.975417
5,2,1,1,28919.2,1191.8,42.578621
5,3,1,1,24672.4,1122.2,52.7728
5,4,1,1,21968.8,1082.2,60.022078
15,1,1,1,48764.4,1701.4,26.536369
15,2,1,1,30053.4,1263.8,42.542
15,3,1,1,24746.2,1101.6,52.5016
15,4,1,1,22010.0,1088.0,60.029264
15,1,1,1,49121.2,1704.6,26.3925
15,2,1,1,29759.4,1229.6,42.834667
15,3,1,1,24693.0,1132.0,52.6064
15,4,1,1,22028.0,1133.6,60.638301
15,1,1,1,48201.2,1699.4,26.708271
15,2,1,1,28985.4,1203.4,42.195517
15,3,1,1,24650.4,1139.8,52.481767
15,4,1,1,21914.8,1099.2,60.433636
0,1,0,0,58598.2,1991.0,26.400368
0,2,0,0,36209.8,1513.4,44.103243
0,3,0,0,29117.8,1352.4,55.941678
0,4,0,0,25629.2,1317.4,66.282738
0,1,0,0,58428.0,2055.8,26.412794
0,2,0,0,36220.0,1490.4,44.097883
0,3,0,0,28971.6,1376.2,56.037931
0,4,0,0,25787.6,1308.8,66.1
0,1,0,0,58763.0,2041.8,26.629977
0,2,0,0,35931.2,1496.6,43.955238
0,3,0,0,28353.6,1332.4,55.275345
0,4,0,0,25235.4,1266.2,65.607446
0,1,0,0,58690.8,2047.8,26.498498
0,2,0,0,36121.0,1497.2,43.902432
0,3,0,0,29073.6,1402.2,55.834039
0,4,0,0,25611.2,1322.0,65.915415
0,1,0,0,58466.0,2043.0,26.402075
0,2,0,0,36040.8,1509.2,43.827952
0,3,0,0,29093.2,1371.4,55.998621
0,4,0,0,25846.0,1299.6,65.557969
0,1,0,0,58116.4,2056.2,26.240345
0,2,0,0,35867.8,1512.2,43.610873
0,3,0,0,28801.0,1357.2,55.68
0,4,0,0,25096.4,1311.0,65.424
0,1,0,0,58625.4,2026.0,26.633039
0,2,0,0,35666.2,1506.2,43.592778
0,3,0,0,28949.6,1356.4,55.915172
0,4,0,0,25656.8,1380.6,66.295385
0,1,0,0,58484.2,2011.4,26.72955
0,2,0,0,35634.0,1515.4,43.437127
0,3,0,0,29182.0,1351.4,55.648966
0,4,0,0,25698.4,1319.2,66.210769
0,1,0,0,58840.8,2113.6,26.164126
0,2,0,0,35964.4,1499.6,43.473216
0,3,0,0,28870.8,1325.8,55.697906
0,4,0,0,25178.2,1279.8,65.394708
5,1,0,0,58650.2,2035.0,26.456645
5,2,0,0,36064.2,1518.4,43.882222
5,3,0,0,29118.8,1378.0,55.994138
5,4,0,0,25704.4,1321.2,65.959046
5,1,0,0,58535.4,2021.2,26.40626
5,2,0,0,36046.4,1520.2,44.094054
5,3,0,0,29038.0,1359.8,55.772414
5,4,0,0,25721.4,1339.8,66.304616
5,1,0,0,58066.0,2022.4,25.751059
5,2,0,0,36000.0,1501.4,43.608349
5,3,0,0,28926.2,1334.6,55.842759
5,4,0,0,25201.6,1284.2,65.602708
15,1,0,0,58589.8,2005.4,26.533793
15,2,0,0,36181.8,1516.2,43.975
15,3,0,0,29103.0,1392.6,55.447463
15,4,0,0,25571.4,1302.8,66.458461
15,1,0,0,58346.0,2061.2,26.42
15,2,0,0,36080.6,1498.8,43.747778
15,3,0,0,29043.8,1405.6,55.961379
15,4,0,0,25716.0,1319.6,65.898677
15,1,0,0,58839.0,2071.8,26.177948
15,2,0,0,35830.0,1472.4,44.095555
15,3,0,0,28325.2,1355.6,54.934902
15,4,0,0,25237.2,1306.2,65.563846
0,1,0,0,58079.6,1991.0,25.696176
0,2,0,0,36167.0,1500.2,43.942462
0,3,0,0,29069.8,1382.4,56.071793
0,4,0,0,25577.4,1317.4,66.408462
0,1,0,0,58462.8,2016.0,26.584786
0,2,0,0,36015.2,1574.4,43.248556
0,3,0,0,28396.8,1350.8,55.165542
0,4,0,0,25113.8,1279.4,65.0736
0,1,0,0,58776.6,2044.2,26.721356
0,2,0,0,35471.2,1506.0,43.428206
0,3,0,0,28425.0,1357.0,55.381379
0,4,0,0,25153.6,1288.2,65.391631
5,1,0,0,58789.8,2038.2,26.676411
5,2,0,0,36257.2,1506.4,44.037943
5,3,0,0,29074.8,1354.2,55.704588
5,4,0,0,25719.2,1293.8,65.793477
5,1,0,0,58479.4,2046.0,26.614483
5,2,0,0,36032.0,1484.4,44.166667
5,3,0,0,29072.8,1363.8,55.937678
5,4,0,0,25837.6,1350.4,65.7936
5,1,0,0,58826.8,2036.8,26.35353
5,2,0,0,35877.0,1490.6,44.129444
5,3,0,0,28831.4,1394.8,55.89931
5,4,0,0,25206.2,1256.8,65.2384
15,1,0,0,57852.8,1997.8,25.936963
15,2,0,0,36137.0,1491.4,43.730555
15,3,0,0,29024.8,1369.2,56.075172
15,4,0,0,25940.0,1364.2,66.01718
15,1,0,0,58300.2,2002.4,26.349384
15,2,0,0,36270.0,1501.4,43.911201
15,3,0,0,29065.0,1395.8,55.81931
15,4,0,0,25700.2,1290.0,66.028615
15,1,0,0,58699.0,2090.2,26.71827
15,2,0,0,35950.8,1495.2,43.466794
15,3,0,0,28468.2,1328.2,54.883003
15,4,0,0,25149.2,1246.4,65.313969
0,1,0,0,58578.4,2008.0,26.679223
0,2,0,0,36226.6,1532.2,43.33
0,3,0,0,28924.6,1381.0,55.841503
0,4,0,0,25675.2,1361.2,66.378461
0,1,0,0,58358.0,1999.4,26.545739
0,2,0,0,36129.4,1502.6,43.902778
0,3,0,0,29025.4,1383.2,55.9
0,4,0,0,25671.0,1333.4,66.210923
0,1,0,0,58711.8,2073.2,26.278223
0,2,0,0,35943.0,1497.8,44.1
0,3,0,0,28975.0,1334.2,55.918621
0,4,0,0,25136.8,1281.6,65.521323
5,1,0,0,58747.6,2014.2,26.316376
5,2,0,0,36258.4,1543.2,43.833784
5,3,0,0,29123.4,1379.8,56.051035
5,4,0,0,25799.8,1339.8,65.984677
5,1,0,0,57701.4,1973.4,25.84709
5,2,0,0,36105.0,1539.6,43.531111
5,3,0,0,29028.0,1360.0,56.009655
5,4,0,0,25680.2,1333.2,66.073108
5,1,0,0,58930.0,2031.4,26.424231
5,2,0,0,35483.2,1519.4,42.89373
5,3,0,0,28470.2,1345.0,55.34
5,4,0,0,25204.2,1281.8,65.579323
15,1,0,0,58784.0,2042.2,26.652875
15,2,0,0,36197.8,1527.6,44.04949
15,3,0,0,28955.6,1337.0,55.926207
15,4,0,0,25549.6,1337.4,66.484615
15,1,0,0,58394.8,2030.2,26.67069
15,2,0,0,35995.4,1494.6,44.064444
15,3,0,0,29084.6,1400.4,55.888965
15,4,0,0,25743.0,1351.2,66.147692
15,1,0,0,58951.2,2084.4,26.67744
15,2,0,0,36055.8,1490.6,43.602004
15,3,0,0,28880.6,1342.6,55.911724
15,4,0,0,25187.2,1280.2,65.291015
0,1,0,0,58688.8,2048.8,26.31218
0,2,0,0,36192.6,1501.4,44.100045
0,3,0,0,29152.0,1364.4,55.953494
0,4,0,0,25708.6,1298.6,66.406923
0,1,0,0,58474.8,2051.8,26.459217
0,2,0,0,35655.2,1496.8,43.241826
0,3,0,0,29086.2,1374.2,55.669956
0,4,0,0,25796.2,1316.8,66.073419
0,1,0,0,58776.2,2045.8,26.786102
0,2,0,0,35905.0,1483.6,43.675191
0,3,0,0,28953.6,1380.6,55.817242
0,4,0,0,25121.6,1304.0,65.3336
5,1,0,0,58541.8,2050.4,26.708913
5,2,0,0,35567.2,1506.0,43.592825
5,3,0,0,29150.8,1338.0,55.871862
5,4,0,0,25698.8,1328.2,66.273846
5,1,0,0,58508.0,2048.2,26.685248
5,2,0,0,36045.6,1492.8,43.663889
5,3,0,0,28520.2,1355.0,54.643251
5,4,0,0,25785.6,1324.2,66.361539
5,1,0,0,58750.0,2049.8,26.494284
5,2,0,0,36103.8,1502.6,43.56364
5,3,0,0,28870.8,1327.6,55.703572
5,4,0,0,24683.4,1250.0,64.3326
15,1,0,0,58743.0,2041.4,26.67391
15,2,0,0,36077.6,1553.6,43.850429
15,3,0,0,28951.0,1339.4,55.72298
15,4,0,0,25697.6,1305.0,66.166923
15,1,0,0,58469.2,2058.2,26.703653
15,2,0,0,35996.6,1486.0,43.468952
15,3,0,0,29046.0,1329.4,55.818552
15,4,0,0,25613.4,1313.0,66.056492
15,1,0,0,58020.6,2045.8,26.251034
15,2,0,0,36048.4,1525.6,43.595555
15,3,0,0,28963.6,1338.8,55.728965
15,4,0,0,25301.0,1284.6,65.1
0,1,0,0,58595.8,2065.0,26.452145
0,2,0,0,35713.4,1484.0,43.561556
0,3,0,0,28913.8,1309.0,55.606576
0,4,0,0,25751.4,1302.8,66.052154
0,1,0,0,58423.0,2024.4,26.58533
0,2,0,0,36149.4,1508.2,43.601397
0,3,0,0,29079.4,1394.4,56.0
0,4,0,0,25848.8,1375.8,65.408892
0,1,0,0,58691.6,2031.0,26.325091
0,2,0,0,36053.2,1499.2,43.91
0,3,0,0,28201.2,1313.4,55.078571
0,4,0,0,24627.6,1237.2,64.867067
5,1,0,0,58650.0,2072.2,26.646441
5,2,0,0,36263.2,1504.2,43.645876
5,3,0,0,29016.0,1326.8,56.072897
5,4,0,0,25659.2,1388.2,66.35
5,1,0,0,58491.8,2029.6,26.723133
5,2,0,0,36165.4,1531.8,44.17021
5,3,0,0,29016.6,1356.2,55.895517
5,4,0,0,25661.0,1326.2,66.363108
5,1,0,0,58175.2,2030.8,26.066785
5,2,0,0,35844.0,1525.0,43.713175
5,3,0,0,28953.6,1320.2,55.749154
5,4,0,0,24697.2,1283.0,64.525767
15,1,0,0,58852.0,2052.0,26.657358
15,2,0,0,36128.0,1516.0,43.951396
15,3,0,0,28976.8,1378.0,56.035862
15,4,0,0,25729.6,1312.0,65.743323
15,1,0,0,58321.8,2024.2,26.652741
15,2,0,0,35488.4,1500.8,43.667778
15,3,0,0,28959.0,1358.4,55.822758
15,4,0,0,25783.0,1320.6,66.141652
15,1,0,0,58827.6,2038.0,26.587569
15,2,0,0,35938.0,1527.4,43.27681
15,3,0,0,28754.6,1335.0,55.534384
15,4,0,0,24523.2,1220.4,65.0648
0,1,0,0,58679.8,2017.8,26.37931
0,2,0,0,36236.0,1524.6,43.949985
0,3,0,0,28964.2,1362.6,55.951724
0,4,0,0,25611.4,1312.0,66.174523
0,1,0,0,57620.2,1997.2,26.174029
0,2,0,0,36078.4,1486.4,43.571104
0,3,0,0,29009.4,1345.4,55.727414
0,4,0,0,25108.8,1291.2,65.3592
0,1,0,0,58967.4,2064.6,26.871186
0,2,0,0,35991.8,1507.8,43.597381
0,3,0,0,28761.8,1326.4,55.822069
0,4,0,0,25142.6,1267.8,65.267769
5,1,0,0,58768.6,2012.8,26.602308
5,2,0,0,36068.6,1493.4,44.035556
5,3,0,0,29074.0,1365.6,55.756552
5,4,0,0,25655.2,1333.6,66.299323
5,1,0,0,58383.6,2028.8,26.379728
5,2,0,0,35991.2,1523.4,44.288333
5,3,0,0,29032.4,1348.0,55.785494
5,4,0,0,25609.8,1321.6,66.400769
5,1,0,0,58708.2,2041.0,26.410736
5,2,0,0,35929.4,1522.0,44.024445
5,3,0,0,28949.0,1355.4,55.84138
5,4,0,0,25056.4,1275.4,65.5976
15,1,0,0,58596.4,2011.4,26.568439
15,2,0,0,36156.2,1513.0,44.046667
15,3,0,0,29262.8,1377.8,55.886092
15,4,0,0,25691.4,1329.6,65.818092
15,1,0,0,58295.2,2020.8,26.408714
15,2,0,0,36028.6,1537.6,44.205555
15,3,0,0,29117.2,1364.6,55.610128
15,4,0,0,25020.8,1258.8,65.5384
15,1,0,0,58799.0,2040.8,26.442151
15,2,0,0,35929.0,1523.6,43.478603
15,3,0,0,28833.8,1349.2,55.771872
15,4,0,0,24700.0,1251.0,64.8976
0,1,1,0,61227.4,2116.6,26.583189
0,2,1,0,35334.2,1488.6,43.814921
0,3,1,0,29543.2,1377.8,56.273218
0,4,1,0,26056.2,1307.0,66.637692
0,1,1,0,60172.8,2085.6,26.772
0,2,1,0,36155.4,1517.0,43.772222
0,3,1,0,29596.6,1390.6,56.296276
0,4,1,0,26200.2,1339.2,66.762137
0,1,1,0,59911.8,2115.8,26.547582
0,2,1,0,35302.0,1478.2,44.247032
0,3,1,0,29217.2,1359.2,56.093199
0,4,1,0,26508.4,1349.2,67.10037
0,1,1,0,61328.2,2175.2,26.54111
0,2,1,0,35384.6,1461.8,44.299095
0,3,1,0,28929.0,1329.8,55.472734
0,4,1,0,26202.8,1322.4,66.766125
0,1,1,0,60297.8,2107.2,26.845666
0,2,1,0,36106.4,1488.4,43.823048
0,3,1,0,29741.4,1383.4,56.356667
0,4,1,0,26186.6,1314.8,66.698091
0,1,1,0,59773.0,2080.8,26.785825
0,2,1,0,35344.8,1475.0,44.054508
0,3,1,0,29185.4,1390.6,56.000391
0,4,1,0,26299.8,1317.2,66.851795
0,1,1,0,61522.8,2152.4,26.452344
0,2,1,0,35324.2,1448.2,43.80946
0,3,1,0,29528.6,1398.2,56.465333
0,4,1,0,25732.2,1314.0,65.486369
0,1,1,0,60266.6,2094.8,26.800333
0,2,1,0,36306.2,1547.0,43.528333
0,3,1,0,29683.4,1341.8,56.457333
0,4,1,0,26405.4,1373.0,66.297179
0,1,1,0,59798.2,2088.8,26.614819
0,2,1,0,35242.8,1460.2,43.962508
0,3,1,0,29137.6,1380.0,56.015862
0,4,1,0,26387.8,1350.4,66.578461
5,1,1,0,61444.8,2190.0,26.219344
5,2,1,0,35274.2,1445.0,44.034921
5,3,1,0,29656.8,1362.4,55.824115
5,4,1,0,26100.2,1293.6,66.75151
5,1,1,0,60443.8,2146.2,26.314874
5,2,1,0,36114.8,1499.2,44.08464
5,3,1,0,29637.0,1390.0,56.221586
5,4,1,0,26234.4,1294.6,66.755869
5,1,1,0,59783.8,2075.4,26.669627
5,2,1,0,35470.6,1527.6,43.53591
5,3,1,0,29358.4,1373.2,55.68892
5,4,1,0,26287.6,1343.8,66.793077
15,1,1,0,61412.2,2108.4,26.396853
15,2,1,0,35364.2,1525.0,43.881556
15,3,1,0,28870.6,1351.2,55.799311
15,4,1,0,26105.0,1331.6,66.722935
15,1,1,0,60349.2,2099.0,26.535867
15,2,1,0,36248.2,1531.4,43.351667
15,3,1,0,29749.4,1390.6,56.214437
15,4,1,0,26354.6,1344.8,66.394558
15,1,1,0,59677.2,2074.6,26.831859
15,2,1,0,35313.6,1460.4,43.865826
15,3,1,0,28623.8,1341.6,55.323744
15,4,1,0,26395.8,1371.4,67.145328
0,1,1,0,60550.8,2134.8,26.010513
0,2,1,0,35274.2,1456.6,43.726286
0,3,1,0,29613.6,1399.0,55.45646
0,4,1,0,26246.6,1350.6,66.926296
0,1,1,0,60437.2,2079.2,26.195728
0,2,1,0,36195.6,1518.0,43.826413
0,3,1,0,29557.0,1402.2,56.475333
0,4,1,0,26212.6,1368.8,66.824672
0,1,1,0,59852.4,2051.0,26.811333
0,2,1,0,35210.2,1475.4,44.031206
0,3,1,0,29245.2,1377.2,55.874782
0,4,1,0,26289.2,1321.4,66.695384
5,1,1,0,61545.0,2174.0,26.686457
5,2,1,0,35245.4,1437.6,44.094556
5,3,1,0,29688.8,1389.4,55.995609
5,4,1,0,26190.4,1316.2,66.700741
5,1,1,0,60564.6,2109.0,26.450618
5,2,1,0,36246.2,1528.4,44.171216
5,3,1,0,29718.2,1389.6,56.245655
5,4,1,0,26190.0,1325.2,66.783305
5,1,1,0,60058.2,2066.2,26.172955
5,2,1,0,35241.2,1479.0,44.050873
5,3,1,0,29025.6,1324.8,55.88468
5,4,1,0,26473.0,1359.6,66.618034
15,1,1,0,60964.4,2122.4,26.137929
15,2,1,0,34842.8,1447.4,43.190538
15,3,1,0,29507.4,1382.8,56.349793
15,4,1,0,26104.0,1329.6,66.645584
15,1,1,0,60356.8,2094.4,26.711006
15,2,1,0,36059.6,1495.4,44.109445
15,3,1,0,29602.2,1420.8,56.442
15,4,1,0,26275.8,1342.4,66.635128
15,1,1,0,59661.6,2108.0,26.580237
15,2,1,0,35309.6,1462.4,44.085222
15,3,1,0,28618.2,1352.2,55.608966
15,4,1,0,26394.0,1362.6,66.677293
0,1,1,0,60722.2,2131.8,25.855442
0,2,1,0,35219.8,1496.8,43.602786
0,3,1,0,29504.0,1386.2,55.944138
0,4,1,0,26150.8,1331.0,66.717806
0,1,1,0,60518.2,2115.4,26.233333
0,2,1,0,36296.2,1515.2,43.668964
0,3,1,0,29694.4,1430.4,56.501333
0,4,1,0,26378.0,1318.4,66.506467
0,1,1,0,59994.0,2149.6,26.718435
0,2,1,0,35250.4,1464.8,43.781825
0,3,1,0,29112.8,1323.8,55.965287
0,4,1,0,26320.8,1308.2,66.829601
5,1,1,0,61261.2,2116.6,26.479016
5,2,1,0,35308.0,1495.6,44.02627
5,3,1,0,29513.2,1413.2,56.220207
5,4,1,0,26066.6,1337.6,66.298277
5,1,1,0,60389.8,2087.0,26.028214
5,2,1,0,36170.4,1503.4,44.054519
5,3,1,0,29608.2,1405.4,56.522
5,4,1,0,26210.6,1324.8,66.762222
5,1,1,0,59823.4,2097.8,26.476254
5,2,1,0,35292.6,1493.2,43.890302
5,3,1,0,29081.4,1318.4,55.579951
5,4,1,0,26441.8,1378.0,67.164445
15,1,1,0,61262.6,2101.2,26.361716
15,2,1,0,35268.8,1461.6,43.955921
15,3,1,0,29235.4,1336.2,55.379173
15,4,1,0,26037.2,1392.4,66.770513
15,1,1,0,60259.8,2120.6,26.703
15,2,1,0,36234.4,1515.2,43.843483
15,3,1,0,29666.8,1413.6,56.147678
15,4,1,0,26239.6,1288.8,66.616239
15,1,1,0,59936.6,2093.8,26.566723
15,2,1,0,35375.2,1479.6,43.761524
15,3,1,0,29030.6,1359.0,56.046897
15,4,1,0,26425.8,1377.0,66.972536
0,1,1,0,61360.8,2117.8,26.320656
0,2,1,0,35233.2,1473.0,43.946841
0,3,1,0,29605.0,1377.2,55.933839
0,4,1,0,26204.6,1330.4,66.695783
0,1,1,0,60378.0,2089.6,26.088763
0,2,1,0,36150.0,1501.8,44.173333
0,3,1,0,29698.0,1421.8,56.265333
0,4,1,0,26268.4,1316.8,67.125555
0,1,1,0,59648.8,2068.0,26.527537
0,2,1,0,35178.6,1485.6,43.997238
0,3,1,0,29191.0,1361.0,56.294391
0,4,1,0,26396.8,1340.0,66.900655
5,1,1,0,61373.4,2130.6,26.522623
5,2,1,0,35349.0,1477.4,44.031873
5,3,1,0,29626.4,1415.6,56.183356
5,4,1,0,26182.0,1331.0,66.536923
5,1,1,0,60291.2,2044.4,26.323667
5,2,1,0,36070.6,1494.8,43.921667
5,3,1,0,29752.8,1433.0,56.327333
5,4,1,0,26288.6,1363.2,66.879231
5,1,1,0,59747.0,2046.0,26.320661
5,2,1,0,35267.0,1488.2,43.933603
5,3,1,0,29303.8,1380.2,56.002023
5,4,1,0,26270.2,1377.0,66.691111
15,1,1,0,61484.0,2124.2,26.654669
15,2,1,0,35306.8,1485.4,43.88646
15,3,1,0,29502.6,1411.2,56.281379
15,4,1,0,26202.6,1318.8,66.356923
15,1,1,0,60330.6,2098.2,26.594956
15,2,1,0,36134.2,1489.2,44.048904
15,3,1,0,29639.0,1414.0,56.240414
15,4,1,0,25697.0,1350.0,65.974831
15,1,1,0,59901.8,2102.6,26.636322
15,2,1,0,34756.2,1452.2,43.376571
15,3,1,0,29118.4,1398.6,55.62
15,4,1,0,26337.2,1317.2,67.195527
0,1,1,0,60671.0,2140.2,25.88971
0,2,1,0,35313.6,1488.4,43.523824
0,3,1,0,29458.2,1394.4,56.188276
0,4,1,0,26060.2,1319.0,66.685385
0,1,1,0,60251.8,2089.6,26.17391
0,2,1,0,35577.2,1495.6,43.553127
0,3,1,0,29674.8,1399.6,56.331333
0,4,1,0,26146.0,1327.4,66.619231
0,1,1,0,59834.2,2097.4,26.583192
0,2,1,0,35401.8,1468.0,43.689405
0,3,1,0,29118.0,1394.8,56.117931
0,4,1,0,26384.2,1350.6,66.58037
5,1,1,0,61329.8,2094.8,26.338557
5,2,1,0,35342.6,1481.2,43.849543
5,3,1,0,29528.6,1418.4,55.925609
5,4,1,0,25591.6,1332.8,65.729538
5,1,1,0,59522.4,2041.4,26.077977
5,2,1,0,36246.2,1518.0,43.831712
5,3,1,0,29654.8,1355.8,56.172897
5,4,1,0,26246.8,1360.8,66.564644
5,1,1,0,59963.4,2121.0,26.572667
5,2,1,0,35151.6,1518.0,43.145042
5,3,1,0,29152.0,1359.2,55.764781
5,4,1,0,26274.4,1359.4,66.619231
15,1,1,0,61393.0,2146.4,26.799471
15,2,1,0,34704.4,1468.4,43.226639
15,3,1,0,29558.4,1377.6,56.197057
15,4,1,0,26206.8,1329.6,66.856781
15,1,1,0,60271.4,2129.0,26.493463
15,2,1,0,36246.4,1546.2,44.011742
15,3,1,0,28932.0,1352.2,55.616502
15,4,1,0,25603.6,1296.6,66.170123
15,1,1,0,59798.0,2057.6,26.504299
15,2,1,0,35269.2,1504.8,43.878444
15,3,1,0,29205.0,1347.4,56.019701
15,4,1,0,26369.8,1366.6,67.073105
0,1,1,0,61379.4,2140.4,26.601978
0,2,1,0,34806.8,1469.6,43.300067
0,3,1,0,29539.6,1395.4,56.243379
0,4,1,0,26196.2,1344.6,66.46
0,1,1,0,60321.4,2086.2,26.720333
0,2,1,0,36353.8,1529.0,43.946577
0,3,1,0,29565.6,1389.2,56.284781
0,4,1,0,26278.0,1339.8,66.758547
0,1,1,0,59913.2,2100.2,26.218186
0,2,1,0,35222.6,1434.8,44.012762
0,3,1,0,28471.2,1382.8,55.477167
0,4,1,0,25827.0,1314.0,66.395385
5,1,1,0,61235.8,2166.0,26.622453
5,2,1,0,35344.4,1453.2,43.929556
5,3,1,0,29558.4,1372.0,55.989586
5,4,1,0,26129.0,1337.6,66.603077
5,1,1,0,60241.6,2104.2,26.443708
5,2,1,0,36240.6,1556.8,44.009294
5,3,1,0,29682.6,1372.2,56.482
5,4,1,0,26330.0,1281.8,66.722023
5,1,1,0,59794.4,2137.6,26.442865
5,2,1,0,35319.8,1488.4,43.895413
5,3,1,0,29125.2,1333.2,55.932379
5,4,1,0,26348.6,1348.6,67.022507
15,1,1,0,61302.6,2175.6,26.354754
15,2,1,0,35312.0,1467.2,43.817667
15,3,1,0,29569.0,1400.8,56.392667
15,4,1,0,26145.8,1317.8,66.66
15,1,1,0,60319.0,2116.8,26.511
15,2,1,0,36168.6,1533.8,44.235811
15,3,1,0,29659.4,1356.0,56.338874
15,4,1,0,26315.0,1365.4,66.564907
15,1,1,0,59725.8,2070.6,26.804085
15,2,1,0,35231.6,1508.4,43.981603
15,3,1,0,29102.2,1342.0,56.029655
15,4,1,0,25827.4,1337.0,66.393077
