noAltRef,allowResize,columnTiling,Threads,Performance-,Cpu-
0,0,0,1,86920.4,3.881844
0,0,0,2,86441.2,3.863023
0,0,0,4,86236.0,3.896279
0,0,0,8,86426.6,3.940698
0,0,0,1,86707.4,3.864857
0,0,0,2,86448.0,3.845383
0,0,0,4,86558.4,3.78093
0,0,0,8,86496.0,3.926744
0,0,0,1,86420.6,3.97003
0,0,0,2,86397.8,3.879767
0,0,0,4,86329.0,3.766544
0,0,0,8,86838.6,3.936249
0,0,0,1,86543.4,3.837359
0,0,0,2,86447.2,3.839598
0,0,0,4,86673.2,3.854854
0,0,0,8,86499.8,3.873023
0,0,0,1,86464.0,3.953721
0,0,0,2,86340.2,3.913023
0,0,0,4,86369.6,3.814884
0,0,0,8,86393.4,3.839262
0,0,0,1,86449.4,3.910232
0,0,0,2,86572.8,3.868516
0,0,0,4,86338.2,3.901283
0,0,0,8,86263.8,3.903548
0,0,0,1,86546.4,4.105506
0,0,0,2,86715.2,3.909276
0,0,0,4,86639.0,3.866744
0,0,0,8,86490.2,3.848692
0,0,0,1,86447.8,3.916423
0,0,0,2,86530.2,3.732657
0,0,0,4,86639.6,3.975049
0,0,0,8,86327.2,3.866334
0,0,0,1,86351.2,3.863721
0,0,0,2,86617.4,4.036047
0,0,0,4,86484.0,3.910307
0,0,0,8,86665.2,3.877295
0,0,0,1,86784.6,3.869776
0,0,0,2,86925.2,3.906629
0,0,0,4,87072.0,3.90711
0,0,0,8,86632.6,3.859738
0,0,0,1,86481.6,3.815116
0,0,0,2,86855.2,3.749767
0,0,0,4,86698.4,3.80123
0,0,0,8,86717.4,3.92267
0,0,0,1,86689.4,3.882791
0,0,0,2,86433.8,3.789661
0,0,0,4,87178.6,3.904598
0,0,0,8,86937.4,4.071374
0,0,0,1,86696.4,3.833678
0,0,0,2,86866.2,3.91988
0,0,0,4,86661.6,3.893521
0,0,0,8,86868.2,3.901855
0,0,0,1,86580.2,4.004611
0,0,0,2,86656.0,3.920933
0,0,0,4,86661.2,3.927518
0,0,0,8,86712.2,3.871043
0,0,0,1,86913.4,3.835167
0,0,0,2,86908.8,3.909668
0,0,0,4,86901.8,3.921139
0,0,0,8,86469.2,3.876205
0,0,0,1,86404.2,3.824867
0,0,0,2,86621.8,3.821395
0,0,0,4,86612.8,3.920698
0,0,0,8,86700.4,3.834052
0,0,0,1,86698.8,3.915056
0,0,0,2,86770.2,3.86583
0,0,0,4,86636.4,3.882326
0,0,0,8,86712.2,3.962831
0,0,0,1,86924.0,3.911949
0,0,0,2,86944.2,3.910337
0,0,0,4,86993.8,3.819369
0,0,0,8,86801.8,3.698605
0,0,1,1,87335.2,3.845172
0,0,1,2,53574.2,6.278015
0,0,1,4,53410.0,6.480755
0,0,1,8,53369.2,6.406792
0,0,1,1,86993.6,3.909425
0,0,1,2,53543.2,6.427372
0,0,1,4,53489.6,6.434808
0,0,1,8,53529.0,6.383382
0,0,1,1,87212.2,3.856437
0,0,1,2,53727.8,6.456471
0,0,1,4,53685.6,6.474514
0,0,1,8,53537.0,6.433683
0,0,1,1,86947.8,3.858356
0,0,1,2,53718.0,6.483194
0,0,1,4,53616.0,6.449476
0,0,1,8,53443.2,6.388106
0,0,1,1,87377.2,3.896001
0,0,1,2,53721.2,6.44884
0,0,1,4,53654.8,6.200992
0,0,1,8,53472.8,6.355842
0,0,1,1,87246.2,3.874232
0,0,1,2,53576.8,6.512914
0,0,1,4,53508.8,6.429057
0,0,1,8,53374.2,6.489434
0,0,1,1,87452.4,3.887816
0,0,1,2,53502.4,6.55434
0,0,1,4,53433.0,6.316227
0,0,1,8,53416.4,6.407163
0,0,1,1,87238.4,3.878912
0,0,1,2,53512.2,6.458644
0,0,1,4,53511.6,6.40051
0,0,1,8,53260.6,6.456604
0,0,1,1,87201.4,3.900332
0,0,1,2,53426.4,6.549811
0,0,1,4,53607.6,6.332928
0,0,1,8,53593.0,6.458658
0,0,1,1,86178.0,3.895806
0,0,1,2,53731.8,6.485597
0,0,1,4,53410.0,6.506415
0,0,1,8,53489.2,6.269811
0,0,1,1,86300.6,3.893804
0,0,1,2,53688.8,6.432858
0,0,1,4,53482.0,6.235178
0,0,1,8,53500.8,6.355716
0,0,1,1,86313.0,3.834049
0,0,1,2,53847.8,6.410426
0,0,1,4,53384.0,6.353208
0,0,1,8,53498.2,6.487925
0,0,1,1,86188.8,3.832528
0,0,1,2,53903.4,6.416171
0,0,1,4,53560.4,6.477533
0,0,1,8,53514.0,6.48
0,0,1,1,86339.6,3.893721
0,0,1,2,53901.4,6.398588
0,0,1,4,53671.2,6.464745
0,0,1,8,53334.6,6.520377
0,0,1,1,86534.2,3.882326
0,0,1,2,53678.2,6.364675
0,0,1,4,53393.4,6.473585
0,0,1,8,53748.8,6.302292
0,0,1,1,86409.4,3.925494
0,0,1,2,53586.4,6.441125
0,0,1,4,53422.0,6.350189
0,0,1,8,53418.4,6.362774
0,0,1,1,86464.2,3.930465
0,0,1,2,53623.2,6.420587
0,0,1,4,53342.0,6.41079
0,0,1,8,53385.4,6.321887
0,0,1,1,86465.6,3.835349
0,0,1,2,53763.2,6.474759
0,0,1,4,53580.8,6.446736
0,0,1,8,53458.8,6.221132
0,1,0,1,86483.8,3.908605
0,1,0,2,86730.8,3.753946
0,1,0,4,86322.6,3.869174
0,1,0,8,86511.6,3.918837
0,1,0,1,86700.2,3.882465
0,1,0,2,86414.0,3.917031
0,1,0,4,86536.0,3.936977
0,1,0,8,86250.4,3.76887
0,1,0,1,86317.8,3.883488
0,1,0,2,86294.2,3.858728
0,1,0,4,86535.8,3.846279
0,1,0,8,86387.2,3.821152
0,1,0,1,86404.2,3.872558
0,1,0,2,86591.4,3.825581
0,1,0,4,86395.4,3.870886
0,1,0,8,86702.8,3.922558
0,1,0,1,86458.6,3.842791
0,1,0,2,86492.0,3.952951
0,1,0,4,86479.4,3.889365
0,1,0,8,86483.2,3.875925
0,1,0,1,86524.8,3.909767
0,1,0,2,86658.6,3.941003
0,1,0,4,86467.2,3.889785
0,1,0,8,86517.4,3.90093
0,1,0,1,86565.8,3.830364
0,1,0,2,86240.0,3.88814
0,1,0,4,86602.0,3.894651
0,1,0,8,86445.8,3.90093
0,1,0,1,86508.8,3.75774
0,1,0,2,86480.8,3.883023
0,1,0,4,86331.0,3.888372
0,1,0,8,86555.4,3.886276
0,1,0,1,86425.0,3.877907
0,1,0,2,86460.4,3.868837
0,1,0,4,86702.0,3.893991
0,1,0,8,86560.8,3.887554
0,1,0,1,86701.6,3.91718
0,1,0,2,86850.0,3.920083
0,1,0,4,86608.8,3.908837
0,1,0,8,87177.8,3.950158
0,1,0,1,86582.8,3.847787
0,1,0,2,87058.8,3.880842
0,1,0,4,86637.4,3.856977
0,1,0,8,86797.2,3.850465
0,1,0,1,86583.6,3.812558
0,1,0,2,86788.6,3.853135
0,1,0,4,86457.0,3.889975
0,1,0,8,86638.0,3.886046
0,1,0,1,86686.8,3.936977
0,1,0,2,86812.0,3.899767
0,1,0,4,86466.4,3.832558
0,1,0,8,86745.0,3.881791
0,1,0,1,86229.0,3.892435
0,1,0,2,86757.8,3.913852
0,1,0,4,86634.6,3.822326
0,1,0,8,86665.8,3.899797
0,1,0,1,86498.4,3.880865
0,1,0,2,86809.0,3.872826
0,1,0,4,86835.4,3.996856
0,1,0,8,87019.2,3.902312
0,1,0,1,86599.0,3.896416
0,1,0,2,86703.2,3.942986
0,1,0,4,86354.0,3.755581
0,1,0,8,86581.6,3.884651
0,1,0,1,86799.4,3.828078
0,1,0,2,86494.6,4.101004
0,1,0,4,86674.0,3.843721
0,1,0,8,86561.0,3.906512
0,1,0,1,86724.0,3.884122
0,1,0,2,86940.0,3.889474
0,1,0,4,86726.4,3.918642
0,1,0,8,86702.2,3.808428
0,1,1,1,87204.2,3.845058
0,1,1,2,53664.8,6.465758
0,1,1,4,53283.4,6.359622
0,1,1,8,53505.6,6.432725
0,1,1,1,87235.6,3.838915
0,1,1,2,53480.4,6.342642
0,1,1,4,53441.8,6.40566
0,1,1,8,53704.6,6.475912
0,1,1,1,87412.6,3.871724
0,1,1,2,53605.2,6.376352
0,1,1,4,53546.6,6.448882
0,1,1,8,53429.4,6.513878
0,1,1,1,87294.2,3.84046
0,1,1,2,53784.8,6.471915
0,1,1,4,53673.8,6.333885
0,1,1,8,53483.0,6.492739
0,1,1,1,87320.8,3.911264
0,1,1,2,53490.0,6.575451
0,1,1,4,53454.2,6.495618
0,1,1,8,53480.2,5.970566
0,1,1,1,87120.6,3.901358
0,1,1,2,53633.2,6.46796
0,1,1,4,53462.8,6.431957
0,1,1,8,53448.0,6.448658
0,1,1,1,87626.4,3.845287
0,1,1,2,53449.0,6.37805
0,1,1,4,53656.8,6.34986
0,1,1,8,53332.4,6.373585
0,1,1,1,87403.2,3.828276
0,1,1,2,53851.8,6.464116
0,1,1,4,53432.2,6.35246
0,1,1,8,53630.4,6.456995
0,1,1,1,87388.4,4.088506
0,1,1,2,53428.0,6.447547
0,1,1,4,53457.0,6.521754
0,1,1,8,53681.2,6.460957
0,1,1,1,86424.2,3.877368
0,1,1,2,53548.4,6.384919
0,1,1,4,53436.4,6.487904
0,1,1,8,53754.8,6.49276
0,1,1,1,86251.4,3.867617
0,1,1,2,53591.2,6.408966
0,1,1,4,53508.6,6.482355
0,1,1,8,53669.2,6.461747
0,1,1,1,86291.6,3.867417
0,1,1,2,53480.2,6.453585
0,1,1,4,53394.8,6.48717
0,1,1,8,53391.0,6.325381
0,1,1,1,86302.2,3.823953
0,1,1,2,53537.6,6.342034
0,1,1,4,53471.2,6.472599
0,1,1,8,53431.6,6.486415
0,1,1,1,86497.8,3.921163
0,1,1,2,53386.8,6.498113
0,1,1,4,53542.8,6.407743
0,1,1,8,53362.0,6.502264
0,1,1,1,86361.6,3.909217
0,1,1,2,53520.4,6.49262
0,1,1,4,53337.6,6.489993
0,1,1,8,53507.2,6.404577
0,1,1,1,86238.4,3.926635
0,1,1,2,53466.4,6.341132
0,1,1,4,53680.4,6.453886
0,1,1,8,53561.6,6.496967
0,1,1,1,86390.2,3.885116
0,1,1,2,53628.4,6.498491
0,1,1,4,53562.8,6.410174
0,1,1,8,53352.4,6.295892
0,1,1,1,86334.2,3.814544
0,1,1,2,53580.0,6.452397
0,1,1,4,53581.2,6.476555
0,1,1,8,53402.8,6.394088
0,0,0,1,95572.8,3.84062
0,0,0,2,95720.4,3.819162
0,0,0,4,95755.6,3.840421
0,0,0,8,95589.4,3.832421
0,0,0,1,95447.6,3.915304
0,0,0,2,95102.0,3.843178
0,0,0,4,95422.4,3.941294
0,0,0,8,95275.2,3.797357
0,0,0,1,95213.8,3.853498
0,0,0,2,95204.8,3.793944
0,0,0,4,95371.0,3.809263
0,0,0,8,95471.0,3.730995
0,0,0,1,95355.4,3.785447
0,0,0,2,94955.4,3.761061
0,0,0,4,95188.4,3.814302
0,0,0,8,95120.0,3.83142
0,0,0,1,95305.2,3.859932
0,0,0,2,95824.6,3.821531
0,0,0,4,95370.6,3.834068
0,0,0,8,95243.4,3.803698
0,0,0,1,95595.4,3.811861
0,0,0,2,95244.4,3.790105
0,0,0,4,95264.4,3.748962
0,0,0,8,95691.6,3.791789
0,0,0,1,95610.0,3.745666
0,0,0,2,95265.0,3.753895
0,0,0,4,95253.2,3.928856
0,0,0,8,95326.6,3.779993
0,0,0,1,95095.8,3.82843
0,0,0,2,95281.0,3.829263
0,0,0,4,95237.2,3.941805
0,0,0,8,95375.8,3.815187
0,0,0,1,95263.8,3.867198
0,0,0,2,95739.2,3.799158
0,0,0,4,94979.8,3.778226
0,0,0,8,95455.2,3.817846
0,0,0,1,94749.0,3.87436
0,0,0,2,95249.2,3.777897
0,0,0,4,95695.4,3.816765
0,0,0,8,95131.0,3.849606
0,0,0,1,95459.8,3.808421
0,0,0,2,95378.4,3.797961
0,0,0,4,95585.2,3.781553
0,0,0,8,95093.4,3.829734
0,0,0,1,95660.8,3.797768
0,0,0,2,95282.6,3.823934
0,0,0,4,95608.4,3.808618
0,0,0,8,95697.6,3.808977
0,0,0,1,95268.6,3.802976
0,0,0,2,95147.4,3.82191
0,0,0,4,95108.8,3.746799
0,0,0,8,95735.4,3.714947
0,0,0,1,95505.2,3.832421
0,0,0,2,95511.0,3.801937
0,0,0,4,95303.2,3.970231
0,0,0,8,94894.6,3.819776
0,0,0,1,95187.6,3.855991
0,0,0,2,95318.0,3.842016
0,0,0,4,95149.0,3.794647
0,0,0,8,95437.8,3.833474
0,0,0,1,95366.6,3.778425
0,0,0,2,95302.6,3.998316
0,0,0,4,95358.2,3.815062
0,0,0,8,94917.8,3.773962
0,0,0,1,95554.2,3.808673
0,0,0,2,95384.4,3.706526
0,0,0,4,95276.0,3.745691
0,0,0,8,95067.6,3.812801
0,0,0,1,95196.0,3.729498
0,0,0,2,95287.8,3.808636
0,0,0,4,95424.6,3.822526
0,0,0,8,95574.2,3.836354
0,0,1,1,95130.6,3.827265
0,0,1,2,57975.8,6.42
0,0,1,4,58034.4,6.376552
0,0,1,8,58148.6,6.583448
0,0,1,1,95039.2,3.810043
0,0,1,2,57932.8,6.28853
0,0,1,4,58187.4,6.385172
0,0,1,8,58104.2,6.608621
0,0,1,1,95148.0,3.773438
0,0,1,2,58091.6,6.313744
0,0,1,4,58030.0,6.353277
0,0,1,8,58021.6,6.527931
0,0,1,1,94826.6,3.961984
0,0,1,2,58061.6,6.306661
0,0,1,4,57883.6,6.368222
0,0,1,8,58077.0,6.45683
0,0,1,1,94974.4,3.82346
0,0,1,2,58057.2,6.417048
0,0,1,4,58070.0,6.396552
0,0,1,8,58066.6,6.354138
0,0,1,1,94832.0,3.770493
0,0,1,2,57867.0,6.423103
0,0,1,4,58000.2,6.394483
0,0,1,8,58010.2,6.375173
0,0,1,1,94979.6,3.783089
0,0,1,2,58097.0,6.397674
0,0,1,4,58175.6,6.34363
0,0,1,8,58029.8,6.284828
0,0,1,1,94859.2,3.634347
0,0,1,2,57991.6,6.340085
0,0,1,4,58188.0,6.480689
0,0,1,8,58067.6,6.312786
0,0,1,1,95080.4,3.728802
0,0,1,2,58060.2,6.447659
0,0,1,4,57964.8,6.261452
0,0,1,8,57971.0,6.377266
0,0,1,1,95114.8,3.877881
0,0,1,2,58019.4,6.304827
0,0,1,4,58019.2,6.39069
0,0,1,8,58094.2,6.394548
0,0,1,1,95504.2,3.826512
0,0,1,2,58020.8,6.441724
0,0,1,4,58268.2,6.33595
0,0,1,8,57890.4,6.480442
0,0,1,1,95202.8,3.839194
0,0,1,2,57860.2,6.399129
0,0,1,4,58188.2,6.403103
0,0,1,8,58223.2,6.435862
0,0,1,1,95212.4,3.911138
0,0,1,2,57946.4,6.423448
0,0,1,4,58082.2,6.386697
0,0,1,8,57966.8,6.409583
0,0,1,1,95387.6,3.885346
0,0,1,2,58229.4,6.236594
0,0,1,4,58041.4,6.393448
0,0,1,8,57855.8,6.330321
0,0,1,1,95378.8,3.837787
0,0,1,2,58082.6,6.378276
0,0,1,4,57934.2,6.339498
0,0,1,8,57904.6,6.306957
0,0,1,1,95294.2,3.831853
0,0,1,2,57986.6,6.410557
0,0,1,4,58003.8,6.456685
0,0,1,8,57926.0,6.31758
0,0,1,1,95653.0,3.812649
0,0,1,2,58121.0,6.323793
0,0,1,4,58149.2,6.261689
0,0,1,8,58044.4,6.604793
0,0,1,1,95266.2,3.819942
0,0,1,2,58110.2,6.31069
0,0,1,4,58244.0,6.212414
0,0,1,8,57945.2,6.388609
0,1,0,1,95351.2,3.723789
0,1,0,2,95343.2,3.864786
0,1,0,4,95284.8,3.762099
0,1,0,8,95187.0,3.849554
0,1,0,1,95536.0,3.768
0,1,0,2,95324.8,3.78021
0,1,0,4,95512.4,3.772887
0,1,0,8,95335.8,3.82499
0,1,0,1,95629.0,3.806526
0,1,0,2,95193.0,3.79146
0,1,0,4,95315.8,3.804284
0,1,0,8,95296.6,3.793259
0,1,0,1,95546.4,3.849053
0,1,0,2,95308.0,3.785247
0,1,0,4,95291.6,3.859579
0,1,0,8,95395.0,3.946737
0,1,0,1,94904.2,3.846808
0,1,0,2,95421.8,3.729749
0,1,0,4,95595.8,3.699812
0,1,0,8,95018.4,3.809578
0,1,0,1,95076.6,3.79312
0,1,0,2,95503.6,3.844537
0,1,0,4,95381.6,3.812531
0,1,0,8,95770.4,3.724068
0,1,0,1,95712.6,3.699526
0,1,0,2,95381.2,3.860759
0,1,0,4,95182.0,3.801944
0,1,0,8,95492.6,3.856
0,1,0,1,95394.6,3.76779
0,1,0,2,95741.2,3.805635
0,1,0,4,94953.6,3.807902
0,1,0,8,95513.2,3.941684
0,1,0,1,95463.8,3.759888
0,1,0,2,95655.0,3.636838
0,1,0,4,95216.6,3.769738
0,1,0,8,95307.0,3.751321
0,1,0,1,95203.2,3.834697
0,1,0,2,95116.0,3.837841
0,1,0,4,95364.0,3.814316
0,1,0,8,95257.8,3.863496
0,1,0,1,95229.4,3.840002
0,1,0,2,95398.2,3.731714
0,1,0,4,95181.0,3.851749
0,1,0,8,94992.6,3.726983
0,1,0,1,95344.0,3.828304
0,1,0,2,95440.0,3.834737
0,1,0,4,95149.6,3.79738
0,1,0,8,95164.8,3.809303
0,1,0,1,95399.0,3.68277
0,1,0,2,95419.6,3.784822
0,1,0,4,95205.4,3.820452
0,1,0,8,95718.2,3.772575
0,1,0,1,94836.4,3.800004
0,1,0,2,95429.4,3.813473
0,1,0,4,95390.6,3.750952
0,1,0,8,95386.4,3.753118
0,1,0,1,95127.0,3.8291
0,1,0,2,95283.8,3.796891
0,1,0,4,95428.2,3.824114
0,1,0,8,95261.4,3.790058
0,1,0,1,95116.2,3.770096
0,1,0,2,95243.0,3.832934
0,1,0,4,95669.2,3.714713
0,1,0,8,95592.2,3.794502
0,1,0,1,95411.2,3.717281
0,1,0,2,94924.4,3.842495
0,1,0,4,95354.4,3.809895
0,1,0,8,95753.2,3.832421
0,1,0,1,95482.8,3.825684
0,1,0,2,95128.6,3.728448
0,1,0,4,95591.8,3.828842
0,1,0,8,95209.6,3.796291
0,1,1,1,95367.2,3.865047
0,1,1,2,58100.0,6.397931
0,1,1,4,57881.6,6.421035
0,1,1,8,58025.8,6.351999
0,1,1,1,95071.6,3.742659
0,1,1,2,58214.0,6.406797
0,1,1,4,58141.2,6.433793
0,1,1,8,58198.0,6.390292
0,1,1,1,95037.6,3.797335
0,1,1,2,58125.6,6.29069
0,1,1,4,57943.8,6.391034
0,1,1,8,58135.8,6.322069
0,1,1,1,95216.6,3.81994
0,1,1,2,57854.0,6.396788
0,1,1,4,58100.0,6.414483
0,1,1,8,58188.6,6.308427
0,1,1,1,95136.6,3.836598
0,1,1,2,58171.4,6.099492
0,1,1,4,57979.6,6.394483
0,1,1,8,57822.0,6.437901
0,1,1,1,95219.4,3.730853
0,1,1,2,58162.8,6.346897
0,1,1,4,57975.8,6.363878
0,1,1,8,57878.0,6.407495
0,1,1,1,95113.8,3.703483
0,1,1,2,58070.4,6.405172
0,1,1,4,58082.0,6.222759
0,1,1,8,58209.0,6.186896
0,1,1,1,94945.8,3.845158
0,1,1,2,58175.2,6.348082
0,1,1,4,57982.8,6.382758
0,1,1,8,58151.6,6.385862
0,1,1,1,95032.4,3.780141
0,1,1,2,58189.2,6.368621
0,1,1,4,57920.6,6.409268
0,1,1,8,58148.4,6.421256
0,1,1,1,95350.4,3.839236
0,1,1,2,58130.6,6.344828
0,1,1,4,58057.0,6.566001
0,1,1,8,58083.8,6.385173
0,1,1,1,95143.8,3.977917
0,1,1,2,57892.4,6.365366
0,1,1,4,58043.8,6.442414
0,1,1,8,57757.8,6.414779
0,1,1,1,95170.4,3.999548
0,1,1,2,58072.4,6.39931
0,1,1,4,58029.4,6.444749
0,1,1,8,58012.0,6.435227
0,1,1,1,95039.4,3.825944
0,1,1,2,57936.6,6.099679
0,1,1,4,58008.2,6.350085
0,1,1,8,57939.2,5.957629
0,1,1,1,94961.0,3.836358
0,1,1,2,58083.2,6.385517
0,1,1,4,58273.6,6.35489
0,1,1,8,57914.4,6.386558
0,1,1,1,95235.2,3.87069
0,1,1,2,58099.6,6.414828
0,1,1,4,57995.4,6.415517
0,1,1,8,58066.0,6.381379
0,1,1,1,95029.8,3.848847
0,1,1,2,58035.8,6.394483
0,1,1,4,57789.2,6.41726
0,1,1,8,57961.0,6.440381
0,1,1,1,95222.8,3.749819
0,1,1,2,57926.8,6.224574
0,1,1,4,58189.6,6.39201
0,1,1,8,58234.2,6.221034
0,1,1,1,95614.4,3.861895
0,1,1,2,57964.8,6.311724
0,1,1,4,57883.8,6.388778
0,1,1,8,58129.8,6.391034
0,0,0,1,46101.8,4.545217
0,0,0,2,46108.8,4.508261
0,0,0,4,45996.6,4.372242
0,0,0,8,46173.2,4.855597
0,0,0,1,46161.2,4.454782
0,0,0,2,46163.8,4.553913
0,0,0,4,46055.8,4.633043
0,0,0,8,46144.8,4.535652
0,0,0,1,46058.6,4.527391
0,0,0,2,46124.8,4.523478
0,0,0,4,46056.4,4.471739
0,0,0,8,46233.0,4.554348
0,0,0,1,45952.2,4.48913
0,0,0,2,46103.8,4.532609
0,0,0,4,46201.8,4.448261
0,0,0,8,46072.8,4.543478
0,0,0,1,46090.8,4.563044
0,0,0,2,46189.0,4.536522
0,0,0,4,46186.0,4.468696
0,0,0,8,46120.2,4.618696
0,0,0,1,46135.8,4.394783
0,0,0,2,45998.8,4.550869
0,0,0,4,46150.4,4.460435
0,0,0,8,46173.8,4.464783
0,0,0,1,46017.4,4.36913
0,0,0,2,46084.8,4.603913
0,0,0,4,46201.0,4.573913
0,0,0,8,46168.2,4.416522
0,0,0,1,46093.6,4.523913
0,0,0,2,46297.8,4.578261
0,0,0,4,46230.0,4.45913
0,0,0,8,46242.6,4.534348
0,0,0,1,46010.0,4.060928
0,0,0,2,46108.2,4.506522
0,0,0,4,46068.8,4.493478
0,0,0,8,46270.8,4.461295
0,0,0,1,46106.8,4.542609
0,0,0,2,46161.4,4.442174
0,0,0,4,46181.8,4.549131
0,0,0,8,46104.6,4.58
0,0,0,1,46084.8,4.496087
0,0,0,2,46185.2,4.502609
0,0,0,4,46238.6,4.559131
0,0,0,8,46151.0,4.396956
0,0,0,1,45978.8,4.533913
0,0,0,2,46124.8,4.283478
0,0,0,4,46254.2,4.573913
0,0,0,8,46025.6,4.466087
0,0,0,1,46169.2,4.531739
0,0,0,2,46175.6,4.463043
0,0,0,4,45990.2,4.263546
0,0,0,8,45917.6,4.564348
0,0,0,1,46132.8,4.558261
0,0,0,2,46242.2,4.783044
0,0,0,4,46201.6,4.55
0,0,0,8,46222.8,4.5279
0,0,0,1,46120.4,4.565217
0,0,0,2,46116.8,4.726522
0,0,0,4,46442.6,4.592405
0,0,0,8,46191.6,4.515217
0,0,0,1,46077.6,4.478261
0,0,0,2,46104.4,4.453043
0,0,0,4,46323.0,4.476004
0,0,0,8,46282.8,4.505652
0,0,0,1,46232.4,4.55
0,0,0,2,46122.8,4.53
0,0,0,4,46198.8,4.44629
0,0,0,8,46283.6,4.34543
0,0,0,1,46186.8,4.533043
0,0,0,2,46109.6,4.419565
0,0,0,4,46050.8,4.475217
0,0,0,8,46189.0,4.446087
0,0,1,1,46364.6,4.546438
0,0,1,2,28659.8,7.376552
0,0,1,4,28609.6,7.240862
0,0,1,8,28796.2,7.372414
0,0,1,1,46266.8,4.525217
0,0,1,2,28893.4,7.257217
0,0,1,4,28649.2,7.396552
0,0,1,8,28602.6,7.357389
0,0,1,1,46242.0,4.516522
0,0,1,2,28730.8,7.287586
0,0,1,4,28715.4,7.478621
0,0,1,8,28596.4,7.260394
0,0,1,1,46106.2,4.937391
0,0,1,2,28674.8,7.352414
0,0,1,4,28728.8,7.368276
0,0,1,8,28699.4,7.275173
0,0,1,1,46188.4,4.84913
0,0,1,2,28682.2,7.391035
0,0,1,4,28713.8,7.572439
0,0,1,8,28754.6,7.335862
0,0,1,1,46113.8,4.564783
0,0,1,2,28706.4,7.364926
0,0,1,4,28758.0,7.407586
0,0,1,8,28782.8,7.463448
0,0,1,1,46163.0,4.550435
0,0,1,2,28716.6,7.704828
0,0,1,4,28717.2,7.374483
0,0,1,8,28647.8,7.155172
0,0,1,1,46311.4,4.357826
0,0,1,2,28627.8,7.367586
0,0,1,4,28731.2,7.376552
0,0,1,8,28708.6,7.277931
0,0,1,1,46276.2,4.4
0,0,1,2,28712.4,7.36
0,0,1,4,28775.4,7.208966
0,0,1,8,28828.4,6.90138
0,0,1,1,45909.6,4.53087
0,0,1,2,28647.8,7.219877
0,0,1,4,28884.6,7.365517
0,0,1,8,28594.0,7.306182
0,0,1,1,46004.4,4.771739
0,0,1,2,28785.8,7.417241
0,0,1,4,28645.2,7.36069
0,0,1,8,28751.0,7.187808
0,0,1,1,46186.4,4.555217
0,0,1,2,28635.8,7.351034
0,0,1,4,28727.6,7.429655
0,0,1,8,28631.4,7.355172
0,0,1,1,46040.4,4.55087
0,0,1,2,28789.6,7.362759
0,0,1,4,28778.8,7.282759
0,0,1,8,28658.4,7.29436
0,0,1,1,46066.0,4.444783
0,0,1,2,28742.4,7.327586
0,0,1,4,28652.8,7.48069
0,0,1,8,28667.4,7.392291
0,0,1,1,46130.4,4.571304
0,0,1,2,28587.4,7.154729
0,0,1,4,28671.2,7.405517
0,0,1,8,28614.8,7.259483
0,0,1,1,46192.0,4.483043
0,0,1,2,28696.4,7.355173
0,0,1,4,28721.8,7.353793
0,0,1,8,28611.8,7.453103
0,0,1,1,46071.4,4.501131
0,0,1,2,28624.4,7.369655
0,0,1,4,28629.6,7.443448
0,0,1,8,28640.6,7.445468
0,0,1,1,46062.4,4.54087
0,0,1,2,28730.6,7.324138
0,0,1,4,28655.0,7.424138
0,0,1,8,28627.8,6.990837
0,1,0,1,46076.6,4.497826
0,1,0,2,46328.0,4.383913
0,1,0,4,46166.2,4.542174
0,1,0,8,46203.8,4.538261
0,1,0,1,46143.2,4.914783
0,1,0,2,46262.6,4.504783
0,1,0,4,46254.2,4.573043
0,1,0,8,46224.4,4.526956
0,1,0,1,46109.0,4.55
0,1,0,2,46173.0,4.550435
0,1,0,4,46138.2,4.561305
0,1,0,8,46208.4,4.524782
0,1,0,1,46167.8,4.396522
0,1,0,2,46087.8,4.486522
0,1,0,4,46134.8,4.555652
0,1,0,8,46235.4,4.509131
0,1,0,1,46093.4,4.505652
0,1,0,2,46068.2,4.508261
0,1,0,4,46081.4,4.393478
0,1,0,8,46102.6,4.518261
0,1,0,1,46145.6,4.473044
0,1,0,2,46203.8,4.535218
0,1,0,4,46145.2,4.542609
0,1,0,8,46186.6,4.562174
0,1,0,1,46017.6,4.380435
0,1,0,2,46308.4,4.600111
0,1,0,4,46139.0,4.283478
0,1,0,8,46230.8,4.423044
0,1,0,1,46213.2,4.50629
0,1,0,2,46058.8,4.583043
0,1,0,4,46106.6,4.537392
0,1,0,8,46072.4,4.582174
0,1,0,1,46164.8,4.498696
0,1,0,2,46221.0,4.582896
0,1,0,4,46222.0,4.582174
0,1,0,8,46356.2,4.435597
0,1,0,1,46137.8,4.904348
0,1,0,2,46230.2,4.802609
0,1,0,4,46002.0,4.447633
0,1,0,8,46309.4,4.504783
0,1,0,1,46066.2,4.533044
0,1,0,2,46300.8,4.545217
0,1,0,4,46183.6,4.529565
0,1,0,8,46247.4,4.502174
0,1,0,1,46143.6,4.492174
0,1,0,2,46134.0,4.50913
0,1,0,4,46151.2,4.557391
0,1,0,8,46128.6,4.524783
0,1,0,1,46386.6,4.436994
0,1,0,2,46122.0,4.594783
0,1,0,4,46235.8,4.557724
0,1,0,8,46028.4,4.513478
0,1,0,1,46218.4,4.530435
0,1,0,2,46275.0,4.558122
0,1,0,4,46083.0,4.356956
0,1,0,8,46196.6,4.426087
0,1,0,1,46139.4,4.448696
0,1,0,2,46223.8,4.577826
0,1,0,4,46175.4,4.522609
0,1,0,8,46303.2,4.429565
0,1,0,1,46138.4,4.516087
0,1,0,2,46069.0,4.544348
0,1,0,4,46203.4,4.428696
0,1,0,8,46194.6,4.522174
0,1,0,1,46103.8,4.544783
0,1,0,2,46050.4,4.563043
0,1,0,4,46126.4,4.508696
0,1,0,8,46010.8,4.454348
0,1,0,1,46114.2,4.562609
0,1,0,2,46097.8,4.491304
0,1,0,4,46108.4,4.568696
0,1,0,8,46105.2,4.503043
0,1,1,1,46138.6,4.826425
0,1,1,2,28691.2,7.667586
0,1,1,4,28629.4,7.411724
0,1,1,8,28753.2,6.904113
0,1,1,1,46067.2,4.472174
0,1,1,2,28684.2,7.576256
0,1,1,4,28643.4,7.364138
0,1,1,8,28512.8,7.415148
0,1,1,1,46271.6,4.528695
0,1,1,2,28630.0,7.351724
0,1,1,4,28605.4,7.259532
0,1,1,8,28700.2,7.406084
0,1,1,1,46171.2,4.526522
0,1,1,2,28803.4,7.283448
0,1,1,4,28770.8,7.333793
0,1,1,8,28470.8,7.510961
0,1,1,1,46226.0,4.503913
0,1,1,2,28755.8,7.358621
0,1,1,4,28699.0,7.333103
0,1,1,8,28615.0,7.337931
0,1,1,1,46083.4,4.504348
0,1,1,2,28773.4,7.43931
0,1,1,4,28673.6,7.444138
0,1,1,8,28657.8,7.435172
0,1,1,1,46268.8,4.484783
0,1,1,2,28722.6,7.317931
0,1,1,4,28621.8,7.311035
0,1,1,8,28788.4,7.315172
0,1,1,1,46163.6,4.534348
0,1,1,2,28653.8,6.994803
0,1,1,4,28587.6,7.204483
0,1,1,8,28699.8,7.322758
0,1,1,1,46270.6,4.486957
0,1,1,2,28607.0,7.343448
0,1,1,4,28615.2,7.204261
0,1,1,8,28764.2,7.391034
0,1,1,1,46065.4,4.531305
0,1,1,2,28636.2,7.428966
0,1,1,4,28815.0,7.363448
0,1,1,8,28622.0,7.29931
0,1,1,1,46045.6,4.541305
0,1,1,2,28676.0,7.40069
0,1,1,4,28642.2,7.370345
0,1,1,8,28682.2,7.273769
0,1,1,1,46175.8,4.55913
0,1,1,2,28693.4,7.431035
0,1,1,4,28675.8,7.134015
0,1,1,8,28612.4,7.447586
0,1,1,1,46001.8,4.485652
0,1,1,2,28657.8,7.417241
0,1,1,4,28702.4,7.403448
0,1,1,8,28719.4,7.30069
0,1,1,1,46009.2,4.561304
0,1,1,2,28859.2,7.251502
0,1,1,4,28628.6,7.273793
0,1,1,8,28711.8,7.377241
0,1,1,1,45988.4,4.500435
0,1,1,2,28750.6,7.344828
0,1,1,4,28721.4,7.366207
0,1,1,8,28729.4,7.51931
0,1,1,1,46032.8,4.543478
0,1,1,2,28661.8,7.366207
0,1,1,4,28773.6,7.302069
0,1,1,8,28681.4,7.229237
0,1,1,1,46048.8,4.542174
0,1,1,2,28647.2,7.394483
0,1,1,4,28578.0,7.372734
0,1,1,8,28698.4,7.173842
0,1,1,1,46069.4,4.616087
0,1,1,2,28757.4,6.971035
0,1,1,4,28612.4,7.200271
0,1,1,8,28708.0,7.309655
0,0,0,1,50756.6,4.253741
0,0,0,2,50758.8,4.407349
0,0,0,4,50779.8,4.405043
0,0,0,8,50872.6,4.367451
0,0,0,1,50704.0,4.405741
0,0,0,2,50788.4,4.382886
0,0,0,4,50988.0,4.390825
0,0,0,8,50869.6,4.434118
0,0,0,1,50881.8,4.3788
0,0,0,2,50803.0,4.460596
0,0,0,4,50923.0,4.287498
0,0,0,8,50798.0,4.423717
0,0,0,1,50777.2,4.65451
0,0,0,2,50842.0,4.36942
0,0,0,4,50780.0,4.406871
0,0,0,8,50683.6,4.378204
0,0,0,1,50789.4,4.44182
0,0,0,2,50773.4,4.410973
0,0,0,4,50915.8,4.333898
0,0,0,8,50696.0,4.408478
0,0,0,1,50733.0,4.410196
0,0,0,2,50737.8,4.393357
0,0,0,4,50703.8,4.322024
0,0,0,8,50972.8,4.468628
0,0,0,1,50735.2,4.369459
0,0,0,2,50832.0,4.451898
0,0,0,4,50914.4,4.412157
0,0,0,8,50854.8,4.403341
0,0,0,1,50723.0,3.915976
0,0,0,2,50831.0,4.356188
0,0,0,4,50740.6,4.432031
0,0,0,8,50784.4,4.430769
0,0,0,1,50711.0,4.333623
0,0,0,2,50815.0,4.375506
0,0,0,4,51012.6,4.432941
0,0,0,8,50753.8,4.428643
0,0,0,1,50389.2,4.410118
0,0,0,2,50440.2,4.4504
0,0,0,4,50584.4,4.441137
0,0,0,8,50508.2,3.840792
0,0,0,1,50330.4,4.4432
0,0,0,2,50487.8,4.427404
0,0,0,4,50468.8,4.412533
0,0,0,8,50575.2,4.341773
0,0,0,1,50455.4,4.4088
0,0,0,2,50418.0,4.4208
0,0,0,4,50373.4,4.462659
0,0,0,8,50488.6,4.13
0,0,0,1,50447.2,4.318384
0,0,0,2,50284.6,4.3956
0,0,0,4,50532.4,4.431749
0,0,0,8,50408.4,4.29709
0,0,0,1,50361.6,4.40509
0,0,0,2,50372.2,4.3964
0,0,0,4,50595.4,4.384533
0,0,0,8,50415.2,4.381733
0,0,0,1,50498.0,4.410518
0,0,0,2,50369.4,4.428549
0,0,0,4,50290.0,4.3208
0,0,0,8,50312.0,4.4064
0,0,0,1,50536.4,4.382063
0,0,0,2,50543.0,4.406659
0,0,0,4,50361.6,4.394
0,0,0,8,50513.0,4.467749
0,0,0,1,50406.8,4.36778
0,0,0,2,50490.6,4.396024
0,0,0,4,50501.0,4.394604
0,0,0,8,50397.8,4.4336
0,0,0,1,50499.4,4.176776
0,0,0,2,50423.2,4.2196
0,0,0,4,50323.6,4.3184
0,0,0,8,50427.6,4.4164
0,0,1,1,50509.4,4.446941
0,0,1,2,31168.6,6.995484
0,0,1,4,31202.0,7.213347
0,0,1,8,31102.4,7.214839
0,0,1,1,50536.4,4.402894
0,0,1,2,31209.0,7.225282
0,0,1,4,31272.6,7.166351
0,0,1,8,31165.0,7.286451
0,0,1,1,50376.4,4.4412
0,0,1,2,31272.8,7.271553
0,0,1,4,31206.8,7.14754
0,0,1,8,31087.0,7.287097
0,0,1,1,50446.8,4.291404
0,0,1,2,31394.0,7.203004
0,0,1,4,31247.4,7.209597
0,0,1,8,31214.8,7.307903
0,0,1,1,50502.8,4.328714
0,0,1,2,31231.6,7.213548
0,0,1,4,31207.6,7.358468
0,0,1,8,31093.8,7.239355
0,0,1,1,50468.0,4.4624
0,0,1,2,31116.8,7.09871
0,0,1,4,31227.6,6.879355
0,0,1,8,31203.0,6.830484
0,0,1,1,50490.8,4.382306
0,0,1,2,31175.6,7.046452
0,0,1,4,31118.8,7.192903
0,0,1,8,31195.4,7.223125
0,0,1,1,50586.6,4.438706
0,0,1,2,31105.6,7.24129
0,0,1,4,31129.6,7.210968
0,0,1,8,31180.0,7.247097
0,0,1,1,50318.8,4.4256
0,0,1,2,31099.4,7.692903
0,0,1,4,31215.4,7.02129
0,0,1,8,31260.0,7.185161
0,0,1,1,50340.8,4.2036
0,0,1,2,31144.0,7.224436
0,0,1,4,31155.2,7.301935
0,0,1,8,31147.4,7.163871
0,0,1,1,50415.2,4.380706
0,0,1,2,31161.0,7.280222
0,0,1,4,31085.2,7.232903
0,0,1,8,31134.2,7.225807
0,0,1,1,50319.4,4.4404
0,0,1,2,31241.6,7.272056
0,0,1,4,31112.8,7.347097
0,0,1,8,31114.8,7.234839
0,0,1,1,50370.4,4.2884
0,0,1,2,31183.8,7.156129
0,0,1,4,31205.2,7.234194
0,0,1,8,31148.8,7.245161
0,0,1,1,50401.6,4.406431
0,0,1,2,31086.2,7.083226
0,0,1,4,31172.4,7.244516
0,0,1,8,31200.2,7.209678
0,0,1,1,50422.6,4.428
0,0,1,2,31120.4,7.344516
0,0,1,4,31242.0,7.245807
0,0,1,8,31140.0,7.32258
0,0,1,1,50392.0,4.4716
0,0,1,2,31089.6,7.229032
0,0,1,4,31142.2,7.296129
0,0,1,8,31165.6,7.31871
0,0,1,1,50419.4,4.408055
0,0,1,2,31149.8,7.06
0,0,1,4,31338.6,7.258548
0,0,1,8,31274.2,7.206431
0,0,1,1,50408.0,4.312
0,0,1,2,31201.4,7.072782
0,0,1,4,31278.6,7.113851
0,0,1,8,31200.0,7.22
0,1,0,1,50746.4,4.443051
0,1,0,2,50832.0,4.397255
0,1,0,4,50713.6,4.397255
0,1,0,8,50643.0,4.360471
0,1,0,1,50803.2,4.506275
0,1,0,2,50874.4,4.369443
0,1,0,4,50760.6,4.248714
0,1,0,8,50809.4,4.396996
0,1,0,1,50714.6,4.379757
0,1,0,2,50695.8,4.429318
0,1,0,4,50872.8,4.283529
0,1,0,8,50997.6,4.382353
0,1,0,1,50586.8,4.428941
0,1,0,2,50753.0,4.378322
0,1,0,4,50792.6,4.351537
0,1,0,8,50807.0,4.419475
0,1,0,1,50770.2,4.394322
0,1,0,2,50802.4,4.417686
0,1,0,4,50827.2,4.399537
0,1,0,8,50966.0,4.350777
0,1,0,1,50783.6,4.417302
0,1,0,2,50748.8,4.398643
0,1,0,4,50877.8,3.984227
0,1,0,8,50931.4,4.403451
0,1,0,1,50707.0,4.413357
0,1,0,2,50686.4,4.307961
0,1,0,4,50944.4,4.350588
0,1,0,8,50874.6,4.441961
0,1,0,1,50826.0,4.392667
0,1,0,2,50910.0,4.425882
0,1,0,4,50762.6,4.396471
0,1,0,8,50781.2,4.448235
0,1,0,1,50721.2,4.385835
0,1,0,2,50826.6,4.405922
0,1,0,4,50706.6,4.433482
0,1,0,8,50758.2,4.448722
0,1,0,1,50437.0,4.416
0,1,0,2,50414.6,4.32822
0,1,0,4,50475.6,4.412925
0,1,0,8,50455.8,4.3964
0,1,0,1,50533.6,4.397882
0,1,0,2,50580.2,4.446204
0,1,0,4,50380.6,4.388
0,1,0,8,50418.4,4.2896
0,1,0,1,50325.6,4.442
0,1,0,2,50394.6,4.421702
0,1,0,4,50576.4,4.486776
0,1,0,8,50773.6,4.32222
0,1,0,1,50523.6,4.3128
0,1,0,2,50696.0,4.242518
0,1,0,4,50428.4,4.328039
0,1,0,8,50531.4,4.4492
0,1,0,1,50533.6,4.476463
0,1,0,2,50349.4,4.4524
0,1,0,4,50437.4,4.439733
0,1,0,8,50354.6,4.4836
0,1,0,1,50610.8,4.381192
0,1,0,2,50463.0,4.4484
0,1,0,4,50645.0,4.354235
0,1,0,8,50441.4,4.2892
0,1,0,1,50512.8,4.453365
0,1,0,2,50546.6,4.421412
0,1,0,4,50513.0,4.309969
0,1,0,8,50617.8,4.439443
0,1,0,1,50531.0,4.374824
0,1,0,2,50479.2,4.4032
0,1,0,4,50429.2,4.4236
0,1,0,8,50698.4,4.3436
0,1,0,1,50605.4,4.427616
0,1,0,2,50419.0,4.4648
0,1,0,4,50597.2,4.418408
0,1,0,8,50452.8,4.422
0,1,1,1,50613.0,4.406847
0,1,1,2,31157.0,7.210968
0,1,1,4,31272.8,7.348851
0,1,1,8,31153.2,6.949677
0,1,1,1,50403.8,4.2464
0,1,1,2,31195.0,7.263226
0,1,1,4,31201.0,7.246935
0,1,1,8,31308.6,7.046734
0,1,1,1,50403.2,4.4728
0,1,1,2,31291.2,7.109032
0,1,1,4,31239.2,7.315666
0,1,1,8,31274.4,7.340282
0,1,1,1,50427.4,4.4092
0,1,1,2,31290.8,7.268992
0,1,1,4,31076.8,7.163226
0,1,1,8,31358.6,7.292581
0,1,1,1,50400.0,4.3544
0,1,1,2,31337.0,7.293407
0,1,1,4,31111.8,7.033548
0,1,1,8,31410.6,7.300625
0,1,1,1,50597.0,4.48142
0,1,1,2,31164.4,7.301936
0,1,1,4,31079.4,7.091613
0,1,1,8,31237.4,7.302681
0,1,1,1,50500.6,4.444737
0,1,1,2,31189.4,7.249577
0,1,1,4,31092.8,7.239355
0,1,1,8,31297.2,7.26873
0,1,1,1,50428.4,4.376878
0,1,1,2,31183.8,7.230322
0,1,1,4,31148.2,7.071613
0,1,1,8,31107.4,7.212903
0,1,1,1,50434.0,4.33218
0,1,1,2,31152.4,7.189677
0,1,1,4,31144.2,7.131613
0,1,1,8,31100.4,7.161936
0,1,1,1,50223.8,4.4536
0,1,1,2,31222.2,7.231613
0,1,1,4,31266.6,7.185786
0,1,1,8,31097.0,7.14
0,1,1,1,50242.2,4.4076
0,1,1,2,31173.2,7.390968
0,1,1,4,31117.6,7.299355
0,1,1,8,31088.0,7.26129
0,1,1,1,50382.4,4.404431
0,1,1,2,31220.0,7.145262
0,1,1,4,31206.6,7.236451
0,1,1,8,31144.4,7.736129
0,1,1,1,50308.2,4.4568
0,1,1,2,31182.0,7.290968
0,1,1,4,31076.2,7.354839
0,1,1,8,31151.8,7.311613
0,1,1,1,50340.6,4.36
0,1,1,2,31191.6,7.227742
0,1,1,4,31334.2,7.220564
0,1,1,8,31341.6,7.231815
0,1,1,1,50344.2,4.408173
0,1,1,2,31109.0,7.211613
0,1,1,4,31236.0,7.149496
0,1,1,8,31177.0,7.206451
0,1,1,1,50336.0,4.512
0,1,1,2,31134.0,7.285161
0,1,1,4,31220.6,7.279657
0,1,1,8,31146.8,7.16
0,1,1,1,50322.2,4.4084
0,1,1,2,31261.8,7.226451
0,1,1,4,31153.6,7.350323
0,1,1,8,31290.6,7.230766
0,1,1,1,50393.6,4.4244
0,1,1,2,31139.4,7.114193
0,1,1,4,31341.8,6.968085
0,1,1,8,31112.2,7.232258
0,0,0,1,111615.4,3.736036
0,0,0,2,112029.6,3.701647
0,0,0,4,112165.2,3.736226
0,0,0,8,111522.6,3.740991
0,0,0,1,111765.2,3.712973
0,0,0,2,111656.0,3.727207
0,0,0,4,111640.4,3.693774
0,0,0,8,111890.4,3.785098
0,0,0,1,111520.4,3.713423
0,0,0,2,111808.2,3.697984
0,0,0,4,111669.0,3.685766
0,0,0,8,111664.2,3.721192
0,0,0,1,111420.6,3.721802
0,0,0,2,111948.4,3.769953
0,0,0,4,111770.8,3.674799
0,0,0,8,111515.8,3.796871
0,0,0,1,111356.4,3.737741
0,0,0,2,111790.8,3.902278
0,0,0,4,111969.6,3.697457
0,0,0,8,111924.4,3.703867
0,0,0,1,111856.8,3.697297
0,0,0,2,111851.8,3.733697
0,0,0,4,111612.2,3.69632
0,0,0,8,111941.2,3.68177
0,0,0,1,112094.8,3.649217
0,0,0,2,111535.8,3.68811
0,0,0,4,111892.0,3.657243
0,0,0,8,112214.0,3.735861
0,0,0,1,111980.0,3.73457
0,0,0,2,112117.4,3.771868
0,0,0,4,111686.8,3.739267
0,0,0,8,111949.0,3.852344
0,0,0,1,111914.6,3.59522
0,0,0,2,112031.6,3.70539
0,0,0,4,111637.2,3.693794
0,0,0,8,111586.6,3.738035
0,0,0,1,110640.6,3.852
0,0,0,2,110640.6,3.668182
0,0,0,4,110656.6,3.760909
0,0,0,8,110585.2,3.692593
0,0,0,1,110486.8,3.727682
0,0,0,2,110460.4,3.67836
0,0,0,4,110744.2,3.73756
0,0,0,8,109972.6,3.75544
0,0,0,1,110732.8,3.717643
0,0,0,2,110672.2,3.692727
0,0,0,4,110605.0,3.743325
0,0,0,8,110367.4,3.697771
0,0,0,1,110725.8,3.71
0,0,0,2,110386.6,3.73932
0,0,0,4,110507.8,3.689059
0,0,0,8,110397.2,3.633668
0,0,0,1,110800.0,3.828922
0,0,0,2,110611.0,3.768364
0,0,0,4,110731.8,3.805161
0,0,0,8,110634.4,3.859636
0,0,0,1,111011.6,3.867127
0,0,0,2,110779.6,3.80449
0,0,0,4,110901.6,3.756
0,0,0,8,110609.0,3.745084
0,0,0,1,110314.6,3.751121
0,0,0,2,110750.8,3.648527
0,0,0,4,110684.0,3.874727
0,0,0,8,110806.2,3.736909
0,0,0,1,110900.0,3.828909
0,0,0,2,110554.6,3.674178
0,0,0,4,110573.4,3.83731
0,0,0,8,110710.4,3.666727
0,0,0,1,110758.2,3.745491
0,0,0,2,110730.4,3.740269
0,0,0,4,110819.2,3.685636
0,0,0,8,110996.2,3.912442
0,0,1,1,110813.6,3.723089
0,0,1,2,66869.2,6.291949
0,0,1,4,66952.4,6.299095
0,0,1,8,66839.6,6.33768
0,0,1,1,110697.0,3.727636
0,0,1,2,66898.6,6.247956
0,0,1,4,66719.0,6.238611
0,0,1,8,66988.8,6.202261
0,0,1,1,110922.4,3.758066
0,0,1,2,67025.8,6.405445
0,0,1,4,66828.4,6.274821
0,0,1,8,66950.0,6.248957
0,0,1,1,110635.0,3.743192
0,0,1,2,66768.6,6.205418
0,0,1,4,67044.6,6.288955
0,0,1,8,66819.4,6.327304
0,0,1,1,110861.2,3.727448
0,0,1,2,66859.6,6.133238
0,0,1,4,66735.2,6.231117
0,0,1,8,66738.4,6.236816
0,0,1,1,110890.4,3.738768
0,0,1,2,66918.8,6.203998
0,0,1,4,66960.6,6.320214
0,0,1,8,66751.4,6.330832
0,0,1,1,111048.4,3.723987
0,0,1,2,67000.2,6.327341
0,0,1,4,66978.6,6.225848
0,0,1,8,67164.8,6.185964
0,0,1,1,110610.0,3.741887
0,0,1,2,66972.0,6.248358
0,0,1,4,67041.8,6.311343
0,0,1,8,66687.6,6.324469
0,0,1,1,110874.8,3.770546
0,0,1,2,66557.4,6.363636
0,0,1,4,67127.2,6.252836
0,0,1,8,66697.4,6.286947
0,0,1,1,110160.6,3.754329
0,0,1,2,66734.8,6.116273
0,0,1,4,66755.6,6.302827
0,0,1,8,66794.6,6.338553
0,0,1,1,110085.4,3.80571
0,0,1,2,67144.8,6.48521
0,0,1,4,66650.4,6.430764
0,0,1,8,66766.0,6.231723
0,0,1,1,110145.0,3.66956
0,0,1,2,66798.4,6.233279
0,0,1,4,66737.8,6.241746
0,0,1,8,67122.0,6.130923
0,0,1,1,110061.8,3.73484
0,0,1,2,66859.4,6.317603
0,0,1,4,66816.2,6.30479
0,0,1,8,67014.0,6.241696
0,0,1,1,110094.0,3.736667
0,0,1,2,66921.2,6.30555
0,0,1,4,66760.2,6.410995
0,0,1,8,66644.0,6.309059
0,0,1,1,110272.4,3.653443
0,0,1,2,67042.4,6.279017
0,0,1,4,67009.6,6.214441
0,0,1,8,67074.4,6.297889
0,0,1,1,110320.4,3.74004
0,0,1,2,66817.0,6.311596
0,0,1,4,66838.8,6.270877
0,0,1,8,66757.2,6.320285
0,0,1,1,110305.4,3.665605
0,0,1,2,66988.6,6.324223
0,0,1,4,67054.8,6.324776
0,0,1,8,67007.6,6.320819
0,0,1,1,110309.4,3.690132
0,0,1,2,67002.8,6.117018
0,0,1,4,66811.2,6.291863
0,0,1,8,66932.8,6.339797
0,1,0,1,111729.6,3.725685
0,1,0,2,111734.6,3.700721
0,1,0,4,111797.8,3.698018
0,1,0,8,111800.0,3.674123
0,1,0,1,111774.8,3.683395
0,1,0,2,111803.0,3.688468
0,1,0,4,111682.2,3.724504
0,1,0,8,111867.6,3.745562
0,1,0,1,111444.4,3.742051
0,1,0,2,111616.6,3.723448
0,1,0,4,112183.0,3.705735
0,1,0,8,111357.8,3.657315
0,1,0,1,111819.8,3.767757
0,1,0,2,111769.4,3.848126
0,1,0,4,111661.4,3.704642
0,1,0,8,111758.8,3.754414
0,1,0,1,111652.4,3.674552
0,1,0,2,111747.2,3.66612
0,1,0,4,112231.2,3.727889
0,1,0,8,111856.0,3.732589
0,1,0,1,111663.0,3.728916
0,1,0,2,111551.8,3.738999
0,1,0,4,112192.6,3.619693
0,1,0,8,111994.2,3.676721
0,1,0,1,111764.8,3.839808
0,1,0,2,112104.4,3.698919
0,1,0,4,111784.0,3.687678
0,1,0,8,111675.0,3.687387
0,1,0,1,111419.2,3.746062
0,1,0,2,111984.4,3.663275
0,1,0,4,111749.0,3.668108
0,1,0,8,111555.0,3.742017
0,1,0,1,111905.8,3.71964
0,1,0,2,111535.4,3.736304
0,1,0,4,111713.6,3.658924
0,1,0,8,111742.0,3.729981
0,1,0,1,110919.6,3.709713
0,1,0,2,110612.4,3.690566
0,1,0,4,110574.4,3.668187
0,1,0,8,110570.6,3.755456
0,1,0,1,110861.6,3.638563
0,1,0,2,110771.4,3.789002
0,1,0,4,111045.8,3.714329
0,1,0,8,110324.2,3.681944
0,1,0,1,110549.8,3.739091
0,1,0,2,110542.6,3.66173
0,1,0,4,110631.4,3.687306
0,1,0,8,110286.8,3.75764
0,1,0,1,110462.0,3.743428
0,1,0,2,110825.0,3.817149
0,1,0,4,110646.4,3.740546
0,1,0,8,110936.6,3.683361
0,1,0,1,110188.8,3.842244
0,1,0,2,110593.2,3.750909
0,1,0,4,110948.8,3.827379
0,1,0,8,110664.8,3.692
0,1,0,1,110547.0,3.765408
0,1,0,2,110602.4,3.718194
0,1,0,4,110317.4,3.719695
0,1,0,8,110587.0,3.734364
0,1,0,1,110787.8,3.720377
0,1,0,2,110399.0,3.704363
0,1,0,4,110569.4,3.741123
0,1,0,8,110428.2,3.712219
0,1,0,1,110548.4,3.690108
0,1,0,2,110832.6,3.712
0,1,0,4,110453.6,3.742025
0,1,0,8,110662.8,3.810384
0,1,0,1,110938.0,3.896182
0,1,0,2,110511.2,3.754364
0,1,0,4,110605.6,3.749861
0,1,0,8,110934.6,3.708863
0,1,1,1,110702.8,3.722364
0,1,1,2,67229.2,6.203384
0,1,1,4,66725.0,6.213424
0,1,1,8,66828.8,6.302297
0,1,1,1,110680.4,3.762526
0,1,1,2,66875.8,6.266558
0,1,1,4,66656.8,6.362289
0,1,1,8,67337.8,6.210746
0,1,1,1,110381.4,3.587483
0,1,1,2,66981.2,6.262917
0,1,1,4,66837.2,6.168123
0,1,1,8,67110.6,6.275821
0,1,1,1,110927.0,3.739715
0,1,1,2,66821.6,6.331936
0,1,1,4,66769.8,6.399919
0,1,1,8,67075.4,6.219928
0,1,1,1,110528.4,3.734477
0,1,1,2,67056.8,6.277911
0,1,1,4,66702.2,6.2536
0,1,1,8,66548.8,6.238042
0,1,1,1,110932.2,3.715635
0,1,1,2,66956.8,6.226988
0,1,1,4,67202.0,6.167825
0,1,1,8,66835.2,6.280321
0,1,1,1,110701.4,3.688379
0,1,1,2,67053.8,6.290509
0,1,1,4,67166.0,6.279105
0,1,1,8,66785.8,6.353908
0,1,1,1,110660.0,3.728493
0,1,1,2,66973.6,6.264107
0,1,1,4,67068.6,6.264993
0,1,1,8,66668.4,6.276676
0,1,1,1,110881.8,3.669273
0,1,1,2,67026.8,6.220276
0,1,1,4,66544.0,6.295156
0,1,1,8,66823.2,6.286572
0,1,1,1,110070.4,3.741605
0,1,1,2,66875.8,6.191434
0,1,1,4,66897.6,6.155961
0,1,1,8,66846.4,6.304767
0,1,1,1,110067.6,3.768379
0,1,1,2,67081.6,6.123731
0,1,1,4,66704.4,6.176169
0,1,1,8,66840.2,6.246956
0,1,1,1,110230.6,3.599361
0,1,1,2,67003.6,6.220819
0,1,1,4,66869.0,6.245007
0,1,1,8,66910.2,6.265269
0,1,1,1,109998.4,3.736013
0,1,1,2,66919.4,6.224541
0,1,1,4,66766.8,6.323605
0,1,1,8,66617.4,6.29
0,1,1,1,110191.4,3.722931
0,1,1,2,66767.2,6.242637
0,1,1,4,66610.2,6.279824
0,1,1,8,66669.2,6.333831
0,1,1,1,110531.6,3.741471
0,1,1,2,66802.0,6.235382
0,1,1,4,66981.2,6.095952
0,1,1,8,66878.6,6.305767
0,1,1,1,110108.8,3.756849
0,1,1,2,66740.8,6.217169
0,1,1,4,66911.2,6.323483
0,1,1,8,66852.4,6.317707
0,1,1,1,110083.6,3.687243
0,1,1,2,66810.8,6.277124
0,1,1,4,66865.4,6.304776
0,1,1,8,66902.6,6.333184
0,1,1,1,110103.6,3.907601
0,1,1,2,66809.6,6.260945
0,1,1,4,66905.6,6.196296
0,1,1,8,66723.6,6.239475
0,0,0,1,123312.8,3.704996
0,0,0,2,122980.0,3.633875
0,0,0,4,123390.4,3.629931
0,0,0,8,123247.2,3.696834
0,0,0,1,123061.8,3.742691
0,0,0,2,123328.8,3.694673
0,0,0,4,122840.8,3.585294
0,0,0,8,123180.0,3.637654
0,0,0,1,123345.4,3.579677
0,0,0,2,123163.4,3.673785
0,0,0,4,122751.0,3.693287
0,0,0,8,123211.0,3.645063
0,0,0,1,123384.0,3.723752
0,0,0,2,123250.0,3.59519
0,0,0,4,122965.4,3.640607
0,0,0,8,123153.2,3.682808
0,0,0,1,123210.8,3.678918
0,0,0,2,123143.6,3.678057
0,0,0,4,123188.0,3.661242
0,0,0,8,123165.4,3.681244
0,0,0,1,123059.6,3.675395
0,0,0,2,123066.6,3.644537
0,0,0,4,123107.0,3.684814
0,0,0,8,123306.0,3.673481
0,0,0,1,123111.6,3.67759
0,0,0,2,122872.8,3.673194
0,0,0,4,123227.0,3.604673
0,0,0,8,123115.8,3.679016
0,0,0,1,123050.0,3.661662
0,0,0,2,123122.8,3.589925
0,0,0,4,123309.0,3.687045
0,0,0,8,123164.4,3.58581
0,0,0,1,123209.8,3.730753
0,0,0,2,123029.0,3.713694
0,0,0,4,123329.8,3.730192
0,0,0,8,123253.6,3.637731
0,0,0,1,122610.6,3.553838
0,0,0,2,123131.0,3.684883
0,0,0,4,122567.2,3.624601
0,0,0,8,122812.2,3.681981
0,0,0,1,122697.0,3.795723
0,0,0,2,122635.8,3.689854
0,0,0,4,122866.6,3.666548
0,0,0,8,122747.2,3.683089
0,0,0,1,122683.4,3.700328
0,0,0,2,122679.8,3.713023
0,0,0,4,122597.0,3.701186
0,0,0,8,122413.8,3.653279
0,0,0,1,122841.2,3.561293
0,0,0,2,122510.8,3.684371
0,0,0,4,122263.4,3.649119
0,0,0,8,122596.2,3.663561
0,0,0,1,122968.0,3.684344
0,0,0,2,122676.8,3.609344
0,0,0,4,122799.4,3.700471
0,0,0,8,122527.8,3.693504
0,0,0,1,122853.0,3.739344
0,0,0,2,122887.8,3.668884
0,0,0,4,122510.6,3.622153
0,0,0,8,122573.8,3.63821
0,0,0,1,122748.0,3.668853
0,0,0,2,122818.4,3.660645
0,0,0,4,123362.0,3.697028
0,0,0,8,122457.6,3.596954
0,0,0,1,122757.0,3.674754
0,0,0,2,122588.2,3.670164
0,0,0,4,122927.6,3.675806
0,0,0,8,122643.0,3.751311
0,0,0,1,122482.0,3.681553
0,0,0,2,123554.4,3.653418
0,0,0,4,123142.0,3.662819
0,0,0,8,122807.0,3.679344
0,0,1,1,122634.2,3.801849
0,0,1,2,73924.0,6.189552
0,0,1,4,73659.6,6.123547
0,0,1,8,73876.0,6.168652
0,0,1,1,122505.8,3.68314
0,0,1,2,74129.8,6.126584
0,0,1,4,74004.0,6.229765
0,0,1,8,74031.8,6.189578
0,0,1,1,122761.2,3.644949
0,0,1,2,74238.2,6.238267
0,0,1,4,74140.0,6.280778
0,0,1,8,74052.2,6.217458
0,0,1,1,123084.6,3.72475
0,0,1,2,74413.4,6.140123
0,0,1,4,74103.8,6.245365
0,0,1,8,74025.6,6.161633
0,0,1,1,123083.6,3.688234
0,0,1,2,74247.2,6.13282
0,0,1,4,74016.0,6.215135
0,0,1,8,74169.0,6.223883
0,0,1,1,122836.6,3.609194
0,0,1,2,73757.4,6.276301
0,0,1,4,74032.0,6.231999
0,0,1,8,73949.0,6.285894
0,0,1,1,122973.4,3.795018
0,0,1,2,73948.0,6.070666
0,0,1,4,74006.2,6.272077
0,0,1,8,73714.0,6.268886
0,0,1,1,123238.6,3.730358
0,0,1,2,74045.4,6.167096
0,0,1,4,73679.8,6.175343
0,0,1,8,73870.4,6.066742
0,0,1,1,122693.6,3.639129
0,0,1,2,73959.8,6.113269
0,0,1,4,73880.8,6.302799
0,0,1,8,74036.6,6.160666
0,0,1,1,122235.6,3.670022
0,0,1,2,74101.6,6.071707
0,0,1,4,73735.0,6.26013
0,0,1,8,74087.8,6.125213
0,0,1,1,122441.0,3.687729
0,0,1,2,74047.8,6.163976
0,0,1,4,73778.4,6.297642
0,0,1,8,73755.6,6.174484
0,0,1,1,122628.6,3.734426
0,0,1,2,73769.4,6.175428
0,0,1,4,74205.4,6.139111
0,0,1,8,73921.6,6.176257
0,0,1,1,122976.8,3.686932
0,0,1,2,73867.0,6.176853
0,0,1,4,73984.2,6.241707
0,0,1,8,74180.8,6.264891
0,0,1,1,122743.0,3.680482
0,0,1,2,73937.6,6.242259
0,0,1,4,74033.4,6.152932
0,0,1,8,73835.6,6.17903
0,0,1,1,122589.0,3.681476
0,0,1,2,74045.4,6.258138
0,0,1,4,73999.2,6.15013
0,0,1,8,73946.6,6.18799
0,0,1,1,122370.0,3.623543
0,0,1,2,73752.6,6.242888
0,0,1,4,73711.2,6.242847
0,0,1,8,73758.4,6.212703
0,0,1,1,122290.6,3.60816
0,0,1,2,73980.8,6.157153
0,0,1,4,74102.8,6.181125
0,0,1,8,73784.0,6.179663
0,0,1,1,122159.4,3.638365
0,0,1,2,73920.4,6.191114
0,0,1,4,74056.2,6.189115
0,0,1,8,73624.8,6.220548
0,1,0,1,122874.8,3.680492
0,1,0,2,122861.6,3.651429
0,1,0,4,123382.0,3.735298
0,1,0,8,123428.6,3.590129
0,1,0,1,123219.4,3.694957
0,1,0,2,123160.2,3.634039
0,1,0,4,123045.2,3.727144
0,1,0,8,123448.8,3.677464
0,1,0,1,123456.8,3.68237
0,1,0,2,123056.4,3.685105
0,1,0,4,122991.8,3.68728
0,1,0,8,123050.2,3.678396
0,1,0,1,122965.8,3.638483
0,1,0,2,123148.6,3.652701
0,1,0,4,123162.8,3.657792
0,1,0,8,123134.0,3.631133
0,1,0,1,123161.4,3.636984
0,1,0,2,123385.4,3.62507
0,1,0,4,123378.6,3.667012
0,1,0,8,123029.6,3.892339
0,1,0,1,122763.2,3.676692
0,1,0,2,123282.0,3.597432
0,1,0,4,123408.8,3.630746
0,1,0,8,123323.2,3.686786
0,1,0,1,123135.6,3.653188
0,1,0,2,122933.4,3.698503
0,1,0,4,123366.6,3.641129
0,1,0,8,123145.2,3.705723
0,1,0,1,123612.4,3.691109
0,1,0,2,123303.2,3.656923
0,1,0,4,123475.4,3.645436
0,1,0,8,123194.8,3.69851
0,1,0,1,123198.6,3.622591
0,1,0,2,123283.8,3.686489
0,1,0,4,123183.0,3.679232
0,1,0,8,123379.2,3.703371
0,1,0,1,122388.8,3.700527
0,1,0,2,123084.2,3.643752
0,1,0,4,122511.0,3.658611
0,1,0,8,122741.4,3.637227
0,1,0,1,122481.4,3.68807
0,1,0,2,122700.0,3.615574
0,1,0,4,122953.6,3.647676
0,1,0,8,123001.0,3.738221
0,1,0,1,122954.0,3.65882
0,1,0,2,122437.4,3.580953
0,1,0,4,122804.6,3.612958
0,1,0,8,122755.0,3.706558
0,1,0,1,123017.8,3.745942
0,1,0,2,122579.2,3.621253
0,1,0,4,123138.8,3.633495
0,1,0,8,122899.4,3.635433
0,1,0,1,122671.8,3.634234
0,1,0,2,122607.2,3.708725
0,1,0,4,123239.6,3.655789
0,1,0,8,122883.2,3.645006
0,1,0,1,122635.0,3.701875
0,1,0,2,122641.0,3.683467
0,1,0,4,123020.8,3.653089
0,1,0,8,122766.6,3.686757
0,1,0,1,122334.0,3.641932
0,1,0,2,122837.0,3.614757
0,1,0,4,123126.6,3.787183
0,1,0,8,122543.6,3.70197
0,1,0,1,122351.4,3.619598
0,1,0,2,122708.4,3.637377
0,1,0,4,123176.2,3.659309
0,1,0,8,122589.2,3.635902
0,1,0,1,122534.6,3.568491
0,1,0,2,122880.0,3.635867
0,1,0,4,122856.6,3.734019
0,1,0,8,122784.4,3.532787
0,1,1,1,122723.4,3.621475
0,1,1,2,73933.0,6.254987
0,1,1,4,74028.0,6.147485
0,1,1,8,73924.8,6.164539
0,1,1,1,122995.0,3.684482
0,1,1,2,73796.0,6.25535
0,1,1,4,73932.2,6.202107
0,1,1,8,73910.6,6.228849
0,1,1,1,122687.0,3.689016
0,1,1,2,74051.6,6.158023
0,1,1,4,73748.8,6.277986
0,1,1,8,73990.0,6.433225
0,1,1,1,122956.8,3.648852
0,1,1,2,73967.4,6.168093
0,1,1,4,73906.6,6.239911
0,1,1,8,74003.2,6.185117
0,1,1,1,122856.8,3.844262
0,1,1,2,74093.8,6.16836
0,1,1,4,73937.6,6.174639
0,1,1,8,73964.6,6.23
0,1,1,1,122872.4,3.662024
0,1,1,2,73853.2,6.233821
0,1,1,4,73648.0,6.191007
0,1,1,8,73818.8,6.232562
0,1,1,1,122812.4,3.699508
0,1,1,2,73865.6,6.221666
0,1,1,4,73877.6,6.24264
0,1,1,8,73884.2,6.121803
0,1,1,1,122524.0,3.585675
0,1,1,2,73886.6,6.301566
0,1,1,4,73778.4,6.184672
0,1,1,8,74168.0,6.041126
0,1,1,1,123121.6,3.726928
0,1,1,2,73927.0,6.208216
0,1,1,4,73818.8,6.298356
0,1,1,8,73833.2,6.246664
0,1,1,1,122898.4,3.677792
0,1,1,2,73897.0,6.141059
0,1,1,4,73986.4,6.167527
0,1,1,8,74114.8,6.209212
0,1,1,1,122655.8,3.655996
0,1,1,2,74176.2,6.137298
0,1,1,4,74080.6,6.212973
0,1,1,8,73733.0,6.197146
0,1,1,1,122778.8,3.70902
0,1,1,2,73998.2,6.174394
0,1,1,4,74210.0,6.23027
0,1,1,8,73947.8,6.233732
0,1,1,1,122704.4,3.668852
0,1,1,2,74246.2,6.16867
0,1,1,4,74061.2,6.208104
0,1,1,8,73937.2,6.233325
0,1,1,1,122801.4,3.65082
0,1,1,2,74221.4,6.234324
0,1,1,4,74019.6,6.203184
0,1,1,8,73791.2,6.176857
0,1,1,1,122385.2,3.748461
0,1,1,2,73948.6,6.258423
0,1,1,4,74141.4,6.23938
0,1,1,8,74109.0,6.159904
0,1,1,1,122669.4,3.730011
0,1,1,2,73824.6,6.284872
0,1,1,4,73844.6,6.167112
0,1,1,8,73796.6,6.118911
0,1,1,1,122270.2,3.64458
0,1,1,2,74016.8,6.125287
0,1,1,4,74054.8,6.097217
0,1,1,8,73735.4,6.232469
0,1,1,1,122778.2,3.677089
0,1,1,2,74004.6,6.178908
0,1,1,4,73881.8,6.219078
0,1,1,8,73968.6,6.142566
1,0,0,1,71603.8,3.934648
1,0,0,2,71615.6,4.05101
1,0,0,4,71376.4,4.08
1,0,0,8,71105.0,4.03072
1,0,0,1,72036.2,4.054002
1,0,0,2,72079.8,4.025536
1,0,0,4,71942.8,4.062934
1,0,0,8,71384.6,4.080563
1,0,1,1,71128.4,4.032394
1,0,1,2,43770.0,6.462442
1,0,1,4,43873.6,6.572727
1,0,1,8,43909.2,6.616364
1,0,1,1,68670.2,4.10295
1,0,1,2,43891.2,6.558636
1,0,1,4,43914.4,6.635455
1,0,1,8,44046.4,6.505
1,1,0,1,71473.2,4.039456
1,1,0,2,71588.6,4.037904
1,1,0,4,71318.2,4.027255
1,1,0,8,71349.0,4.006415
1,1,0,1,71913.6,3.947907
1,1,0,2,72124.6,3.972316
1,1,0,4,71870.6,3.997602
1,1,0,8,71895.4,4.010548
1,1,1,1,70957.2,4.032463
1,1,1,2,43860.4,6.611364
1,1,1,4,43927.4,6.566818
1,1,1,8,43924.0,6.590455
1,1,1,1,68851.6,4.065712
1,1,1,2,43826.4,6.57
1,1,1,4,44140.6,6.603182
1,1,1,8,44064.4,7.070455
0,0,0,1,86967.4,3.814648
0,0,0,2,87213.8,3.915856
0,0,0,4,86945.4,3.87463
0,0,0,8,86878.8,3.760053
0,0,0,1,84482.2,3.814175
0,0,0,2,84774.0,3.868669
0,0,0,4,84650.2,3.929471
0,0,0,8,84747.4,3.93672
0,0,0,1,84912.0,3.781602
0,0,0,2,84981.0,3.839101
0,0,0,4,85113.6,3.859134
0,0,0,8,84671.0,3.852576
0,0,0,1,87034.8,3.920043
0,0,0,2,87106.8,3.854886
0,0,0,4,87036.2,3.931518
0,0,0,8,86857.2,3.922689
0,0,0,1,88606.0,3.909318
0,0,0,2,88343.8,3.904813
0,0,0,4,88959.8,3.871992
0,0,0,8,89071.6,3.869351
0,0,0,1,95832.4,3.823625
0,0,0,2,95689.2,3.861045
0,0,0,4,95877.4,3.839644
0,0,0,8,96224.2,3.847013
0,0,0,1,87009.2,3.874517
0,0,0,2,86758.0,3.957329
0,0,0,4,86917.2,3.841271
0,0,0,8,87116.4,3.938471
0,0,0,1,88645.6,3.881591
0,0,0,2,88634.8,3.864724
0,0,0,4,88708.2,3.836136
0,0,0,8,88376.2,3.848548
0,0,0,1,93946.4,3.819536
0,0,0,2,94292.8,3.813475
0,0,0,4,94203.2,3.811702
0,0,0,8,93848.8,3.771922
0,0,0,1,82914.4,3.883435
0,0,0,2,83114.8,3.894017
0,0,0,4,83027.8,3.81278
0,0,0,8,82894.6,3.875733
0,0,0,1,84514.6,3.902456
0,0,0,2,84571.4,3.889048
0,0,0,4,84727.0,3.814762
0,0,0,8,84327.2,3.91654
0,0,0,1,84556.2,3.911377
0,0,0,2,84329.0,4.03381
0,0,0,4,84442.8,4.075952
0,0,0,8,84783.2,3.928229
0,0,0,1,82823.4,3.900746
0,0,0,2,82805.0,4.102219
0,0,0,4,83002.4,3.881108
0,0,0,8,82934.4,3.922327
0,0,0,1,88218.4,3.881291
0,0,0,2,88167.0,3.897046
0,0,0,4,88234.4,3.888192
0,0,0,8,87903.4,3.88267
0,0,0,1,93066.6,3.846615
0,0,0,2,93132.4,3.875708
0,0,0,4,92904.6,3.87293
0,0,0,8,93263.8,3.896536
0,0,0,1,83001.4,3.866183
0,0,0,2,82860.0,3.891789
0,0,0,4,82668.8,3.924739
0,0,0,8,82971.4,3.947793
0,0,0,1,89169.0,3.869522
0,0,0,2,89784.8,3.80429
0,0,0,4,89653.6,3.858574
0,0,0,8,89604.0,3.800857
0,0,0,1,93462.8,3.785161
0,0,0,2,93710.4,3.807604
0,0,0,4,93632.8,3.777955
0,0,0,8,93508.8,4.003656
0,0,1,1,81882.6,3.924914
0,0,1,2,52879.2,6.052874
0,0,1,4,53070.6,6.021509
0,0,1,8,52882.0,6.35283
0,0,1,1,85494.4,3.957176
0,0,1,2,55250.2,6.054182
0,0,1,4,55124.2,6.092
0,0,1,8,55166.2,6.021818
0,0,1,1,85521.2,3.828672
0,0,1,2,55233.0,6.045818
0,0,1,4,55153.4,6.074545
0,0,1,8,55325.4,6.390182
0,0,1,1,81942.8,3.947395
0,0,1,2,52868.4,6.108687
0,0,1,4,53020.4,6.091052
0,0,1,8,53042.8,6.141887
0,0,1,1,87933.8,3.789634
0,0,1,2,58487.0,5.894144
0,0,1,4,58435.2,5.823793
0,0,1,8,58534.4,5.913226
0,0,1,1,94526.6,3.938586
0,0,1,2,64682.8,5.582861
0,0,1,4,64491.0,5.636846
0,0,1,8,64566.8,5.484063
0,0,1,1,81773.6,3.941722
0,0,1,2,52942.6,6.126792
0,0,1,4,52940.0,6.290944
0,0,1,8,52823.8,6.124964
0,0,1,1,90913.6,3.854879
0,0,1,2,60336.6,5.717
0,0,1,4,60123.8,5.773729
0,0,1,8,60170.4,5.898
0,0,1,1,94027.8,3.808466
0,0,1,2,64127.6,5.550312
0,0,1,4,64128.2,5.774688
0,0,1,8,64047.2,5.519687
0,0,1,1,83270.0,3.89099
0,0,1,2,52904.4,6.068099
0,0,1,4,53079.4,6.153585
0,0,1,8,52981.6,6.078868
0,0,1,1,85496.2,3.878353
0,0,1,2,55225.2,6.096364
0,0,1,4,55192.4,5.85134
0,0,1,8,55243.4,6.072364
0,0,1,1,85487.4,3.917882
0,0,1,2,55309.8,6.088727
0,0,1,4,55132.2,6.019273
0,0,1,8,55154.8,6.114545
0,0,1,1,83150.2,3.941031
0,0,1,2,52839.2,6.09283
0,0,1,4,52865.4,6.084354
0,0,1,8,52944.4,6.080051
0,0,1,1,88868.0,3.884395
0,0,1,2,58319.8,6.003103
0,0,1,4,58340.6,5.831034
0,0,1,8,58329.2,5.826552
0,0,1,1,93448.0,3.855914
0,0,1,2,64472.0,5.558962
0,0,1,4,64621.6,5.55538
0,0,1,8,64438.0,5.54375
0,0,1,1,82997.4,3.934056
0,0,1,2,52932.8,6.017359
0,0,1,4,52886.8,6.036684
0,0,1,8,53039.2,6.056226
0,0,1,1,91458.8,3.846927
0,0,1,2,60101.2,5.876333
0,0,1,4,60178.4,5.835333
0,0,1,8,60116.0,5.887
0,0,1,1,91785.8,3.804615
0,0,1,2,64047.4,5.635312
0,0,1,4,63943.0,5.645625
0,0,1,8,64102.8,5.5525
0,1,0,1,86971.4,3.889268
0,1,0,2,86894.4,3.842614
0,1,0,4,87150.6,3.817605
0,1,0,8,87178.0,3.921278
0,1,0,1,84716.6,3.88495
0,1,0,2,84693.2,3.95
0,1,0,4,84552.4,3.940115
0,1,0,8,84441.4,3.872384
0,1,0,1,84755.4,3.866986
0,1,0,2,84647.2,3.926882
0,1,0,4,84847.6,3.913014
0,1,0,8,84791.0,3.918653
0,1,0,1,87002.4,3.817423
0,1,0,2,86714.2,3.83181
0,1,0,4,87127.6,3.807658
0,1,0,8,86631.6,3.932638
0,1,0,1,88472.6,3.853171
0,1,0,2,88779.6,3.88594
0,1,0,4,88680.4,3.870455
0,1,0,8,88842.8,3.919959
0,1,0,1,95991.4,3.838237
0,1,0,2,95951.4,3.843274
0,1,0,4,96039.0,3.810678
0,1,0,8,96005.4,3.798403
0,1,0,1,86883.8,3.91927
0,1,0,2,86983.8,3.903582
0,1,0,4,86829.0,3.849775
0,1,0,8,87043.8,3.815485
0,1,0,1,88410.4,3.884901
0,1,0,2,88197.4,3.906591
0,1,0,4,88499.8,3.895355
0,1,0,8,88518.6,3.846552
0,1,0,1,93818.0,3.821673
0,1,0,2,93282.4,3.924088
0,1,0,4,93924.0,3.83926
0,1,0,8,93917.4,3.750603
0,1,0,1,82911.6,3.898099
0,1,0,2,82906.0,3.946148
0,1,0,4,83005.6,3.827141
0,1,0,8,82794.8,3.908969
0,1,0,1,84310.0,3.902166
0,1,0,2,84350.8,3.891578
0,1,0,4,84288.6,3.817186
0,1,0,8,84377.4,3.94329
0,1,0,1,84276.6,3.745723
0,1,0,2,84534.8,3.750476
0,1,0,4,84529.8,3.788087
0,1,0,8,84335.0,3.884633
0,1,0,1,82572.4,3.937695
0,1,0,2,82838.8,3.929115
0,1,0,4,83010.2,3.961898
0,1,0,8,82910.4,3.947561
0,1,0,1,88352.0,3.864091
0,1,0,2,88163.4,3.92488
0,1,0,4,87644.0,3.809451
0,1,0,8,88273.0,3.861661
0,1,0,1,93375.2,3.79644
0,1,0,2,92906.6,3.834944
0,1,0,4,93196.6,3.873567
0,1,0,8,93266.0,3.878132
0,1,0,1,82722.8,3.872039
0,1,0,2,83195.8,3.897229
0,1,0,4,82924.8,3.846104
0,1,0,8,82911.0,3.936756
0,1,0,1,89401.2,3.86595
0,1,0,2,89975.6,3.913725
0,1,0,4,89901.2,3.776589
0,1,0,8,89266.4,3.68248
0,1,0,1,93520.2,3.857419
0,1,0,2,93281.8,3.855295
0,1,0,4,93109.2,4.008981
0,1,0,8,93166.2,3.712716
0,1,1,1,81845.6,3.971846
0,1,1,2,52986.0,5.989056
0,1,1,4,52845.8,6.131321
0,1,1,8,52675.8,6.131894
0,1,1,1,85712.2,3.879294
0,1,1,2,55324.6,5.985468
0,1,1,4,55349.6,6.018182
0,1,1,8,55122.4,6.013818
0,1,1,1,85828.0,3.936107
0,1,1,2,55286.8,5.985818
0,1,1,4,55352.4,6.002545
0,1,1,8,55085.4,6.096364
0,1,1,1,81867.8,4.034586
0,1,1,2,53068.2,6.115472
0,1,1,4,52972.4,6.164906
0,1,1,8,52902.8,6.16717
0,1,1,1,88121.6,3.8961
0,1,1,2,58431.2,5.814483
0,1,1,4,58306.2,5.856207
0,1,1,8,58402.4,5.873104
0,1,1,1,94883.2,3.852553
0,1,1,2,64569.0,5.56
0,1,1,4,64535.8,5.56
0,1,1,8,64573.6,5.544375
0,1,1,1,81950.4,3.936212
0,1,1,2,53010.6,6.262642
0,1,1,4,52941.8,6.120755
0,1,1,8,52976.4,6.013723
0,1,1,1,91079.0,3.831199
0,1,1,2,60232.4,5.818
0,1,1,4,60110.4,5.841333
0,1,1,8,60093.6,5.842667
0,1,1,1,93948.4,3.812466
0,1,1,2,63940.6,5.452366
0,1,1,4,64073.0,5.6225
0,1,1,8,64149.0,5.627188
0,1,1,1,83207.4,3.816386
0,1,1,2,52767.0,6.037612
0,1,1,4,53019.6,6.098868
0,1,1,8,52921.6,6.014717
0,1,1,1,85300.0,3.855294
0,1,1,2,55276.6,6.132364
0,1,1,4,55346.6,6.038546
0,1,1,8,55136.2,6.041818
0,1,1,1,85334.0,3.885476
0,1,1,2,55333.0,6.048
0,1,1,4,55185.6,6.067273
0,1,1,8,55211.6,5.946909
0,1,1,1,83075.6,3.919451
0,1,1,2,52908.4,5.814224
0,1,1,4,52887.0,6.10566
0,1,1,8,52910.6,5.964848
0,1,1,1,89239.6,3.860202
0,1,1,2,58470.2,5.726207
0,1,1,4,58303.4,5.863793
0,1,1,8,58271.4,5.847931
0,1,1,1,93151.6,3.983565
0,1,1,2,64544.6,5.612048
0,1,1,4,64506.8,5.624875
0,1,1,8,64587.2,5.58875
0,1,1,1,83177.8,3.928163
0,1,1,2,52837.8,5.786226
0,1,1,4,52925.8,6.018868
0,1,1,8,52865.8,6.050892
0,1,1,1,91689.8,3.940879
0,1,1,2,60161.0,5.820667
0,1,1,4,60318.6,5.85194
0,1,1,8,60299.2,5.78
0,1,1,1,91611.0,3.876264
0,1,1,2,64167.2,5.648125
0,1,1,4,64052.8,5.664063
0,1,1,8,63951.2,5.654127
1,0,0,1,66113.4,4.417068
1,0,0,2,66556.6,4.207137
1,0,0,4,66458.0,4.126273
1,0,0,8,66299.8,4.016667
1,0,0,1,66464.6,4.060909
1,0,0,2,66570.2,4.148865
1,0,0,4,66410.4,4.147273
1,0,0,8,66548.8,4.161644
1,0,1,1,65902.6,3.995669
1,0,1,2,40691.6,6.679939
1,0,1,4,40667.4,6.614134
1,0,1,8,40667.4,6.732195
1,0,1,1,65607.4,4.117538
1,0,1,2,40601.6,6.555854
1,0,1,4,40670.0,6.731707
1,0,1,8,40680.8,6.754707
1,1,0,1,66478.4,4.121515
1,1,0,2,66496.2,4.14152
1,1,0,4,66408.8,4.048485
1,1,0,8,66437.2,4.062424
1,1,0,1,66361.6,4.047368
1,1,0,2,66300.2,4.133333
1,1,0,4,66458.0,3.968182
1,1,0,8,66176.2,4.116863
1,1,1,1,65530.2,4.088
1,1,1,2,40603.2,6.69261
1,1,1,4,40617.4,6.776646
1,1,1,8,40559.2,6.727622
1,1,1,1,65635.4,4.173441
1,1,1,2,40564.2,6.798671
1,1,1,4,40778.6,6.664573
1,1,1,8,40639.0,6.718537
0,0,0,1,80755.4,3.852991
0,0,0,2,80789.8,4.105299
0,0,0,4,80787.0,3.964534
0,0,0,8,80837.0,3.984768
0,0,0,1,80351.4,3.956468
0,0,0,2,80544.0,3.950756
0,0,0,4,80330.8,3.92725
0,0,0,8,80470.6,3.98575
0,0,0,1,80230.4,3.903003
0,0,0,2,80361.8,3.986291
0,0,0,4,80416.8,3.95325
0,0,0,8,80527.0,3.927633
0,0,0,1,80853.4,3.89359
0,0,0,2,80855.4,3.970336
0,0,0,4,80973.6,3.899852
0,0,0,8,80794.4,3.972882
0,0,0,1,85818.0,3.713647
0,0,0,2,86106.2,3.862613
0,0,0,4,86156.4,3.904186
0,0,0,8,86118.4,3.892763
0,0,0,1,89601.2,3.736404
0,0,0,2,89920.8,3.858652
0,0,0,4,89559.6,3.883671
0,0,0,8,89627.0,3.857978
0,0,0,1,80729.6,3.862454
0,0,0,2,80836.4,3.812333
0,0,0,4,80964.6,3.943188
0,0,0,8,80900.2,3.91629
0,0,0,1,86632.2,3.814419
0,0,0,2,86229.2,4.06959
0,0,0,4,86510.0,3.895116
0,0,0,8,86490.0,3.881661
0,0,0,1,88603.2,3.809545
0,0,0,2,88633.0,3.830993
0,0,0,4,88610.6,3.889342
0,0,0,8,88821.4,3.89905
0,0,0,1,79641.6,3.974089
0,0,0,2,79629.0,3.986099
0,0,0,4,79734.8,3.935101
0,0,0,8,79735.8,3.981183
0,0,0,1,81654.6,4.084962
0,0,0,2,81596.6,3.888889
0,0,0,4,81721.8,3.971069
0,0,0,8,81567.4,3.990123
0,0,0,1,81213.2,4.023448
0,0,0,2,81532.8,3.877009
0,0,0,4,81586.6,3.973086
0,0,0,8,81568.8,3.963457
0,0,0,1,79708.0,3.899494
0,0,0,2,79263.6,3.966501
0,0,0,4,79777.0,3.818269
0,0,0,8,79359.4,3.950726
0,0,0,1,83954.6,3.934128
0,0,0,2,83930.6,3.786191
0,0,0,4,83973.8,3.893488
0,0,0,8,83832.8,4.12747
0,0,0,1,89770.0,3.775506
0,0,0,2,89803.0,3.90594
0,0,0,4,89855.6,3.796624
0,0,0,8,89612.2,3.897079
0,0,0,1,79507.4,3.997468
0,0,0,2,79664.8,3.857722
0,0,0,4,79469.8,4.014177
0,0,0,8,79567.2,3.990123
0,0,0,1,83966.0,3.866365
0,0,0,2,83854.2,3.948485
0,0,0,4,83874.8,3.933594
0,0,0,8,83920.4,3.921214
0,0,0,1,87373.0,3.896421
0,0,0,2,87696.8,3.860434
0,0,0,4,87394.2,3.923833
0,0,0,8,87540.0,3.836496
0,0,1,1,79798.4,3.974924
0,0,1,2,51903.8,6.038899
0,0,1,4,52007.0,6.064615
0,0,1,8,51794.6,6.073077
0,0,1,1,81455.6,3.933086
0,0,1,2,52860.8,6.064579
0,0,1,4,52944.2,6.150776
0,0,1,8,52951.4,6.141132
0,0,1,1,81695.2,3.928889
0,0,1,2,52825.4,6.129035
0,0,1,4,53033.0,5.947547
0,0,1,8,52925.4,6.046415
0,0,1,1,79903.4,4.104718
0,0,1,2,51877.8,6.12
0,0,1,4,51903.2,6.17
0,0,1,8,51815.2,5.898296
0,0,1,1,84530.6,4.011429
0,0,1,2,56284.0,5.893214
0,0,1,4,56408.2,6.058929
0,0,1,8,56366.4,5.890714
0,0,1,1,89936.6,3.894817
0,0,1,2,61794.8,5.501867
0,0,1,4,62100.0,5.534194
0,0,1,8,61894.0,5.651872
0,0,1,1,79734.0,3.963528
0,0,1,2,51849.0,5.952338
0,0,1,4,51860.2,6.059306
0,0,1,8,51808.6,6.067587
0,0,1,1,83012.2,3.905372
0,0,1,2,55312.6,5.871636
0,0,1,4,55385.0,5.836727
0,0,1,8,55270.6,5.922546
0,0,1,1,88059.2,3.80261
0,0,1,2,60836.2,5.607656
0,0,1,4,60850.0,5.65777
0,0,1,8,60596.6,5.628186
0,0,1,1,78702.8,3.960007
0,0,1,2,51989.8,6.106154
0,0,1,4,51852.6,6.020385
0,0,1,8,51785.0,6.11871
0,0,1,1,80328.6,3.94575
0,0,1,2,52866.0,6.249434
0,0,1,4,52913.4,6.048897
0,0,1,8,52951.8,5.908077
0,0,1,1,80086.2,3.964316
0,0,1,2,53005.8,6.014528
0,0,1,4,52830.8,6.066038
0,0,1,8,52892.6,5.986415
0,0,1,1,78846.2,3.92963
0,0,1,2,51843.4,6.105385
0,0,1,4,51905.4,6.199065
0,0,1,8,51932.2,6.010385
0,0,1,1,83196.8,3.900964
0,0,1,2,56494.0,5.841516
0,0,1,4,56275.6,5.89
0,0,1,8,56496.6,5.819994
0,0,1,1,89824.2,3.875723
0,0,1,2,62000.0,5.653226
0,0,1,4,61883.4,5.567832
0,0,1,8,62016.8,5.654194
0,0,1,1,78769.0,3.912376
0,0,1,2,51965.4,5.996154
0,0,1,4,51881.6,6.164231
0,0,1,8,51760.2,5.86417
0,0,1,1,86141.8,4.007535
0,0,1,2,55440.0,5.816448
0,0,1,4,55183.6,5.92
0,0,1,8,55138.2,5.928
0,0,1,1,86439.4,4.019535
0,0,1,2,60805.8,5.599016
0,0,1,4,60628.2,5.574415
0,0,1,8,60594.8,5.650016
0,1,0,1,80949.0,3.974744
0,1,0,2,80871.0,3.929182
0,1,0,4,80745.0,3.825762
0,1,0,8,81036.4,3.948528
0,1,0,1,80309.6,3.79831
0,1,0,2,80428.2,3.9485
0,1,0,4,80311.8,3.980497
0,1,0,8,80154.0,3.900956
0,1,0,1,80431.2,3.951516
0,1,0,2,80437.8,3.93525
0,1,0,4,80532.6,3.982231
0,1,0,8,79903.8,3.873275
0,1,0,1,80500.8,3.907253
0,1,0,2,80902.8,3.866605
0,1,0,4,80680.0,3.968041
0,1,0,8,80686.4,4.110117
0,1,0,1,86181.2,3.953023
0,1,0,2,85876.2,3.835754
0,1,0,4,85954.0,3.853064
0,1,0,8,85856.6,3.917308
0,1,0,1,89710.0,3.889663
0,1,0,2,89730.6,3.889785
0,1,0,4,89713.2,3.751011
0,1,0,8,89213.6,3.837625
0,1,0,1,80950.2,3.958873
0,1,0,2,80956.4,3.925951
0,1,0,4,80908.0,3.948624
0,1,0,8,80744.8,3.820978
0,1,0,1,86524.0,3.921163
0,1,0,2,86635.0,3.845814
0,1,0,4,86451.2,3.793721
0,1,0,8,86230.8,3.905464
0,1,0,1,88467.0,3.892844
0,1,0,2,88733.8,3.91
0,1,0,4,88815.8,3.999091
0,1,0,8,88210.2,4.032706
0,1,0,1,79537.6,3.957215
0,1,0,2,79594.0,3.946867
0,1,0,4,79515.0,3.904304
0,1,0,8,79550.2,3.988608
0,1,0,1,81295.8,3.994923
0,1,0,2,81204.4,3.943522
0,1,0,4,81433.2,3.931065
0,1,0,8,81711.4,3.979925
0,1,0,1,81591.0,3.942222
0,1,0,2,81254.4,3.918244
0,1,0,4,81639.6,3.847266
0,1,0,8,81709.6,3.862719
0,1,0,1,79602.6,3.877975
0,1,0,2,79604.8,3.972392
0,1,0,4,79617.2,3.892177
0,1,0,8,79774.4,3.97813
0,1,0,1,83999.6,3.890083
0,1,0,2,83839.2,3.942358
0,1,0,4,83653.2,3.950126
0,1,0,8,83568.6,3.882907
0,1,0,1,89932.0,3.724791
0,1,0,2,89606.4,3.876494
0,1,0,4,89553.4,3.871166
0,1,0,8,89560.4,3.857775
0,1,0,1,79609.4,3.94557
0,1,0,2,79561.0,4.040702
0,1,0,4,79758.2,3.897972
0,1,0,8,79510.4,3.92962
0,1,0,1,83862.4,3.892877
0,1,0,2,83463.0,3.938624
0,1,0,4,83723.4,3.819616
0,1,0,8,83862.4,3.922039
0,1,0,1,87325.2,3.877739
0,1,0,2,87659.4,3.891494
0,1,0,4,87658.4,3.889744
0,1,0,8,87394.8,3.89954
0,1,1,1,79650.2,4.017468
0,1,1,2,51911.6,6.071923
0,1,1,4,51800.6,6.098846
0,1,1,8,51919.6,6.085385
0,1,1,1,81623.6,3.939506
0,1,1,2,52971.8,5.932779
0,1,1,4,52961.4,6.052039
0,1,1,8,52988.0,5.974666
0,1,1,1,81636.2,3.881234
0,1,1,2,52829.8,6.053962
0,1,1,4,52960.4,6.068302
0,1,1,8,52867.6,6.089434
0,1,1,1,79933.6,3.920715
0,1,1,2,51807.6,6.065369
0,1,1,4,51955.0,6.096538
0,1,1,8,51978.2,6.075769
0,1,1,1,84165.4,3.891078
0,1,1,2,56358.0,5.745714
0,1,1,4,56424.4,5.923571
0,1,1,8,56311.2,5.83
0,1,1,1,89983.0,3.829363
0,1,1,2,61989.0,5.517054
0,1,1,4,61885.8,5.584284
0,1,1,8,61827.4,5.520058
0,1,1,1,80047.8,3.890611
0,1,1,2,51906.8,6.178077
0,1,1,4,51892.8,6.157308
0,1,1,8,51946.2,6.053613
0,1,1,1,82889.4,3.957458
0,1,1,2,55264.2,5.814909
0,1,1,4,55231.2,5.863636
0,1,1,8,55322.4,6.009091
0,1,1,1,88359.4,3.870081
0,1,1,2,60753.0,5.591022
0,1,1,4,60742.0,5.652432
0,1,1,8,60646.6,5.640399
0,1,1,1,78707.6,3.982301
0,1,1,2,51786.2,6.102692
0,1,1,4,51988.0,6.096923
0,1,1,8,51955.0,6.096538
0,1,1,1,79905.6,3.989782
0,1,1,2,52877.2,5.813948
0,1,1,4,52985.4,6.042453
0,1,1,8,52998.8,6.071321
0,1,1,1,80155.6,3.977202
0,1,1,2,52756.8,6.057467
0,1,1,4,52859.4,6.269855
0,1,1,8,52805.6,6.03016
0,1,1,1,78813.2,3.946719
0,1,1,2,51823.8,6.012587
0,1,1,4,51844.8,6.117217
0,1,1,8,51915.0,6.106154
0,1,1,1,82906.0,3.907893
0,1,1,2,56425.6,5.845
0,1,1,4,56405.2,5.871071
0,1,1,8,56410.2,5.849536
0,1,1,1,89830.2,3.873031
0,1,1,2,61861.6,5.600323
0,1,1,4,61934.6,5.659968
0,1,1,8,61932.2,5.627552
0,1,1,1,78866.6,3.842201
0,1,1,2,51896.2,5.931923
0,1,1,4,51839.8,6.117896
0,1,1,8,51717.8,5.995347
0,1,1,1,85824.0,3.640542
0,1,1,2,55360.2,5.850546
0,1,1,4,55346.4,5.782182
0,1,1,8,55184.2,5.790182
0,1,1,1,86510.4,3.921163
0,1,1,2,60730.8,5.637104
0,1,1,4,60832.6,5.509148
0,1,1,8,60575.0,5.676322
1,0,0,1,150733.6,3.651444
1,0,0,2,150311.2,3.661757
1,0,0,4,150639.0,3.520168
1,0,0,8,150687.6,3.568042
1,0,0,1,152031.2,3.640509
1,0,0,2,152006.6,3.596469
1,0,0,4,152071.6,3.589797
1,0,0,8,151882.6,3.579282
1,0,1,1,145803.0,3.596974
1,0,1,2,88305.4,6.02
1,0,1,4,88284.8,6.048966
1,0,1,8,88266.0,6.046591
1,0,1,1,151045.6,3.554131
1,0,1,2,88384.2,5.997273
1,0,1,4,88505.8,5.94828
1,0,1,8,88221.0,6.0657
1,1,0,1,150565.4,3.562803
1,1,0,2,150709.0,3.484927
1,1,0,4,150903.8,3.539553
1,1,0,8,150895.6,3.594178
1,1,0,1,152104.4,3.551328
1,1,0,2,151434.6,3.691205
1,1,0,4,151798.2,3.59416
1,1,0,8,151179.2,3.542777
1,1,1,1,146240.2,3.453242
1,1,1,2,88227.6,5.955666
1,1,1,4,88238.8,5.971685
1,1,1,8,88520.2,5.967045
1,1,1,1,151223.0,3.585975
1,1,1,2,88282.4,6.025073
1,1,1,4,88106.6,6.020517
1,1,1,8,88349.6,6.041136
0,0,0,1,169891.0,3.553564
0,0,0,2,169513.4,3.539187
0,0,0,4,169788.6,3.514383
0,0,0,8,170149.2,3.503058
0,0,0,1,174370.0,3.515885
0,0,0,2,173395.8,3.540827
0,0,0,4,173927.4,3.488397
0,0,0,8,174464.4,3.469824
0,0,0,1,174599.4,3.490541
0,0,0,2,174672.6,3.577752
0,0,0,4,174120.0,3.467342
0,0,0,8,174590.2,3.526701
0,0,0,1,169522.0,3.601345
0,0,0,2,169592.4,3.479597
0,0,0,4,168528.4,3.508339
0,0,0,8,169863.6,3.549758
0,0,0,1,181435.2,3.486811
0,0,0,2,181991.2,3.52535
0,0,0,4,181852.4,3.516834
0,0,0,8,181940.4,3.496282
0,0,0,1,183881.4,3.503802
0,0,0,2,184641.4,3.467256
0,0,0,4,184232.2,3.496782
0,0,0,8,184576.4,3.481187
0,0,0,1,169761.6,3.545754
0,0,0,2,169397.0,3.538809
0,0,0,4,169979.6,3.507249
0,0,0,8,169757.4,3.473861
0,0,0,1,184456.2,3.51812
0,0,0,2,184929.2,3.423412
0,0,0,4,184097.0,3.466334
0,0,0,8,185208.4,3.522325
0,0,0,1,190072.0,3.510112
0,0,0,2,190265.6,3.552169
0,0,0,4,190364.0,3.503495
0,0,0,8,189966.4,3.504683
0,0,0,1,168694.2,3.586006
0,0,0,2,168864.8,3.504405
0,0,0,4,169677.0,3.527976
0,0,0,8,168952.4,3.526429
0,0,0,1,175315.2,3.529126
0,0,0,2,175742.0,3.53072
0,0,0,4,175246.0,3.587231
0,0,0,8,175900.4,3.524881
0,0,0,1,175474.2,3.490754
0,0,0,2,175454.4,3.494121
0,0,0,4,175946.4,3.440259
0,0,0,8,175764.8,3.460087
0,0,0,1,168979.2,3.460173
0,0,0,2,169171.2,3.49155
0,0,0,4,168723.6,3.567477
0,0,0,8,168291.2,3.435225
0,0,0,1,175885.4,3.553313
0,0,0,2,176546.8,3.506054
0,0,0,4,177089.6,3.470918
0,0,0,8,175722.4,3.531508
0,0,0,1,189214.4,3.476216
0,0,0,2,188780.4,3.502486
0,0,0,4,189025.8,3.492617
0,0,0,8,188852.2,3.512896
0,0,0,1,168954.0,3.5275
0,0,0,2,167918.2,3.549449
0,0,0,4,168841.6,3.506215
0,0,0,8,168882.4,3.583367
0,0,0,1,184188.8,3.514715
0,0,0,2,184754.6,3.518173
0,0,0,4,184783.4,3.499147
0,0,0,8,183779.8,3.462651
0,0,0,1,188747.6,3.480868
0,0,0,2,188759.2,3.47774
0,0,0,4,189273.4,3.503088
0,0,0,8,189233.0,3.439289
0,0,1,1,171780.4,3.504182
0,0,1,2,107608.2,5.68374
0,0,1,4,107604.0,5.643987
0,0,1,8,107734.8,5.697847
0,0,1,1,176407.4,3.492969
0,0,1,2,110064.2,5.718068
0,0,1,4,109979.0,5.655441
0,0,1,8,110009.0,5.658378
0,0,1,1,175511.8,3.537672
0,0,1,2,110231.6,5.707201
0,0,1,4,110204.8,5.702689
0,0,1,8,110013.6,5.69555
0,0,1,1,171709.2,3.517471
0,0,1,2,107778.0,5.66729
0,0,1,4,107743.8,5.530148
0,0,1,8,107791.6,5.687326
0,0,1,1,179401.2,3.498413
0,0,1,2,115091.0,5.423205
0,0,1,4,115062.8,5.500622
0,0,1,8,114921.6,5.506368
0,0,1,1,190825.4,3.504344
0,0,1,2,124822.4,5.25129
0,0,1,4,125037.0,5.269935
0,0,1,8,124909.8,5.333707
0,0,1,1,171643.2,3.538884
0,0,1,2,107310.8,5.74729
0,0,1,4,107981.0,5.649818
0,0,1,8,107944.0,5.605723
0,0,1,1,177808.2,3.522555
0,0,1,2,113797.2,5.526466
0,0,1,4,113984.6,5.489927
0,0,1,8,114012.2,5.533691
0,0,1,1,187962.0,3.463553
0,0,1,2,123420.8,5.400325
0,0,1,4,123566.2,5.402709
0,0,1,8,123814.4,5.368836
0,0,1,1,171259.4,3.537264
0,0,1,2,107635.0,5.515182
0,0,1,4,107553.2,5.662717
0,0,1,8,107246.8,5.646239
0,0,1,1,173007.4,3.523966
0,0,1,2,110173.6,5.674774
0,0,1,4,109989.2,5.68652
0,0,1,8,109883.6,5.6635
0,0,1,1,173022.6,3.510263
0,0,1,2,109904.0,5.685688
0,0,1,4,109911.2,5.694978
0,0,1,8,109784.4,5.745083
0,0,1,1,171301.8,3.473392
0,0,1,2,107788.8,5.677009
0,0,1,4,107743.6,5.545366
0,0,1,8,107375.0,5.690201
0,0,1,1,176210.6,3.505071
0,0,1,2,114944.4,5.518833
0,0,1,4,115140.4,5.550682
0,0,1,8,114958.2,5.527112
0,0,1,1,185106.4,3.52859
0,0,1,2,125282.2,5.331088
0,0,1,4,124859.8,5.376871
0,0,1,8,124986.4,5.388226
0,0,1,1,171363.0,3.505127
0,0,1,2,107761.4,5.640285
0,0,1,4,107643.6,5.68486
0,0,1,8,107794.6,5.675649
0,0,1,1,178180.8,3.538046
0,0,1,2,114144.8,5.53406
0,0,1,4,114256.4,5.651782
0,0,1,8,113706.0,5.541034
0,0,1,1,186965.2,3.501885
0,0,1,2,123465.0,5.385195
0,0,1,4,123293.0,5.325641
0,0,1,8,123644.6,5.335772
0,1,0,1,168995.2,3.44653
0,1,0,2,169346.6,3.591606
0,1,0,4,169923.0,3.465234
0,1,0,8,170030.6,3.578829
0,1,0,1,174441.4,3.53786
0,1,0,2,174345.4,3.543138
0,1,0,4,174522.0,3.516869
0,1,0,8,174479.0,3.525607
0,1,0,1,174714.0,3.532764
0,1,0,2,174026.6,3.539273
0,1,0,4,174775.0,3.461324
0,1,0,8,174358.6,3.501007
0,1,0,1,169925.0,3.470329
0,1,0,2,169085.4,3.523182
0,1,0,4,169028.0,3.507339
0,1,0,8,169608.8,3.534596
0,1,0,1,181855.2,3.509775
0,1,0,2,181966.2,3.571015
0,1,0,4,182206.8,3.50397
0,1,0,8,182105.6,3.500817
0,1,0,1,184797.6,3.489155
0,1,0,2,184727.4,3.470779
0,1,0,4,185024.0,3.473014
0,1,0,8,185023.2,3.509442
0,1,0,1,169893.4,3.549147
0,1,0,2,169344.4,3.517046
0,1,0,4,170128.6,3.546012
0,1,0,8,169878.8,3.633971
0,1,0,1,184985.0,3.473102
0,1,0,2,184748.0,3.423915
0,1,0,4,184619.8,3.491242
0,1,0,8,184750.0,3.468542
0,1,0,1,190188.4,3.513232
0,1,0,2,190210.8,3.504166
0,1,0,4,189968.0,3.490152
0,1,0,8,190235.0,3.485811
0,1,0,1,168092.8,3.522333
0,1,0,2,168416.0,3.454999
0,1,0,4,168606.2,3.50529
0,1,0,8,168945.6,3.474525
0,1,0,1,175555.4,3.50228
0,1,0,2,175822.8,3.470883
0,1,0,4,175405.4,3.515208
0,1,0,8,175574.6,3.510869
0,1,0,1,174667.8,3.508094
0,1,0,2,175779.4,3.502064
0,1,0,4,175695.2,3.541742
0,1,0,8,175434.4,3.481861
0,1,0,1,168854.8,3.486044
0,1,0,2,169295.4,3.439382
0,1,0,4,168810.4,3.468179
0,1,0,8,168794.6,3.514084
0,1,0,1,176746.8,3.488415
0,1,0,2,176845.8,3.478726
0,1,0,4,176343.6,3.518891
0,1,0,8,176449.6,3.509356
0,1,0,1,188325.6,3.493393
0,1,0,2,189764.2,3.439751
0,1,0,4,188776.0,3.475904
0,1,0,8,188639.4,3.48348
0,1,0,1,168321.0,3.520404
0,1,0,2,168609.6,3.54988
0,1,0,4,169154.0,3.553418
0,1,0,8,168859.6,3.569145
0,1,0,1,185096.2,3.504348
0,1,0,2,184359.4,3.517462
0,1,0,4,184816.2,3.421049
0,1,0,8,184077.4,3.471328
0,1,0,1,188914.0,3.534642
0,1,0,2,188621.0,3.450538
0,1,0,4,189488.6,3.513733
0,1,0,8,189340.2,3.46122
0,1,1,1,171886.4,3.539966
0,1,1,2,107591.2,5.768411
0,1,1,4,107633.2,5.81271
0,1,1,8,107573.2,5.631402
0,1,1,1,176224.2,3.511193
0,1,1,2,109718.2,5.658349
0,1,1,4,109941.0,5.732477
0,1,1,8,109779.0,5.698557
0,1,1,1,175729.6,3.536872
0,1,1,2,110088.8,5.709401
0,1,1,4,110123.2,5.688734
0,1,1,8,109832.4,5.751009
0,1,1,1,172366.4,3.51247
0,1,1,2,107254.2,5.710448
0,1,1,4,107855.6,5.59861
0,1,1,8,107620.0,5.667572
0,1,1,1,179705.8,3.474523
0,1,1,2,114834.2,5.501404
0,1,1,4,114898.8,5.512186
0,1,1,8,114932.0,5.497368
0,1,1,1,190832.0,3.496598
0,1,1,2,125037.4,5.373364
0,1,1,4,124779.0,5.391129
0,1,1,8,124592.2,5.422102
0,1,1,1,171899.8,3.537676
0,1,1,2,107502.2,5.656635
0,1,1,4,107721.2,5.771262
0,1,1,8,107517.6,5.626537
0,1,1,1,178223.6,3.514443
0,1,1,2,113962.4,5.54331
0,1,1,4,113894.2,5.526018
0,1,1,8,113743.4,5.565758
0,1,1,1,188522.2,3.490429
0,1,1,2,123338.6,5.272972
0,1,1,4,123446.4,5.358049
0,1,1,8,123755.0,5.384878
0,1,1,1,170976.4,3.521978
0,1,1,2,107567.0,5.651215
0,1,1,4,107715.2,5.587103
0,1,1,8,107650.0,5.629097
0,1,1,1,173006.4,3.652358
0,1,1,2,109969.6,5.690547
0,1,1,4,109787.0,5.70533
0,1,1,8,109906.0,5.728118
0,1,1,1,173243.4,3.526512
0,1,1,2,110253.4,5.674419
0,1,1,4,110189.4,5.605034
0,1,1,8,109656.2,5.710809
0,1,1,1,170778.4,3.532706
0,1,1,2,107690.4,5.674766
0,1,1,4,107413.8,5.674766
0,1,1,8,107565.0,5.719253
0,1,1,1,175828.8,3.532507
0,1,1,2,115142.4,5.52441
0,1,1,4,115067.6,5.451681
0,1,1,8,114600.8,5.56193
0,1,1,1,185136.0,3.518747
0,1,1,2,124906.8,5.293871
0,1,1,4,125093.6,5.401387
0,1,1,8,124619.0,5.328929
0,1,1,1,171483.4,3.551179
0,1,1,2,107753.0,5.669907
0,1,1,4,107870.4,5.581869
0,1,1,8,107669.2,5.647146
0,1,1,1,179326.6,3.621186
0,1,1,2,114079.8,5.545179
0,1,1,4,114254.2,5.439092
0,1,1,8,114360.2,5.650362
0,1,1,1,187326.2,3.471891
0,1,1,2,123443.6,5.307115
0,1,1,4,123797.8,5.361789
0,1,1,8,123786.6,5.343683
1,0,0,1,136888.4,3.62023
1,0,0,2,136898.0,3.649185
1,0,0,4,136715.2,3.589811
1,0,0,8,136900.4,3.555498
1,0,0,1,139798.0,3.514506
1,0,0,2,139613.4,3.616382
1,0,0,4,139588.0,3.616773
1,0,0,8,139502.6,3.553888
1,0,1,1,141034.4,3.500286
1,0,1,2,85344.2,6.029734
1,0,1,4,85292.8,5.888941
1,0,1,8,85275.0,5.854725
1,0,1,1,140009.8,3.573897
1,0,1,2,85388.8,6.006353
1,0,1,4,85246.8,5.984479
1,0,1,8,85211.2,6.005605
1,1,0,1,137106.2,3.561771
1,1,0,2,137240.2,3.568202
1,1,0,4,136608.6,3.556668
1,1,0,8,137062.2,3.604242
1,1,0,1,139752.0,3.58518
1,1,0,2,139980.8,3.534245
1,1,0,4,139540.8,3.580361
1,1,0,8,139417.8,3.578591
1,1,1,1,141022.8,3.587
1,1,1,2,85044.8,5.971658
1,1,1,4,85216.8,5.976062
1,1,1,8,84719.0,5.994456
1,1,1,1,140861.8,3.634831
1,1,1,2,85183.6,5.94763
1,1,1,4,85270.6,5.973163
1,1,1,8,85015.0,6.09274
0,0,0,1,165892.8,3.546056
0,0,0,2,166220.8,3.545814
0,0,0,4,166218.4,3.574425
0,0,0,8,166092.2,3.553478
0,0,0,1,170438.4,3.488107
0,0,0,2,169860.8,3.502285
0,0,0,4,170666.6,3.503069
0,0,0,8,170139.8,3.527122
0,0,0,1,169858.4,3.650289
0,0,0,2,169958.8,3.47414
0,0,0,4,170062.8,3.540785
0,0,0,8,170450.2,3.538083
0,0,0,1,166074.2,3.618214
0,0,0,2,166170.4,3.551906
0,0,0,4,165938.6,3.577185
0,0,0,8,166196.0,3.467324
0,0,0,1,173529.0,3.526934
0,0,0,2,173713.0,3.500272
0,0,0,4,173994.4,3.424767
0,0,0,8,173491.2,3.685981
0,0,0,1,182585.2,3.487036
0,0,0,2,182536.8,3.500843
0,0,0,4,182105.0,3.52302
0,0,0,8,181719.0,3.582533
0,0,0,1,166466.6,3.626203
0,0,0,2,166254.8,3.531202
0,0,0,4,165988.0,3.525668
0,0,0,8,166338.6,3.493348
0,0,0,1,172368.6,3.513354
0,0,0,2,173061.2,3.560867
0,0,0,4,172039.2,3.5019
0,0,0,8,172303.2,3.516363
0,0,0,1,177367.2,3.497905
0,0,0,2,177693.6,3.511933
0,0,0,4,177485.0,3.478767
0,0,0,8,176829.0,3.505382
0,0,0,1,166047.2,3.502061
0,0,0,2,165748.0,3.581998
0,0,0,4,166729.8,3.52916
0,0,0,8,165986.2,3.517386
0,0,0,1,167960.0,3.551974
0,0,0,2,168279.2,3.551347
0,0,0,4,168721.2,3.692612
0,0,0,8,167904.6,3.497007
0,0,0,1,168071.4,3.509825
0,0,0,2,167868.6,3.61493
0,0,0,4,167773.6,3.491025
0,0,0,8,168035.4,3.423692
0,0,0,1,165711.0,3.535037
0,0,0,2,165895.6,3.558364
0,0,0,4,166428.2,3.522999
0,0,0,8,165853.2,3.525358
0,0,0,1,171298.0,3.534108
0,0,0,2,171338.6,3.536308
0,0,0,4,170865.4,3.551655
0,0,0,8,171806.0,3.48156
0,0,0,1,183752.8,3.453313
0,0,0,2,183695.4,3.586905
0,0,0,4,183765.6,3.586383
0,0,0,8,183158.2,3.526703
0,0,0,1,166281.4,3.553139
0,0,0,2,165752.4,3.519605
0,0,0,4,165919.8,3.552518
0,0,0,8,166507.4,3.504899
0,0,0,1,172560.2,3.53045
0,0,0,2,172596.6,3.483102
0,0,0,4,173117.0,3.53007
0,0,0,8,172612.2,3.502697
0,0,0,1,179441.0,3.528767
0,0,0,2,178982.0,3.494028
0,0,0,4,180435.2,3.516752
0,0,0,8,179988.4,3.509721
0,0,1,1,166777.6,3.510282
0,0,1,2,105042.4,5.599861
0,0,1,4,105109.6,5.665573
0,0,1,8,105039.6,5.567945
0,0,1,1,167992.6,3.494042
0,0,1,2,105187.8,5.598692
0,0,1,4,105340.2,5.638645
0,0,1,8,105244.6,5.674377
0,0,1,1,167935.4,3.552096
0,0,1,2,105243.6,5.576361
0,0,1,4,105505.8,5.661295
0,0,1,8,105574.6,5.648191
0,0,1,1,167371.4,3.587758
0,0,1,2,105226.0,5.641626
0,0,1,4,105132.8,5.628883
0,0,1,8,105363.2,5.592443
0,0,1,1,167831.2,3.520916
0,0,1,2,109141.2,5.502915
0,0,1,4,109084.6,5.482688
0,0,1,8,108972.2,5.668131
0,0,1,1,176199.2,3.44619
0,0,1,2,116962.8,5.300152
0,0,1,4,117218.4,5.275471
0,0,1,8,117072.4,5.346835
0,0,1,1,166256.8,3.510418
0,0,1,2,105447.8,5.675591
0,0,1,4,105159.2,5.732963
0,0,1,8,105327.8,5.64057
0,0,1,1,173999.0,3.507062
0,0,1,2,112536.4,5.529089
0,0,1,4,112728.2,5.521997
0,0,1,8,112411.8,5.557071
0,0,1,1,181586.4,3.626084
0,0,1,2,119106.6,5.476832
0,0,1,4,119555.8,5.326302
0,0,1,8,119344.0,5.396013
0,0,1,1,166541.2,3.569384
0,0,1,2,105142.4,5.583458
0,0,1,4,105062.4,5.629104
0,0,1,8,105230.8,5.691661
0,0,1,1,164476.8,3.572482
0,0,1,2,105349.2,5.607284
0,0,1,4,105611.6,5.637524
0,0,1,8,105254.4,5.710886
0,0,1,1,165121.4,3.546448
0,0,1,2,105337.2,5.64565
0,0,1,4,105263.8,5.657927
0,0,1,8,105376.0,5.64924
0,0,1,1,166896.4,3.561006
0,0,1,2,104996.4,5.652388
0,0,1,4,105087.4,5.575586
0,0,1,8,105132.2,5.650971
0,0,1,1,168772.6,3.591892
0,0,1,2,108810.6,5.454074
0,0,1,4,108811.2,5.521784
0,0,1,8,109048.0,5.430065
0,0,1,1,177772.0,3.584015
0,0,1,2,117167.4,5.356217
0,0,1,4,117032.8,5.334521
0,0,1,8,116608.6,5.343732
0,0,1,1,166203.4,3.514849
0,0,1,2,105094.8,5.653416
0,0,1,4,105041.8,5.642709
0,0,1,8,104883.8,5.583694
0,0,1,1,171741.2,3.47422
0,0,1,2,112913.0,5.463691
0,0,1,4,112532.2,5.530536
0,0,1,8,112691.8,5.510521
0,0,1,1,176082.4,3.4824
0,0,1,2,119615.2,5.385378
0,0,1,4,119402.8,5.409384
0,0,1,8,119057.6,5.335932
0,1,0,1,166043.0,3.560412
0,1,0,2,166240.4,3.529697
0,1,0,4,166116.4,3.595465
0,1,0,8,165605.4,3.542541
0,1,0,1,169981.6,3.528911
0,1,0,2,170709.8,3.503415
0,1,0,4,169782.8,3.59415
0,1,0,8,170271.6,3.519751
0,1,0,1,169650.4,3.549251
0,1,0,2,170567.2,3.557362
0,1,0,4,169997.2,3.507946
0,1,0,8,169396.2,3.619166
0,1,0,1,165164.8,3.509586
0,1,0,2,165412.2,3.522876
0,1,0,4,166016.4,3.49209
0,1,0,8,166414.6,3.494185
0,1,0,1,173676.8,3.602566
0,1,0,2,173502.8,3.497229
0,1,0,4,174108.2,3.545758
0,1,0,8,172986.6,3.521588
0,1,0,1,182803.2,3.490013
0,1,0,2,182565.4,3.494335
0,1,0,4,181957.0,3.4882
0,1,0,8,182489.2,3.496427
0,1,0,1,166127.6,3.603138
0,1,0,2,166098.8,3.551874
0,1,0,4,166106.0,3.490424
0,1,0,8,166374.4,3.568527
0,1,0,1,172295.4,3.542713
0,1,0,2,172093.0,3.547368
0,1,0,4,172553.6,3.522727
0,1,0,8,172469.4,3.484235
0,1,0,1,177331.8,3.499932
0,1,0,2,177431.8,3.509727
0,1,0,4,177078.2,3.544225
0,1,0,8,176989.8,3.521643
0,1,0,1,166171.4,3.526523
0,1,0,2,165669.4,3.555318
0,1,0,4,165867.8,3.531759
0,1,0,8,166217.4,3.50442
0,1,0,1,168317.0,3.54554
0,1,0,2,168795.4,3.556178
0,1,0,4,168455.2,3.465922
0,1,0,8,168462.0,3.554449
0,1,0,1,168138.0,3.562209
0,1,0,2,167867.0,3.504331
0,1,0,4,168304.6,3.536464
0,1,0,8,167882.0,3.537046
0,1,0,1,166384.6,3.567063
0,1,0,2,165842.4,3.556176
0,1,0,4,166232.6,3.509659
0,1,0,8,165580.0,3.458215
0,1,0,1,171118.8,3.548765
0,1,0,2,170665.0,3.506657
0,1,0,4,170843.8,3.53738
0,1,0,8,170797.8,3.469259
0,1,0,1,183375.2,3.472037
0,1,0,2,183795.2,3.506877
0,1,0,4,184044.4,3.495649
0,1,0,8,183916.0,3.448198
0,1,0,1,166152.2,3.511736
0,1,0,2,165850.4,3.580009
0,1,0,4,166368.2,3.55646
0,1,0,8,166241.8,3.554936
0,1,0,1,172844.2,3.526021
0,1,0,2,173219.4,3.524623
0,1,0,4,172320.4,3.538086
0,1,0,8,172877.8,3.533369
0,1,0,1,179861.0,3.499339
0,1,0,2,179459.6,3.487912
0,1,0,4,178611.6,3.490859
0,1,0,8,179019.8,3.485232
0,1,1,1,167358.0,3.507805
0,1,1,2,105021.2,5.658828
0,1,1,4,105131.2,5.677007
0,1,1,8,104780.6,5.658269
0,1,1,1,167745.6,3.567248
0,1,1,2,105547.4,5.660586
0,1,1,4,105362.4,5.677143
0,1,1,8,105684.2,5.659429
0,1,1,1,167114.2,3.514338
0,1,1,2,105350.2,5.674857
0,1,1,4,105487.6,5.657714
0,1,1,8,105482.8,5.670769
0,1,1,1,167345.2,3.541364
0,1,1,2,105022.2,5.665251
0,1,1,4,105456.6,5.627881
0,1,1,8,104887.8,5.718509
0,1,1,1,168712.0,3.539661
0,1,1,2,109132.0,5.480087
0,1,1,4,108972.4,5.517234
0,1,1,8,109081.0,5.46657
0,1,1,1,176591.6,3.462783
0,1,1,2,116942.2,5.301197
0,1,1,4,117350.2,5.295261
0,1,1,8,116743.4,5.30931
0,1,1,1,167498.4,3.491205
0,1,1,2,105178.4,5.839095
0,1,1,4,105103.2,5.697795
0,1,1,8,105119.4,5.590498
0,1,1,1,174626.0,3.473308
0,1,1,2,112293.2,5.422293
0,1,1,4,112457.2,5.640114
0,1,1,8,112360.4,5.515909
0,1,1,1,181375.0,3.492786
0,1,1,2,119320.8,5.399311
0,1,1,4,119460.6,5.414118
0,1,1,8,118968.8,5.395397
0,1,1,1,166101.4,3.558717
0,1,1,2,105234.4,5.658831
0,1,1,4,105209.8,5.597084
0,1,1,8,105250.0,5.608379
0,1,1,1,164778.0,3.552717
0,1,1,2,105420.2,5.752
0,1,1,4,105438.2,5.642154
0,1,1,8,105430.8,5.833361
0,1,1,1,164895.4,3.597212
0,1,1,2,105657.0,5.830095
0,1,1,4,105668.6,5.66786
0,1,1,8,105207.4,5.693269
0,1,1,1,166318.4,3.449577
0,1,1,2,105028.6,5.618269
0,1,1,4,105085.0,5.677375
0,1,1,8,104701.2,5.672901
0,1,1,1,169541.6,3.537372
0,1,1,2,108866.6,5.539672
0,1,1,4,108891.2,5.505743
0,1,1,8,109070.8,5.422995
0,1,1,1,177582.4,3.523909
0,1,1,2,117064.6,5.319222
0,1,1,4,117244.4,5.343174
0,1,1,8,117255.2,5.440871
0,1,1,1,166647.0,3.534939
0,1,1,2,105223.8,5.684191
0,1,1,4,104820.0,5.683846
0,1,1,8,105219.6,5.674627
0,1,1,1,171732.4,3.501104
0,1,1,2,112634.0,5.469037
0,1,1,4,112390.4,5.493351
0,1,1,8,112755.6,5.484242
0,1,1,1,175936.4,3.595955
0,1,1,2,119471.6,5.381601
0,1,1,4,119198.8,5.363084
0,1,1,8,119229.2,5.342572
